# Blender 5.1.0
# www.blender.org
mtllib Celosia Dining Chair.mtl
o Chair
v -0.125228 0.429737 -0.237500
v -0.132467 0.429737 -0.228026
v -0.141588 0.432960 -0.234994
v -0.134350 0.432960 -0.244468
v -0.213279 0.022315 -0.307272
v -0.222930 0.022314 -0.294640
v -0.235092 0.026612 -0.303932
v -0.225441 0.026612 -0.316564
v -0.204420 0.062022 -0.300504
v -0.214071 0.062022 -0.287872
v -0.226233 0.066319 -0.297164
v -0.216582 0.066319 -0.309796
v -0.194639 0.105864 -0.293031
v -0.204290 0.105864 -0.280399
v -0.216452 0.110161 -0.289691
v -0.206801 0.110161 -0.302323
v -0.184858 0.149706 -0.285558
v -0.194509 0.149706 -0.272926
v -0.206671 0.154003 -0.282218
v -0.197019 0.154003 -0.294850
v -0.175076 0.193548 -0.278085
v -0.184727 0.193548 -0.265453
v -0.196889 0.197845 -0.274745
v -0.187238 0.197845 -0.287377
v -0.165295 0.237391 -0.270612
v -0.174946 0.237391 -0.257980
v -0.187108 0.241688 -0.267271
v -0.177457 0.241688 -0.279903
v -0.155514 0.281233 -0.263139
v -0.165165 0.281233 -0.250507
v -0.177327 0.285530 -0.259798
v -0.167676 0.285530 -0.272430
v -0.145732 0.325075 -0.255666
v -0.155384 0.325075 -0.243034
v -0.167545 0.329372 -0.252325
v -0.157894 0.329372 -0.264957
v -0.135951 0.368917 -0.248193
v -0.145602 0.368917 -0.235561
v -0.157764 0.373214 -0.244852
v -0.148113 0.373214 -0.257484
v -0.126985 0.409106 -0.241342
v -0.136636 0.409106 -0.228710
v -0.148798 0.413403 -0.238002
v -0.139147 0.413403 -0.250634
v 0.126454 0.429737 -0.237500
v 0.133692 0.429737 -0.228026
v 0.142814 0.432960 -0.234994
v 0.135575 0.432960 -0.244468
v 0.214505 0.022315 -0.307272
v 0.224156 0.022314 -0.294640
v 0.236318 0.026612 -0.303932
v 0.226666 0.026612 -0.316564
v 0.205646 0.062022 -0.300504
v 0.215297 0.062022 -0.287872
v 0.227459 0.066319 -0.297164
v 0.217808 0.066319 -0.309796
v 0.195865 0.105864 -0.293031
v 0.205516 0.105864 -0.280399
v 0.217677 0.110161 -0.289691
v 0.208026 0.110161 -0.302323
v 0.186083 0.149706 -0.285558
v 0.195734 0.149706 -0.272926
v 0.207896 0.154003 -0.282218
v 0.198245 0.154003 -0.294850
v 0.176302 0.193548 -0.278085
v 0.185953 0.193548 -0.265453
v 0.198115 0.197845 -0.274745
v 0.188464 0.197845 -0.287377
v 0.166521 0.237391 -0.270612
v 0.176172 0.237391 -0.257980
v 0.188333 0.241688 -0.267271
v 0.178682 0.241688 -0.279904
v 0.156739 0.281233 -0.263139
v 0.166390 0.281233 -0.250507
v 0.178552 0.285530 -0.259798
v 0.168901 0.285530 -0.272430
v 0.146958 0.325075 -0.255666
v 0.156609 0.325075 -0.243034
v 0.168771 0.329372 -0.252325
v 0.159120 0.329372 -0.264957
v 0.137177 0.368917 -0.248193
v 0.146828 0.368917 -0.235561
v 0.158990 0.373214 -0.244852
v 0.149338 0.373214 -0.257484
v 0.128211 0.409106 -0.241342
v 0.137862 0.409106 -0.228710
v 0.150023 0.413403 -0.238002
v 0.140372 0.413403 -0.250634
v 0.000613 0.773476 -0.305329
v 0.000613 0.768296 -0.344324
v -0.089017 0.761386 -0.282922
v -0.101328 0.757401 -0.319719
v -0.231797 0.686714 -0.146816
v -0.268827 0.687288 -0.159390
v -0.240016 0.676390 -0.053830
v -0.278839 0.679774 -0.057288
v -0.243206 0.672084 0.160342
v -0.280940 0.682545 0.159018
v -0.242267 0.568927 0.170165
v -0.280702 0.562299 0.174310
v -0.238302 0.536699 0.090002
v -0.276754 0.529292 0.091168
v -0.232160 0.499314 -0.025242
v -0.270709 0.492953 -0.027287
v -0.223189 0.468355 -0.126301
v -0.260315 0.463954 -0.137543
v -0.231653 0.451327 -0.210226
v 0.000613 0.443757 -0.296067
v 0.000613 0.448973 -0.257271
v -0.241801 0.673668 0.064480
v -0.280303 0.681116 0.063813
v -0.080596 0.449031 -0.248631
v -0.090277 0.444479 -0.286131
v -0.242562 0.700619 -0.220162
v 0.000613 0.616941 -0.323413
v 0.000613 0.622811 -0.278780
v -0.246009 0.605150 0.077197
v -0.291488 0.605177 0.077503
v -0.246875 0.622322 0.165533
v -0.292420 0.624624 0.167221
v -0.240429 0.587887 -0.039313
v -0.285500 0.585977 -0.042427
v -0.272145 0.574832 -0.149025
v -0.229324 0.577796 -0.135751
v -0.083175 0.612330 -0.263882
v -0.096332 0.607623 -0.306494
v -0.239721 0.575600 -0.216852
v -0.283116 0.602148 0.212461
v -0.247605 0.606646 0.207235
v -0.280767 0.680637 0.204583
v -0.246150 0.671064 0.206576
v -0.287021 0.645175 0.213479
v -0.247911 0.642262 0.211613
v 0.102553 0.757401 -0.319719
v 0.089491 0.761778 -0.283342
v 0.270053 0.687287 -0.159390
v 0.232668 0.687006 -0.147622
v 0.280065 0.679774 -0.057288
v 0.241242 0.676391 -0.053830
v 0.282396 0.682545 0.159018
v 0.244663 0.672084 0.160342
v 0.281928 0.562299 0.174310
v 0.243492 0.568927 0.170165
v 0.277980 0.529292 0.091168
v 0.239527 0.536699 0.090002
v 0.271935 0.492567 -0.027287
v 0.233385 0.498927 -0.025242
v 0.261541 0.462408 -0.137543
v 0.224091 0.466644 -0.127116
v 0.232878 0.450940 -0.210226
v 0.202211 0.454387 -0.186884
v 0.281586 0.681116 0.063813
v 0.243085 0.673668 0.064480
v 0.091502 0.444479 -0.286131
v 0.080981 0.449012 -0.248868
v 0.243787 0.700619 -0.220162
v 0.213001 0.701658 -0.196594
v 0.292725 0.605177 0.077503
v 0.247246 0.605150 0.077197
v 0.293691 0.624624 0.167221
v 0.248146 0.622322 0.165533
v 0.286725 0.585899 -0.042427
v 0.241654 0.587810 -0.039313
v 0.230128 0.577519 -0.136517
v 0.273370 0.574523 -0.149025
v 0.097558 0.607623 -0.306494
v 0.083599 0.612589 -0.264201
v 0.240946 0.575522 -0.216852
v 0.205489 0.578282 -0.190029
v 0.248830 0.606646 0.207235
v 0.284342 0.602148 0.212461
v 0.247462 0.671064 0.206576
v 0.282079 0.680637 0.204583
v 0.249148 0.642262 0.211613
v 0.288258 0.645175 0.213479
v 0.189412 0.724902 -0.272195
v 0.176479 0.446880 -0.258685
v 0.183981 0.587255 -0.269396
v -0.157209 0.590828 -0.232652
v -0.153898 0.450453 -0.226190
v -0.182756 0.587255 -0.269396
v -0.175254 0.446880 -0.258685
v -0.188186 0.724902 -0.272195
v -0.165126 0.727642 -0.240853
v 0.000613 0.797835 -0.340770
v 0.000613 0.799995 -0.335880
v 0.000613 0.797799 -0.337660
v 0.000613 0.800466 -0.332346
v 0.000613 0.799899 -0.325315
v 0.000613 0.798783 -0.330289
v -0.099849 0.786967 -0.314998
v -0.098606 0.788943 -0.310298
v -0.098767 0.786841 -0.312109
v -0.097503 0.789299 -0.307006
v -0.094962 0.788538 -0.300531
v -0.096453 0.787588 -0.305248
v -0.260065 0.709413 -0.159152
v -0.255433 0.710748 -0.157351
v -0.257111 0.708886 -0.158286
v -0.252174 0.710645 -0.156312
v -0.245840 0.708734 -0.153787
v -0.250383 0.708602 -0.155996
v -0.253733 0.695629 -0.058150
v -0.260361 0.697923 -0.058657
v -0.258731 0.695774 -0.058659
v -0.263734 0.698325 -0.058969
v -0.268759 0.697420 -0.059564
v -0.265766 0.696612 -0.059312
v -0.255699 0.686311 0.158421
v -0.261770 0.689909 0.158422
v -0.260560 0.687481 0.158054
v -0.265031 0.691034 0.158229
v -0.270170 0.691177 0.157646
v -0.267402 0.689791 0.157700
v -0.269683 0.551439 0.174619
v -0.264514 0.551466 0.175019
v -0.266825 0.552445 0.173975
v -0.261212 0.552220 0.174600
v -0.254949 0.554815 0.172773
v -0.259919 0.554022 0.173108
v -0.250152 0.519708 0.093001
v -0.256483 0.516749 0.093807
v -0.255126 0.518937 0.093006
v -0.259786 0.515954 0.093930
v -0.264911 0.516148 0.093537
v -0.262021 0.517275 0.093260
v -0.244201 0.479037 -0.023228
v -0.250689 0.476340 -0.023096
v -0.249178 0.478520 -0.023612
v -0.254021 0.475689 -0.023260
v -0.259077 0.476137 -0.023963
v -0.256136 0.477162 -0.023952
v -0.235562 0.445146 -0.128550
v -0.241784 0.442817 -0.130688
v -0.240204 0.444973 -0.130571
v -0.245053 0.442394 -0.131596
v -0.249873 0.443187 -0.133285
v -0.246966 0.444042 -0.132581
v -0.223822 0.427493 -0.204458
v -0.219827 0.426493 -0.201287
v -0.221361 0.428233 -0.202743
v -0.217059 0.426858 -0.199279
v 0.000613 0.410954 -0.267754
v 0.000613 0.408545 -0.274362
v 0.000613 0.410726 -0.272789
v 0.000613 0.408087 -0.277742
v 0.000613 0.408911 -0.282836
v 0.000613 0.409770 -0.279844
v -0.254353 0.690672 0.061588
v -0.260702 0.693750 0.061490
v -0.259333 0.691414 0.061459
v -0.264025 0.694554 0.061414
v -0.269163 0.694254 0.061243
v -0.266268 0.693091 0.061303
v -0.083672 0.413925 -0.259826
v -0.085341 0.411615 -0.266236
v -0.084834 0.413769 -0.264710
v -0.086149 0.411204 -0.269533
v -0.087260 0.412097 -0.274492
v -0.086521 0.412911 -0.271592
v -0.230368 0.727247 -0.211069
v -0.233130 0.727195 -0.213070
v -0.236810 0.725628 -0.216321
v -0.234249 0.725282 -0.214604
v -0.261029 0.605170 0.211205
v -0.267359 0.603794 0.213435
v -0.265965 0.604535 0.211235
v -0.270559 0.603254 0.214016
v -0.275631 0.602879 0.213759
v -0.272781 0.603443 0.212476
v -0.258658 0.678447 0.208002
v -0.264716 0.681557 0.208505
v -0.263436 0.679569 0.206778
v -0.267838 0.682672 0.208204
v -0.272899 0.682908 0.206947
v -0.270185 0.681744 0.206351
v -0.277475 0.648922 0.215421
v -0.272575 0.648796 0.214804
v -0.274540 0.648629 0.213124
v -0.269743 0.648553 0.214527
v -0.263256 0.647800 0.214350
v -0.268252 0.648130 0.212451
v 0.095565 0.788853 -0.300910
v 0.098731 0.789288 -0.307017
v 0.097562 0.787608 -0.305364
v 0.099832 0.788943 -0.310298
v 0.101074 0.786967 -0.314998
v 0.099993 0.786841 -0.312109
v 0.246770 0.708998 -0.154470
v 0.253393 0.710657 -0.156302
v 0.251525 0.708695 -0.156099
v 0.256659 0.710748 -0.157351
v 0.261291 0.709413 -0.159152
v 0.258336 0.708886 -0.158286
v 0.269985 0.697420 -0.059564
v 0.264959 0.698325 -0.058969
v 0.266991 0.696612 -0.059312
v 0.261586 0.697923 -0.058657
v 0.254958 0.695629 -0.058150
v 0.259957 0.695774 -0.058659
v 0.271673 0.691177 0.157646
v 0.266533 0.691036 0.158228
v 0.268905 0.689791 0.157699
v 0.263272 0.689909 0.158422
v 0.257202 0.686311 0.158421
v 0.262063 0.687481 0.158054
v 0.256174 0.554815 0.172773
v 0.262437 0.552220 0.174600
v 0.261144 0.554022 0.173108
v 0.265740 0.551466 0.175020
v 0.270909 0.551439 0.174619
v 0.268051 0.552445 0.173975
v 0.266138 0.516148 0.093536
v 0.261012 0.515955 0.093932
v 0.263247 0.517275 0.093259
v 0.257709 0.516750 0.093809
v 0.251376 0.519708 0.093000
v 0.256350 0.518937 0.093005
v 0.260304 0.475673 -0.023965
v 0.255248 0.475227 -0.023253
v 0.257362 0.476696 -0.023956
v 0.251915 0.475879 -0.023088
v 0.245425 0.478572 -0.023229
v 0.250402 0.478055 -0.023616
v 0.251101 0.441331 -0.133284
v 0.246272 0.440536 -0.131603
v 0.248196 0.442187 -0.132578
v 0.242993 0.440949 -0.130686
v 0.236529 0.443126 -0.129232
v 0.241347 0.443047 -0.130672
v 0.213280 0.428528 -0.195019
v 0.218246 0.426361 -0.199273
v 0.216866 0.428502 -0.198426
v 0.221044 0.426027 -0.201303
v 0.225049 0.427029 -0.204455
v 0.222591 0.427771 -0.202734
v 0.270458 0.694254 0.061243
v 0.265320 0.694554 0.061414
v 0.267563 0.693091 0.061303
v 0.261996 0.693750 0.061490
v 0.255648 0.690672 0.061588
v 0.260628 0.691414 0.061459
v 0.088486 0.412097 -0.274491
v 0.087375 0.411204 -0.269533
v 0.087747 0.412911 -0.271592
v 0.086572 0.411625 -0.266247
v 0.084196 0.413865 -0.260024
v 0.085939 0.413797 -0.264791
v 0.238035 0.725628 -0.216321
v 0.234356 0.727195 -0.213070
v 0.235475 0.725282 -0.214604
v 0.231571 0.727281 -0.211044
v 0.226251 0.725751 -0.206800
v 0.229772 0.725386 -0.210296
v 0.276857 0.602879 0.213759
v 0.271784 0.603254 0.214016
v 0.274007 0.603443 0.212476
v 0.268584 0.603794 0.213435
v 0.262254 0.605170 0.211204
v 0.267190 0.604535 0.211235
v 0.274194 0.682908 0.206947
v 0.269131 0.682677 0.208202
v 0.271480 0.681745 0.206350
v 0.266010 0.681558 0.208508
v 0.259953 0.678446 0.208002
v 0.264730 0.679569 0.206779
v 0.264481 0.647800 0.214350
v 0.270969 0.648553 0.214527
v 0.269477 0.648130 0.212451
v 0.273800 0.648798 0.214804
v 0.278700 0.648922 0.215421
v 0.275765 0.648629 0.213124
v 0.170996 0.419588 -0.249785
v 0.168442 0.418583 -0.245364
v 0.169373 0.420332 -0.247232
v 0.166647 0.418961 -0.242469
v 0.181607 0.754298 -0.259223
v 0.183600 0.754141 -0.261997
v 0.186014 0.752438 -0.266263
v 0.184102 0.752192 -0.263822
v -0.184788 0.752438 -0.266263
v -0.182374 0.754141 -0.261997
v -0.182876 0.752192 -0.263822
v -0.180379 0.754331 -0.259190
v -0.175420 0.753609 -0.254325
v -0.178613 0.752627 -0.258090
v -0.161198 0.421008 -0.237265
v -0.165411 0.418929 -0.242430
v -0.164277 0.421058 -0.241230
v -0.167218 0.418584 -0.245360
v -0.169770 0.419588 -0.249786
v -0.168147 0.420331 -0.247234
v -0.218765 0.427818 -0.201000
v -0.217378 0.428891 -0.200003
v -0.232358 0.723827 -0.208861
v -0.230476 0.724204 -0.210089
v 0.169349 0.421930 -0.243141
v 0.170967 0.420777 -0.243216
v 0.185661 0.749799 -0.256500
v 0.182605 0.750815 -0.257756
v -0.209307 0.456301 -0.177385
v -0.203307 0.452703 -0.186640
v -0.206026 0.454958 -0.186675
v -0.200876 0.452040 -0.190239
v -0.193792 0.452895 -0.199438
v -0.201278 0.453889 -0.193390
v -0.205408 0.705593 -0.206853
v -0.212926 0.702681 -0.196571
v -0.212814 0.701173 -0.199984
v -0.215186 0.700859 -0.192857
v -0.220235 0.696333 -0.186321
v -0.217480 0.698070 -0.193111
v -0.213007 0.576460 -0.180039
v -0.206104 0.576892 -0.187658
v -0.209286 0.576587 -0.187818
v -0.203504 0.577407 -0.191259
v -0.196782 0.579409 -0.201307
v -0.204235 0.577516 -0.194572
v 0.183546 0.718292 -0.229914
v 0.174320 0.724701 -0.236462
v 0.176352 0.721791 -0.237533
v 0.171017 0.726784 -0.239258
v 0.156148 0.732912 -0.249753
v 0.169747 0.725390 -0.242555
v 0.144605 0.450135 -0.233347
v 0.158790 0.448878 -0.226976
v 0.158000 0.450837 -0.229963
v 0.162620 0.449096 -0.224873
v 0.172348 0.451263 -0.219333
v 0.165305 0.451201 -0.226007
v 0.175546 0.585446 -0.223962
v 0.165875 0.587905 -0.230266
v 0.168756 0.587331 -0.231527
v 0.162267 0.589009 -0.232725
v 0.148250 0.593790 -0.241003
v 0.161809 0.589343 -0.236120
v -0.205112 0.426627 -0.207997
v -0.213627 0.426067 -0.199212
v -0.212828 0.428093 -0.201011
v -0.215708 0.426685 -0.196162
v -0.220682 0.431002 -0.185377
v -0.216688 0.429185 -0.195433
v -0.233652 0.720211 -0.196298
v -0.229835 0.725119 -0.203778
v -0.230334 0.722383 -0.203209
v -0.227765 0.726594 -0.206962
v -0.218964 0.729677 -0.216883
v -0.226426 0.725022 -0.209029
v 0.179668 0.423142 -0.230776
v 0.170016 0.420092 -0.237783
v 0.171480 0.422575 -0.237504
v 0.166841 0.419722 -0.239451
v 0.151469 0.419994 -0.244561
v 0.165381 0.421878 -0.240692
v 0.166197 0.758952 -0.263386
v 0.182074 0.752727 -0.253280
v 0.180059 0.751272 -0.254845
v 0.185035 0.751052 -0.250921
v 0.193753 0.744268 -0.243006
v 0.185600 0.748266 -0.250567
v -0.256419 0.405217 0.244132
v -0.210409 0.409809 -0.152081
v -0.221451 0.456837 -0.155587
v -0.244076 0.462648 0.243597
v -0.258333 0.425875 0.255121
v -0.253893 0.445678 0.253554
v -0.223348 0.443656 -0.159411
v -0.217810 0.426890 -0.159005
v -0.195281 0.407518 0.260218
v -0.099306 0.409268 0.273401
v 0.000613 0.409737 0.276994
v 0.000613 0.411579 -0.248298
v -0.085357 0.411110 -0.238781
v -0.168038 0.410286 -0.204396
v -0.194883 0.482788 0.259274
v -0.102030 0.501231 0.272214
v 0.000613 0.506369 0.275807
v 0.000613 0.487737 -0.227105
v -0.099766 0.482517 -0.217587
v -0.184533 0.466860 -0.188902
v 0.000613 0.441569 0.310890
v -0.100590 0.440525 0.306579
v -0.193646 0.434917 0.289027
v 0.000613 0.473711 0.307955
v -0.100590 0.471234 0.303644
v -0.192988 0.460490 0.286391
v -0.173576 0.434277 -0.219041
v -0.090626 0.439551 -0.253231
v 0.000613 0.440669 -0.263906
v -0.182280 0.451487 -0.212321
v -0.098119 0.461098 -0.244862
v 0.000613 0.463876 -0.255538
v -0.232988 0.406747 -0.073075
v -0.259873 0.406673 0.046853
v -0.271453 0.405633 0.171465
v -0.232578 0.462886 -0.083717
v -0.253754 0.466985 0.043583
v -0.256846 0.466423 0.170614
v -0.285645 0.424369 0.172822
v -0.276066 0.424401 0.047911
v -0.248644 0.424560 -0.072219
v -0.276837 0.442948 0.171172
v -0.269777 0.442873 0.046018
v -0.245724 0.442193 -0.075815
v -0.207912 0.497592 0.172132
v -0.208035 0.500368 0.040571
v -0.189650 0.493507 -0.099827
v -0.108041 0.518975 0.174620
v -0.108661 0.522358 0.037583
v -0.101595 0.515004 -0.116656
v 0.000613 0.524714 0.175339
v 0.000613 0.528118 0.036962
v 0.000613 0.520772 -0.120921
v -0.174819 0.403450 -0.100295
v -0.193699 0.403110 0.042158
v -0.198182 0.402969 0.172712
v -0.086072 0.403009 -0.120518
v -0.092338 0.402592 0.038684
v -0.094383 0.402763 0.175253
v 0.000613 0.403379 -0.124783
v 0.000613 0.402961 0.038062
v 0.000613 0.403131 0.175971
v 0.257645 0.405217 0.244132
v 0.211634 0.409809 -0.152081
v 0.222676 0.456837 -0.155587
v 0.245302 0.462648 0.243597
v 0.259559 0.425875 0.255121
v 0.255119 0.445678 0.253554
v 0.224573 0.443656 -0.159411
v 0.219035 0.426890 -0.159006
v 0.196507 0.407518 0.260218
v 0.100531 0.409268 0.273401
v 0.086582 0.411110 -0.238781
v 0.169263 0.410286 -0.204396
v 0.196109 0.482788 0.259274
v 0.103255 0.501231 0.272214
v 0.100991 0.482517 -0.217587
v 0.185758 0.466860 -0.188902
v 0.101816 0.440525 0.306579
v 0.194871 0.434917 0.289027
v 0.101816 0.471234 0.303644
v 0.194213 0.460490 0.286391
v 0.174802 0.434277 -0.219041
v 0.091852 0.439551 -0.253231
v 0.183505 0.451487 -0.212321
v 0.099345 0.461098 -0.244862
v 0.234214 0.406747 -0.073075
v 0.261099 0.406673 0.046853
v 0.272679 0.405633 0.171465
v 0.233803 0.462886 -0.083717
v 0.254980 0.466985 0.043583
v 0.258072 0.466423 0.170614
v 0.286870 0.424369 0.172822
v 0.277292 0.424401 0.047911
v 0.249869 0.424560 -0.072219
v 0.278062 0.442948 0.171172
v 0.271003 0.442873 0.046018
v 0.246949 0.442193 -0.075815
v 0.209138 0.497592 0.172132
v 0.209260 0.500368 0.040571
v 0.190875 0.493507 -0.099827
v 0.109266 0.518975 0.174620
v 0.109887 0.522358 0.037583
v 0.102821 0.515004 -0.116656
v 0.176045 0.403450 -0.100294
v 0.194924 0.403110 0.042158
v 0.199408 0.402969 0.172712
v 0.087297 0.403010 -0.120518
v 0.093564 0.402592 0.038684
v 0.095608 0.402763 0.175253
v -0.276796 0.648758 0.217606
v -0.274246 0.648758 0.214579
v -0.271220 0.648864 0.217129
v -0.273770 0.648864 0.220156
v -0.259325 0.468584 -0.026472
v -0.244801 0.468029 -0.025016
v -0.243843 0.481959 -0.029319
v -0.258367 0.482513 -0.030776
v -0.241325 0.434104 -0.141485
v -0.227529 0.434354 -0.136927
v -0.226746 0.448501 -0.140381
v -0.240542 0.448251 -0.144939
v 0.000613 0.407327 -0.273795
v 0.000613 0.409038 -0.263072
v 0.000613 0.419863 -0.264768
v 0.000613 0.418152 -0.275491
v -0.160518 0.412114 -0.236179
v -0.153600 0.414040 -0.223525
v -0.153524 0.428461 -0.225857
v -0.160442 0.426535 -0.238510
v -0.090450 0.405802 -0.262211
v -0.086940 0.408041 -0.248235
v -0.087000 0.422468 -0.250546
v -0.090510 0.420229 -0.264523
v -0.280948 0.603515 0.217839
v -0.274309 0.607590 0.208370
v -0.265162 0.606932 0.214966
v -0.270905 0.605204 0.225316
v -0.279998 0.621750 0.218381
v -0.274019 0.621784 0.211259
v -0.266897 0.622039 0.217244
v -0.272876 0.622014 0.224375
v -0.279083 0.632590 0.218110
v -0.274136 0.632590 0.212240
v -0.268268 0.632797 0.217185
v -0.273215 0.632797 0.223055
v -0.278237 0.642102 0.217856
v -0.274243 0.642102 0.213117
v -0.269506 0.642269 0.217109
v -0.273499 0.642269 0.221848
v -0.275865 0.401758 0.236203
v -0.262320 0.401758 0.233149
v -0.259291 0.403506 0.246586
v -0.272836 0.403506 0.249640
v -0.277069 0.441838 0.231186
v -0.263386 0.441838 0.228102
v -0.260326 0.443604 0.241675
v -0.274009 0.443604 0.244760
v -0.278311 0.482815 0.226050
v -0.264467 0.482815 0.222929
v -0.261371 0.484602 0.236662
v -0.275215 0.484602 0.239783
v -0.279464 0.520839 0.221283
v -0.265471 0.520839 0.218128
v -0.262342 0.522646 0.232010
v -0.276335 0.522646 0.235165
v -0.279984 0.545367 0.218115
v -0.265894 0.545368 0.215292
v -0.262952 0.547129 0.229040
v -0.277002 0.547124 0.232091
v -0.280056 0.565426 0.210655
v -0.263789 0.564684 0.210110
v -0.263306 0.572278 0.224689
v -0.278058 0.571036 0.227495
v -0.267201 0.519330 0.119452
v -0.252690 0.518867 0.121061
v -0.251655 0.532418 0.115704
v -0.266166 0.532881 0.114095
v -0.271332 0.536158 0.157549
v -0.256847 0.535822 0.159423
v -0.255710 0.548892 0.153244
v -0.270195 0.549228 0.151370
v -0.261370 0.480636 0.010097
v -0.246807 0.479909 0.011019
v -0.245829 0.493752 0.006445
v -0.260392 0.494479 0.005523
v -0.262749 0.492753 0.046005
v -0.248179 0.491992 0.046821
v -0.247198 0.505817 0.042193
v -0.261768 0.506578 0.041377
v -0.264366 0.505185 0.082087
v -0.249808 0.504484 0.083061
v -0.248816 0.518254 0.078287
v -0.263374 0.518955 0.077313
v -0.249412 0.445706 -0.102594
v -0.235053 0.445403 -0.100083
v -0.234150 0.459431 -0.103973
v -0.248509 0.459735 -0.106485
v -0.254702 0.457167 -0.064399
v -0.240234 0.456765 -0.062408
v -0.239304 0.470773 -0.066441
v -0.253772 0.471175 -0.068432
v -0.221417 0.424520 -0.179002
v -0.209097 0.425454 -0.171687
v -0.208582 0.439743 -0.174606
v -0.220901 0.438809 -0.181921
v -0.121392 0.407955 -0.252490
v -0.116625 0.410110 -0.238864
v -0.116490 0.424524 -0.241230
v -0.121257 0.422368 -0.254856
v -0.140526 0.409793 -0.245620
v -0.135188 0.411886 -0.232211
v -0.135030 0.426298 -0.234582
v -0.140369 0.424204 -0.247990
v -0.192059 0.417125 -0.212154
v -0.182948 0.418793 -0.201163
v -0.182850 0.433199 -0.203561
v -0.191961 0.431531 -0.214552
v 0.000613 0.405252 -0.273436
v 0.000613 0.407533 -0.259139
v 0.000613 0.421966 -0.261401
v 0.000613 0.419685 -0.275698
v -0.033069 0.405270 -0.270952
v -0.031422 0.407552 -0.256655
v -0.031670 0.421985 -0.258917
v -0.033317 0.419704 -0.273214
v -0.057345 0.405295 -0.268025
v -0.055112 0.407571 -0.253777
v -0.055369 0.422004 -0.256047
v -0.057602 0.419727 -0.270295
v -0.275792 0.555581 0.190162
v -0.261393 0.555502 0.192113
v -0.259752 0.566918 0.183448
v -0.274134 0.567019 0.181263
v -0.261715 0.582126 0.203214
v -0.277372 0.585195 0.199990
v -0.266172 0.040885 0.280642
v -0.252009 0.040885 0.277449
v -0.248841 0.042713 0.291500
v -0.263005 0.042713 0.294693
v -0.267269 0.082072 0.275577
v -0.253192 0.082072 0.272403
v -0.250043 0.083889 0.286368
v -0.264121 0.083889 0.289542
v -0.268359 0.123004 0.270542
v -0.254367 0.123004 0.267388
v -0.251238 0.124810 0.281268
v -0.265230 0.124810 0.284422
v -0.269438 0.163526 0.265558
v -0.255531 0.163526 0.262423
v -0.252421 0.165321 0.276219
v -0.266328 0.165321 0.279354
v -0.270509 0.203752 0.260610
v -0.256686 0.203752 0.257494
v -0.253595 0.205537 0.271207
v -0.267418 0.205537 0.274323
v -0.271574 0.243747 0.255691
v -0.257835 0.243747 0.252594
v -0.254762 0.245521 0.266223
v -0.268501 0.245521 0.269321
v -0.272634 0.283551 0.250795
v -0.258978 0.283551 0.247717
v -0.255924 0.285314 0.261264
v -0.269580 0.285314 0.264342
v -0.273690 0.323193 0.245919
v -0.260117 0.323193 0.242859
v -0.257081 0.324945 0.256324
v -0.270654 0.324945 0.259384
v -0.274751 0.362602 0.241065
v -0.261241 0.362602 0.238019
v -0.258220 0.364346 0.251421
v -0.271729 0.364346 0.254467
v 0.278022 0.648758 0.217606
v 0.275471 0.648758 0.214579
v 0.272445 0.648864 0.217129
v 0.274996 0.648864 0.220156
v 0.260550 0.468584 -0.026472
v 0.246027 0.468029 -0.025016
v 0.245069 0.481959 -0.029319
v 0.259592 0.482513 -0.030776
v 0.242550 0.434104 -0.141485
v 0.228754 0.434354 -0.136927
v 0.227971 0.448501 -0.140381
v 0.241767 0.448251 -0.144939
v 0.161744 0.412114 -0.236179
v 0.154826 0.414040 -0.223525
v 0.154749 0.428461 -0.225857
v 0.161668 0.426535 -0.238510
v 0.276514 0.382351 0.238628
v 0.263026 0.382351 0.235587
v 0.260010 0.384092 0.248968
v 0.273498 0.384092 0.252008
v 0.282173 0.603515 0.217839
v 0.275535 0.607590 0.208370
v 0.266387 0.606932 0.214966
v 0.272131 0.605204 0.225316
v 0.281224 0.621750 0.218381
v 0.275244 0.621784 0.211259
v 0.268123 0.622039 0.217244
v 0.274102 0.622014 0.224375
v 0.280308 0.632590 0.218110
v 0.275362 0.632590 0.212240
v 0.269494 0.632797 0.217185
v 0.274440 0.632797 0.223055
v 0.279462 0.642102 0.217856
v 0.275469 0.642102 0.213117
v 0.270731 0.642269 0.217109
v 0.274725 0.642269 0.221848
v 0.277684 0.421729 0.233707
v 0.264081 0.421729 0.230640
v 0.261039 0.423484 0.244135
v 0.274642 0.423484 0.247202
v 0.278913 0.462240 0.228629
v 0.265150 0.462240 0.225526
v 0.262072 0.464016 0.239179
v 0.275835 0.464016 0.242282
v 0.280165 0.503522 0.223454
v 0.266240 0.503522 0.220314
v 0.263125 0.505320 0.234129
v 0.277051 0.505320 0.237268
v 0.281104 0.541896 0.218550
v 0.267028 0.541897 0.215730
v 0.264089 0.543656 0.229465
v 0.278126 0.543651 0.232513
v 0.281281 0.565426 0.210655
v 0.265015 0.564684 0.210110
v 0.264531 0.572278 0.224689
v 0.279283 0.571036 0.227495
v 0.268427 0.519330 0.119452
v 0.253916 0.518867 0.121061
v 0.252880 0.532418 0.115704
v 0.267391 0.532881 0.114095
v 0.272558 0.536158 0.157549
v 0.258073 0.535822 0.159423
v 0.256935 0.548892 0.153244
v 0.271420 0.549228 0.151370
v 0.262595 0.480636 0.010097
v 0.248032 0.479909 0.011019
v 0.247055 0.493752 0.006445
v 0.261617 0.494479 0.005523
v 0.263975 0.492753 0.046005
v 0.249405 0.491992 0.046821
v 0.248424 0.505817 0.042193
v 0.262993 0.506578 0.041377
v 0.265592 0.505185 0.082087
v 0.251034 0.504484 0.083061
v 0.250042 0.518254 0.078287
v 0.264600 0.518955 0.077313
v 0.250637 0.445706 -0.102594
v 0.236278 0.445403 -0.100083
v 0.235375 0.459431 -0.103973
v 0.249734 0.459735 -0.106485
v 0.255928 0.457167 -0.064399
v 0.241459 0.456765 -0.062408
v 0.240529 0.470773 -0.066441
v 0.254998 0.471175 -0.068432
v 0.222642 0.424520 -0.179002
v 0.210323 0.425454 -0.171687
v 0.209808 0.439743 -0.174606
v 0.222127 0.438809 -0.181921
v 0.108707 0.406961 -0.256795
v 0.104196 0.409131 -0.243120
v 0.104101 0.423547 -0.245478
v 0.108612 0.421377 -0.259153
v 0.139060 0.409546 -0.246586
v 0.133722 0.411642 -0.233177
v 0.133565 0.426054 -0.235547
v 0.138903 0.423958 -0.248956
v 0.193284 0.417125 -0.212154
v 0.184174 0.418793 -0.201163
v 0.184076 0.433199 -0.203561
v 0.193186 0.431531 -0.214552
v 0.037293 0.405274 -0.270538
v 0.035646 0.407555 -0.256241
v 0.035894 0.421988 -0.258503
v 0.037541 0.419707 -0.272800
v 0.073399 0.405529 -0.265360
v 0.070916 0.407789 -0.251188
v 0.071135 0.422219 -0.253469
v 0.073618 0.419959 -0.267641
v 0.277017 0.555581 0.190162
v 0.262618 0.555502 0.192113
v 0.260977 0.566918 0.183448
v 0.275360 0.567019 0.181263
v 0.262940 0.582126 0.203214
v 0.278598 0.585195 0.199990
v 0.267054 0.027969 0.282231
v 0.252863 0.027969 0.279032
v 0.249690 0.029801 0.293110
v 0.263880 0.029801 0.296309
v 0.267974 0.062537 0.277979
v 0.253856 0.062537 0.274797
v 0.250699 0.064359 0.288803
v 0.264817 0.064359 0.291985
v 0.269041 0.102600 0.273052
v 0.255007 0.102600 0.269888
v 0.251868 0.104412 0.283811
v 0.265903 0.104412 0.286974
v 0.270125 0.143307 0.268045
v 0.256176 0.143307 0.264900
v 0.253056 0.145108 0.278738
v 0.267006 0.145108 0.281883
v 0.271200 0.183671 0.263080
v 0.257335 0.183671 0.259954
v 0.254234 0.185461 0.273709
v 0.268099 0.185461 0.276835
v 0.272268 0.223776 0.258147
v 0.258487 0.223776 0.255041
v 0.255405 0.225555 0.268712
v 0.269186 0.225555 0.271819
v 0.273330 0.263671 0.253240
v 0.259633 0.263671 0.250152
v 0.256570 0.265439 0.263741
v 0.270267 0.265439 0.266829
v 0.274388 0.303391 0.248355
v 0.260774 0.303391 0.245286
v 0.257729 0.305148 0.258792
v 0.271343 0.305148 0.261861
v 0.275441 0.342960 0.243488
v 0.261910 0.342960 0.240438
v 0.258884 0.344707 0.253861
v 0.272415 0.344707 0.256912
v -0.261602 0.393302 0.234259
v -0.261649 0.393302 0.244624
v -0.261649 0.403668 0.244624
v -0.261602 0.403668 0.234259
v 0.267773 0.393302 0.236665
v 0.267726 0.393302 0.247031
v 0.267726 0.403668 0.247031
v 0.267773 0.403668 0.236665
v -0.243282 0.391574 0.232614
v -0.243345 0.391574 0.246435
v -0.243345 0.405395 0.246435
v -0.243282 0.405395 0.232614
v -0.206659 0.391574 0.232781
v -0.206721 0.391574 0.246602
v -0.206721 0.405395 0.246602
v -0.206659 0.405395 0.232781
v -0.166706 0.391574 0.232963
v -0.166769 0.391574 0.246783
v -0.166769 0.405395 0.246783
v -0.166706 0.405395 0.232963
v -0.126753 0.391574 0.233144
v -0.126816 0.391574 0.246965
v -0.126816 0.405395 0.246965
v -0.126753 0.405395 0.233144
v -0.086800 0.391574 0.233326
v -0.086863 0.391574 0.247147
v -0.086863 0.405395 0.247147
v -0.086800 0.405395 0.233326
v -0.046847 0.391574 0.233507
v -0.046910 0.391574 0.247328
v -0.046910 0.405395 0.247328
v -0.046847 0.405395 0.233507
v -0.006895 0.391574 0.233689
v -0.006957 0.391574 0.247510
v -0.006957 0.405395 0.247510
v -0.006895 0.405395 0.233689
v 0.033058 0.391574 0.233871
v 0.032995 0.391574 0.247691
v 0.032995 0.405395 0.247691
v 0.033058 0.405395 0.233871
v 0.073011 0.391574 0.234052
v 0.072948 0.391574 0.247873
v 0.072948 0.405395 0.247873
v 0.073011 0.405395 0.234052
v 0.112964 0.391574 0.234234
v 0.112901 0.391574 0.248055
v 0.112901 0.405395 0.248055
v 0.112964 0.405395 0.234234
v 0.152917 0.391574 0.234415
v 0.152854 0.391574 0.248236
v 0.152854 0.405395 0.248236
v 0.152917 0.405395 0.234415
v 0.192870 0.391574 0.234597
v 0.192807 0.391574 0.248418
v 0.192807 0.405395 0.248418
v 0.192870 0.405395 0.234597
v 0.229493 0.391574 0.234763
v 0.229430 0.391574 0.248584
v 0.229430 0.405395 0.248584
v 0.229493 0.405395 0.234763
v 0.252799 0.391574 0.234869
v 0.252736 0.391574 0.248690
v 0.252736 0.405395 0.248690
v 0.252799 0.405395 0.234869
v -0.135401 0.393955 -0.247026
v -0.146852 0.393955 -0.243706
v -0.146843 0.405878 -0.243676
v -0.135392 0.405878 -0.246996
v 0.007569 0.392596 0.234166
v -0.003882 0.392596 0.237486
v -0.003873 0.404519 0.237516
v 0.007578 0.404519 0.234197
v -0.127669 0.391913 -0.227492
v -0.142937 0.391913 -0.223066
v -0.142925 0.407810 -0.223026
v -0.127657 0.407810 -0.227452
v -0.116019 0.391802 -0.187308
v -0.131288 0.391802 -0.182882
v -0.131276 0.407699 -0.182841
v -0.116008 0.407699 -0.187267
v -0.103311 0.391681 -0.143470
v -0.118579 0.391681 -0.139044
v -0.118567 0.407578 -0.139004
v -0.103299 0.407578 -0.143430
v -0.090603 0.391560 -0.099633
v -0.105871 0.391560 -0.095207
v -0.105859 0.407457 -0.095166
v -0.090591 0.407457 -0.099592
v -0.077894 0.391440 -0.055795
v -0.093162 0.391440 -0.051369
v -0.093151 0.407336 -0.051329
v -0.077882 0.407336 -0.055755
v -0.065186 0.391319 -0.011958
v -0.080454 0.391319 -0.007532
v -0.080442 0.407216 -0.007491
v -0.065174 0.407216 -0.011918
v -0.052477 0.391198 0.031880
v -0.067746 0.391198 0.036306
v -0.067734 0.407095 0.036346
v -0.052466 0.407095 0.031920
v -0.039769 0.391077 0.075717
v -0.055037 0.391077 0.080143
v -0.055025 0.406974 0.080184
v -0.039757 0.406974 0.075757
v -0.027061 0.390956 0.119554
v -0.042329 0.390956 0.123981
v -0.042317 0.406853 0.124021
v -0.027049 0.406853 0.119595
v -0.014352 0.390836 0.163392
v -0.029620 0.390835 0.167818
v -0.029609 0.406732 0.167859
v -0.014340 0.406732 0.163432
v -0.002703 0.390725 0.201580
v -0.017971 0.390725 0.206006
v -0.017959 0.406622 0.206046
v -0.002691 0.406622 0.201620
v 0.004710 0.390654 0.219165
v -0.010558 0.390654 0.223592
v -0.010546 0.406551 0.223632
v 0.004722 0.406551 0.219206
v 0.136626 0.393955 -0.247026
v 0.148077 0.393955 -0.243706
v 0.148068 0.405878 -0.243676
v 0.136617 0.405878 -0.246996
v -0.006344 0.392596 0.234166
v 0.005108 0.392596 0.237486
v 0.005099 0.404519 0.237516
v -0.006352 0.404519 0.234197
v 0.128894 0.391913 -0.227492
v 0.144163 0.391913 -0.223066
v 0.144151 0.407810 -0.223026
v 0.128883 0.407810 -0.227452
v 0.117245 0.391802 -0.187308
v 0.132513 0.391802 -0.182882
v 0.132501 0.407699 -0.182841
v 0.117233 0.407699 -0.187267
v 0.104537 0.391681 -0.143470
v 0.119805 0.391681 -0.139044
v 0.119793 0.407578 -0.139004
v 0.104525 0.407578 -0.143430
v 0.091828 0.391560 -0.099633
v 0.107096 0.391560 -0.095207
v 0.107085 0.407457 -0.095166
v 0.091816 0.407457 -0.099592
v 0.079120 0.391440 -0.055795
v 0.094388 0.391440 -0.051369
v 0.094376 0.407336 -0.051329
v 0.079108 0.407336 -0.055755
v 0.066411 0.391319 -0.011958
v 0.081680 0.391319 -0.007532
v 0.081668 0.407216 -0.007491
v 0.066400 0.407216 -0.011918
v 0.053703 0.391198 0.031880
v 0.068971 0.391198 0.036306
v 0.068959 0.407095 0.036346
v 0.053691 0.407095 0.031920
v 0.040995 0.391077 0.075717
v 0.056263 0.391077 0.080143
v 0.056251 0.406974 0.080184
v 0.040983 0.406974 0.075757
v 0.028286 0.390956 0.119554
v 0.043554 0.390956 0.123981
v 0.043543 0.406853 0.124021
v 0.028274 0.406853 0.119595
v 0.015578 0.390836 0.163392
v 0.030846 0.390836 0.167818
v 0.030834 0.406732 0.167859
v 0.015566 0.406732 0.163432
v 0.003928 0.390725 0.201580
v 0.019197 0.390725 0.206006
v 0.019185 0.406622 0.206046
v 0.003917 0.406622 0.201620
v -0.003485 0.390654 0.219165
v 0.011783 0.390654 0.223592
v 0.011772 0.406551 0.223632
v -0.003497 0.406551 0.219206
v -0.217950 0.002005 -0.310718
v -0.223345 -0.002683 -0.311019
v -0.219852 -0.002500 -0.311383
v -0.227483 0.002005 -0.298241
v -0.229191 -0.002683 -0.303367
v -0.228624 -0.002500 -0.299902
v -0.239495 0.006249 -0.307419
v -0.236558 -0.000080 -0.308996
v -0.239679 0.001405 -0.308347
v -0.230712 -0.000080 -0.316648
v -0.229962 0.006249 -0.319896
v -0.230907 0.001405 -0.319829
v 0.224570 -0.002683 -0.311019
v 0.219176 0.002005 -0.310718
v 0.221078 -0.002500 -0.311383
v 0.230417 -0.002683 -0.303367
v 0.228708 0.002005 -0.298241
v 0.229850 -0.002500 -0.299902
v 0.237784 -0.000080 -0.308996
v 0.240721 0.006249 -0.307419
v 0.240904 0.001405 -0.308347
v 0.231188 0.006249 -0.319896
v 0.231938 -0.000080 -0.316648
v 0.232132 0.001405 -0.319829
v -0.261474 -0.001921 0.288177
v -0.265149 0.006826 0.284906
v -0.264181 -0.001344 0.286389
v -0.253020 -0.001921 0.286271
v -0.251104 0.006826 0.281740
v -0.251341 -0.001344 0.283494
v -0.251129 -0.000829 0.294657
v -0.247963 0.008639 0.295673
v -0.248470 0.000313 0.296232
v -0.262008 0.008639 0.298839
v -0.259583 -0.000829 0.296563
v -0.261310 0.000313 0.299127
v 0.266311 0.004458 0.285197
v 0.262699 -0.001921 0.288177
v 0.265407 -0.001344 0.286389
v 0.252262 0.004458 0.282030
v 0.254246 -0.001921 0.286271
v 0.252567 -0.001344 0.283494
v 0.249120 0.006271 0.295968
v 0.252355 -0.000829 0.294657
v 0.249695 0.000313 0.296232
v 0.260809 -0.000829 0.296563
v 0.263169 0.006271 0.299135
v 0.262535 0.000313 0.299127
v -0.128728 0.432550 -0.241817
v -0.138700 0.434514 -0.240290
v -0.137553 0.432550 -0.230267
v -0.127580 0.430585 -0.231794
v -0.215824 0.021509 -0.299214
v -0.230821 0.024463 -0.296918
v -0.232547 0.027417 -0.311990
v -0.217550 0.024463 -0.314287
v -0.209196 0.040618 -0.304153
v -0.206966 0.061216 -0.292446
v -0.218847 0.040618 -0.291520
v -0.221962 0.064170 -0.290149
v -0.231008 0.044915 -0.300812
v -0.223688 0.067125 -0.305222
v -0.221357 0.044915 -0.313444
v -0.208692 0.064170 -0.307518
v -0.199530 0.083943 -0.296768
v -0.197184 0.105058 -0.284973
v -0.209181 0.083943 -0.284136
v -0.212181 0.108013 -0.282676
v -0.221342 0.088240 -0.293427
v -0.213907 0.110967 -0.297749
v -0.211691 0.088240 -0.306059
v -0.198910 0.108013 -0.300045
v -0.189748 0.127785 -0.289294
v -0.187403 0.148900 -0.277500
v -0.199399 0.127785 -0.276662
v -0.202399 0.151855 -0.275203
v -0.211561 0.132082 -0.285954
v -0.204125 0.154809 -0.290276
v -0.201910 0.132082 -0.298586
v -0.189129 0.151855 -0.292572
v -0.179967 0.171627 -0.281821
v -0.177622 0.192743 -0.270027
v -0.189618 0.171627 -0.269189
v -0.192618 0.195697 -0.267730
v -0.201780 0.175924 -0.278481
v -0.194344 0.198651 -0.282803
v -0.192129 0.175924 -0.291113
v -0.179348 0.195697 -0.285099
v -0.170186 0.215469 -0.274348
v -0.167840 0.236585 -0.262554
v -0.179837 0.215469 -0.261716
v -0.182837 0.239539 -0.260257
v -0.191999 0.219767 -0.271008
v -0.184563 0.242493 -0.275330
v -0.182347 0.219767 -0.283640
v -0.169566 0.239539 -0.277626
v -0.160404 0.259312 -0.266875
v -0.158059 0.280427 -0.255080
v -0.170055 0.259312 -0.254243
v -0.173055 0.283381 -0.252784
v -0.182217 0.263609 -0.263535
v -0.174781 0.286336 -0.267857
v -0.172566 0.263609 -0.276167
v -0.159785 0.283381 -0.270153
v -0.150623 0.303154 -0.259402
v -0.148278 0.324269 -0.247607
v -0.160274 0.303154 -0.246770
v -0.163274 0.327223 -0.245311
v -0.172436 0.307451 -0.256062
v -0.165000 0.330178 -0.260384
v -0.162785 0.307451 -0.268694
v -0.150004 0.327223 -0.262680
v -0.140842 0.346996 -0.251929
v -0.138496 0.368111 -0.240134
v -0.150493 0.346996 -0.239297
v -0.153493 0.371066 -0.237838
v -0.162655 0.351293 -0.248589
v -0.155219 0.374020 -0.252910
v -0.153004 0.351293 -0.261221
v -0.140222 0.371066 -0.255207
v -0.131162 0.390381 -0.244534
v -0.129530 0.408300 -0.233284
v -0.140813 0.390382 -0.231902
v -0.144526 0.411254 -0.230988
v -0.152975 0.394679 -0.241194
v -0.146253 0.414209 -0.246060
v -0.143324 0.394679 -0.253826
v -0.131256 0.411254 -0.248357
v -0.124448 0.422662 -0.238976
v -0.133686 0.422662 -0.226885
v -0.145327 0.426775 -0.235778
v -0.136089 0.426775 -0.247870
v 0.129954 0.432550 -0.241817
v 0.139926 0.434514 -0.240290
v 0.138778 0.432550 -0.230267
v 0.128806 0.430585 -0.231794
v 0.217050 0.021509 -0.299214
v 0.232046 0.024463 -0.296918
v 0.233772 0.027417 -0.311990
v 0.218776 0.024463 -0.314287
v 0.210421 0.040618 -0.304152
v 0.208191 0.061216 -0.292446
v 0.220072 0.040618 -0.291521
v 0.223187 0.064170 -0.290149
v 0.232234 0.044915 -0.300812
v 0.224914 0.067125 -0.305222
v 0.222583 0.044915 -0.313444
v 0.209917 0.064170 -0.307518
v 0.200755 0.083943 -0.296768
v 0.198410 0.105058 -0.284973
v 0.210406 0.083943 -0.284136
v 0.213406 0.108013 -0.282676
v 0.222568 0.088240 -0.293427
v 0.215132 0.110967 -0.297749
v 0.212917 0.088240 -0.306059
v 0.200136 0.108013 -0.300045
v 0.190974 0.127785 -0.289294
v 0.188629 0.148900 -0.277500
v 0.200625 0.127785 -0.276662
v 0.203625 0.151855 -0.275203
v 0.212787 0.132082 -0.285954
v 0.205351 0.154809 -0.290276
v 0.203136 0.132082 -0.298586
v 0.190355 0.151855 -0.292572
v 0.181193 0.171627 -0.281821
v 0.178847 0.192743 -0.270027
v 0.190844 0.171627 -0.269189
v 0.193843 0.195697 -0.267730
v 0.203005 0.175924 -0.278481
v 0.195570 0.198651 -0.282803
v 0.193354 0.175924 -0.291113
v 0.180573 0.195697 -0.285099
v 0.171411 0.215469 -0.274348
v 0.169066 0.236585 -0.262554
v 0.181062 0.215469 -0.261716
v 0.184062 0.239539 -0.260257
v 0.193224 0.219767 -0.271008
v 0.185788 0.242493 -0.275330
v 0.183573 0.219767 -0.283640
v 0.170792 0.239539 -0.277626
v 0.161630 0.259312 -0.266875
v 0.159285 0.280427 -0.255080
v 0.171281 0.259312 -0.254243
v 0.174281 0.283381 -0.252784
v 0.183443 0.263609 -0.263535
v 0.176007 0.286336 -0.267857
v 0.173792 0.263609 -0.276167
v 0.161011 0.283381 -0.270153
v 0.151849 0.303154 -0.259402
v 0.149503 0.324269 -0.247607
v 0.161500 0.303154 -0.246770
v 0.164500 0.327223 -0.245311
v 0.173662 0.307451 -0.256062
v 0.166226 0.330178 -0.260384
v 0.164010 0.307451 -0.268694
v 0.151229 0.327223 -0.262680
v 0.142067 0.346996 -0.251929
v 0.139722 0.368111 -0.240134
v 0.151718 0.346996 -0.239297
v 0.154718 0.371066 -0.237838
v 0.163880 0.351293 -0.248589
v 0.156444 0.374020 -0.252910
v 0.154229 0.351293 -0.261221
v 0.141448 0.371066 -0.255207
v 0.132388 0.390381 -0.244534
v 0.130756 0.408300 -0.233284
v 0.142039 0.390381 -0.231902
v 0.145752 0.411254 -0.230988
v 0.154201 0.394679 -0.241194
v 0.147478 0.414209 -0.246060
v 0.144550 0.394679 -0.253826
v 0.132482 0.411254 -0.248357
v 0.125674 0.422662 -0.238976
v 0.134912 0.422662 -0.226885
v 0.146552 0.426775 -0.235779
v 0.137315 0.426775 -0.247870
v -0.044818 0.770719 -0.298834
v -0.051174 0.765915 -0.337178
v -0.236860 0.680838 -0.106201
v -0.275350 0.682523 -0.113291
v -0.241316 0.674436 0.005331
v -0.280073 0.679838 0.003885
v -0.240411 0.552110 0.135452
v -0.278863 0.544936 0.138065
v -0.235472 0.518555 0.034202
v -0.273974 0.511430 0.034096
v -0.228460 0.481868 -0.080592
v -0.266824 0.476582 -0.086195
v -0.248976 0.455928 -0.178084
v 0.000613 0.519476 -0.308822
v 0.000613 0.525304 -0.264939
v -0.242475 0.672688 0.117185
v -0.280612 0.681910 0.116461
v -0.243832 0.644129 0.069921
v -0.288127 0.649045 0.069611
v -0.244097 0.592411 0.168060
v -0.288483 0.589012 0.171498
v -0.235590 0.537265 -0.031148
v -0.279620 0.532252 -0.033765
v -0.267326 0.510818 -0.142655
v -0.225231 0.515070 -0.129915
v -0.040104 0.448932 -0.254972
v -0.044823 0.443919 -0.293427
v -0.081169 0.519982 -0.253786
v -0.093055 0.515089 -0.295976
v -0.258425 0.693087 -0.193215
v -0.242270 0.647411 -0.219375
v 0.000613 0.706090 -0.336559
v 0.000613 0.711888 -0.292580
v -0.286086 0.561330 0.085392
v -0.241821 0.566196 0.084494
v -0.244682 0.650778 0.162723
v -0.288597 0.658631 0.162558
v -0.284303 0.639952 -0.051055
v -0.240093 0.638550 -0.047507
v -0.230182 0.640395 -0.141637
v -0.272220 0.639383 -0.155256
v -0.099481 0.695037 -0.315262
v -0.085868 0.699553 -0.273553
v -0.235991 0.504007 -0.213654
v -0.292658 0.614576 0.127371
v -0.247090 0.613352 0.126241
v -0.289071 0.595239 0.018951
v -0.243757 0.596268 0.019838
v -0.280468 0.578968 -0.100059
v -0.235916 0.581572 -0.092953
v -0.258687 0.573811 -0.186558
v -0.048267 0.614501 -0.318592
v -0.041548 0.619990 -0.274540
v -0.286033 0.620719 0.214708
v -0.247635 0.622617 0.210378
v -0.280988 0.682937 0.189329
v -0.244052 0.672196 0.191351
v -0.282451 0.584190 0.200012
v -0.244577 0.590018 0.194740
v -0.284347 0.667681 0.209980
v -0.246575 0.660145 0.210719
v -0.290596 0.636029 0.196528
v -0.245966 0.633073 0.194587
v 0.052400 0.765915 -0.337178
v 0.045950 0.770768 -0.298887
v 0.276576 0.682523 -0.113291
v 0.238041 0.680875 -0.106302
v 0.281306 0.679839 0.003885
v 0.242549 0.674436 0.005331
v 0.280089 0.544936 0.138065
v 0.241636 0.552110 0.135452
v 0.275200 0.511382 0.034096
v 0.236698 0.518507 0.034202
v 0.268049 0.475470 -0.086195
v 0.229645 0.480736 -0.080693
v 0.250202 0.454817 -0.178084
v 0.215184 0.458453 -0.161568
v 0.282004 0.681910 0.116461
v 0.243866 0.672688 0.117185
v 0.289387 0.649045 0.069611
v 0.245093 0.644129 0.069921
v 0.289714 0.589012 0.171498
v 0.245328 0.592411 0.168060
v 0.280846 0.532020 -0.033765
v 0.236815 0.537033 -0.031148
v 0.226076 0.514052 -0.130700
v 0.268552 0.509890 -0.142655
v 0.046049 0.443919 -0.293427
v 0.041224 0.448930 -0.255001
v 0.094281 0.515089 -0.295976
v 0.081569 0.520094 -0.254056
v 0.259651 0.693087 -0.193215
v 0.224787 0.693746 -0.175813
v 0.243495 0.647402 -0.219375
v 0.208603 0.649276 -0.192889
v 0.243048 0.566196 0.084494
v 0.287313 0.561330 0.085392
v 0.289961 0.658631 0.162558
v 0.246046 0.650778 0.162723
v 0.241319 0.638540 -0.047507
v 0.285528 0.639943 -0.051055
v 0.273445 0.639344 -0.155256
v 0.231010 0.640536 -0.142416
v 0.086320 0.699904 -0.273928
v 0.100707 0.695037 -0.315262
v 0.202408 0.507203 -0.187319
v 0.237216 0.503775 -0.213654
v 0.248349 0.613352 0.126241
v 0.293917 0.614576 0.127371
v 0.244984 0.596258 0.019838
v 0.290298 0.595229 0.018951
v 0.237089 0.581354 -0.093048
v 0.281694 0.578746 -0.100059
v 0.219629 0.576574 -0.167259
v 0.259912 0.573589 -0.186558
v 0.042673 0.620023 -0.274580
v 0.049493 0.614501 -0.318592
v 0.248862 0.622617 0.210378
v 0.287260 0.620719 0.214708
v 0.245447 0.672196 0.191351
v 0.282383 0.682937 0.189329
v 0.245802 0.590018 0.194740
v 0.283676 0.584190 0.200012
v 0.247840 0.660145 0.210719
v 0.285612 0.667681 0.209980
v 0.247225 0.633073 0.194587
v 0.291855 0.636029 0.196528
v 0.136234 0.445501 -0.274789
v 0.143492 0.597477 -0.290010
v 0.149189 0.742094 -0.297223
v 0.180118 0.506757 -0.264449
v 0.187604 0.666654 -0.272187
v -0.135008 0.445501 -0.274789
v -0.119875 0.449538 -0.238963
v -0.142267 0.597478 -0.290010
v 0.208649 0.448569 -0.237052
v 0.220796 0.710944 -0.246244
v -0.147963 0.742094 -0.297223
v -0.123050 0.601474 -0.249522
v -0.130294 0.745261 -0.262522
v 0.216157 0.579922 -0.244584
v -0.160719 0.669896 -0.236417
v -0.186378 0.666654 -0.272187
v -0.178892 0.506757 -0.264449
v -0.154359 0.510576 -0.227923
v -0.219570 0.710944 -0.246244
v -0.214931 0.579931 -0.244584
v -0.207424 0.448617 -0.237052
v 0.276548 0.648687 0.213525
v 0.276712 0.668595 0.213765
v 0.272276 0.681978 0.206386
v 0.273882 0.667819 0.212165
v 0.274957 0.648715 0.213859
v 0.270512 0.682217 0.207162
v 0.271752 0.668359 0.214056
v 0.263691 0.679259 0.206946
v 0.262533 0.665553 0.213930
v 0.268406 0.648046 0.212704
v 0.267421 0.666358 0.212107
v 0.265216 0.680423 0.207573
v 0.270083 0.648314 0.213357
v 0.268823 0.667610 0.214110
v 0.268902 0.552234 0.174089
v 0.273950 0.576073 0.199669
v 0.274832 0.603307 0.212704
v 0.271112 0.576909 0.198816
v 0.267108 0.551980 0.174461
v 0.273101 0.603339 0.213184
v 0.268804 0.576338 0.200144
v 0.266113 0.604696 0.211132
v 0.259242 0.579135 0.197264
v 0.260049 0.554259 0.172981
v 0.264183 0.578346 0.197681
v 0.267724 0.604220 0.212206
v 0.261626 0.553231 0.173769
v 0.265508 0.577035 0.199604
v 0.272612 0.689249 0.188636
v 0.269738 0.690082 0.157661
v 0.269906 0.687893 0.188560
v 0.267934 0.690393 0.157930
v 0.267491 0.689037 0.189812
v 0.260992 0.687141 0.158118
v 0.258272 0.684245 0.189777
v 0.263057 0.685476 0.189071
v 0.262508 0.688541 0.158228
v 0.264267 0.687822 0.190126
v 0.278676 0.627138 0.217039
v 0.275761 0.627313 0.215040
v 0.273714 0.627305 0.216640
v 0.264276 0.627940 0.214968
v 0.269262 0.627727 0.213949
v 0.270734 0.627519 0.216141
v 0.229072 0.725332 -0.209403
v 0.238743 0.716843 -0.184263
v 0.250452 0.708682 -0.155746
v 0.243102 0.716412 -0.186664
v 0.230455 0.726267 -0.210617
v 0.252268 0.709579 -0.156159
v 0.245007 0.718300 -0.187088
v 0.259181 0.708929 -0.158558
v 0.252304 0.716810 -0.191173
v 0.236194 0.725276 -0.215127
v 0.249504 0.716387 -0.189887
v 0.257680 0.709730 -0.157895
v 0.235056 0.726143 -0.213974
v 0.248083 0.718284 -0.188629
v 0.085385 0.413874 -0.263764
v 0.042688 0.411712 -0.265730
v 0.000613 0.410859 -0.271668
v 0.043316 0.411517 -0.270712
v 0.086261 0.412837 -0.265334
v 0.000613 0.409755 -0.273395
v 0.043581 0.409341 -0.272265
v 0.000613 0.409633 -0.280720
v 0.044493 0.409740 -0.280684
v 0.087957 0.412786 -0.272444
v 0.044137 0.410586 -0.277716
v 0.000613 0.408996 -0.278998
v 0.087604 0.412127 -0.270763
v 0.043967 0.408896 -0.275624
v 0.259526 0.691166 0.061485
v 0.256215 0.688455 0.114920
v 0.261146 0.689451 0.114743
v 0.261143 0.692445 0.061476
v 0.262414 0.691856 0.114814
v 0.270851 0.692802 0.114479
v 0.268420 0.693318 0.061281
v 0.268016 0.691493 0.114541
v 0.266652 0.693777 0.061352
v 0.265704 0.692838 0.114713
v 0.240268 0.443148 -0.130367
v 0.227312 0.433740 -0.166730
v 0.216170 0.428602 -0.197556
v 0.231769 0.433737 -0.168977
v 0.241989 0.442113 -0.130650
v 0.217357 0.427541 -0.198788
v 0.233373 0.431641 -0.169385
v 0.223310 0.427666 -0.203256
v 0.240993 0.432216 -0.173243
v 0.249042 0.442051 -0.132810
v 0.238252 0.433003 -0.172040
v 0.221979 0.426973 -0.202150
v 0.247429 0.441429 -0.132166
v 0.236484 0.431291 -0.170851
v 0.249298 0.478249 -0.023555
v 0.241959 0.458687 -0.080340
v 0.246908 0.458406 -0.081161
v 0.250982 0.477092 -0.023373
v 0.248505 0.456273 -0.080855
v 0.256831 0.456370 -0.082436
v 0.258224 0.476506 -0.023994
v 0.253876 0.457309 -0.082140
v 0.256510 0.476013 -0.023643
v 0.251842 0.455747 -0.081327
v 0.255251 0.519184 0.092973
v 0.248554 0.499924 0.037011
v 0.253530 0.499239 0.036866
v 0.256862 0.517973 0.093365
v 0.254959 0.497034 0.037520
v 0.263370 0.496586 0.037032
v 0.264103 0.517050 0.093296
v 0.260456 0.497680 0.036879
v 0.262339 0.516654 0.093567
v 0.258276 0.496287 0.037526
v 0.253718 0.536416 0.138330
v 0.258695 0.535624 0.138495
v 0.260004 0.533544 0.139587
v 0.268458 0.532868 0.139492
v 0.265584 0.533969 0.139042
v 0.263303 0.532755 0.139853
v 0.258842 0.695660 -0.058551
v 0.255676 0.692519 0.001800
v 0.260682 0.692960 0.001572
v 0.260589 0.696733 -0.058648
v 0.262175 0.695207 0.001600
v 0.270633 0.695202 0.001177
v 0.267863 0.696735 -0.059395
v 0.267682 0.694216 0.001288
v 0.266178 0.697398 -0.059166
v 0.265531 0.695809 0.001464
v 0.252072 0.701498 -0.111743
v 0.257007 0.701394 -0.112735
v 0.258770 0.703447 -0.112804
v 0.267011 0.702529 -0.114550
v 0.264003 0.701875 -0.114039
v 0.262125 0.703678 -0.113428
v 0.000613 0.798955 -0.329146
v 0.049095 0.797525 -0.318162
v 0.096951 0.787884 -0.304428
v 0.049925 0.796422 -0.323026
v 0.000613 0.799558 -0.331109
v 0.098110 0.788348 -0.305980
v 0.050498 0.798113 -0.324980
v 0.100282 0.786768 -0.312953
v 0.051700 0.795574 -0.333272
v 0.000613 0.797697 -0.338564
v 0.051138 0.795509 -0.330228
v 0.099954 0.787780 -0.311393
v 0.000613 0.798777 -0.336965
v 0.051068 0.797679 -0.328440
v -0.267181 0.648046 0.212704
v -0.261299 0.665553 0.213930
v -0.262397 0.679259 0.206946
v -0.266187 0.666358 0.212106
v -0.268857 0.648314 0.213356
v -0.263922 0.680424 0.207571
v -0.267590 0.667610 0.214108
v -0.270981 0.681978 0.206386
v -0.275478 0.668595 0.213764
v -0.275323 0.648687 0.213525
v -0.272648 0.667818 0.212165
v -0.269218 0.682214 0.207163
v -0.273732 0.648714 0.213859
v -0.270519 0.668355 0.214056
v -0.258824 0.554259 0.172981
v -0.258017 0.579135 0.197264
v -0.264887 0.604696 0.211132
v -0.262958 0.578346 0.197681
v -0.260401 0.553230 0.173769
v -0.266499 0.604219 0.212206
v -0.264283 0.577035 0.199604
v -0.273605 0.603307 0.212704
v -0.272723 0.576073 0.199669
v -0.267676 0.552235 0.174088
v -0.269886 0.576909 0.198816
v -0.271875 0.603339 0.213184
v -0.265882 0.551980 0.174461
v -0.267578 0.576338 0.200144
v -0.256848 0.684245 0.189777
v -0.259490 0.687141 0.158118
v -0.261632 0.685476 0.189071
v -0.261006 0.688541 0.158228
v -0.262843 0.687821 0.190124
v -0.268235 0.690082 0.157661
v -0.271187 0.689249 0.188636
v -0.268481 0.687892 0.188560
v -0.266431 0.690392 0.157930
v -0.266068 0.689033 0.189813
v -0.263051 0.627940 0.214968
v -0.268037 0.627727 0.213949
v -0.269509 0.627519 0.216141
v -0.277450 0.627138 0.217038
v -0.274535 0.627313 0.215040
v -0.272489 0.627305 0.216640
v -0.234969 0.725276 -0.215127
v -0.251079 0.716810 -0.191173
v -0.257956 0.708929 -0.158558
v -0.248278 0.716387 -0.189887
v -0.233830 0.726143 -0.213974
v -0.256454 0.709730 -0.157895
v -0.246857 0.718284 -0.188629
v -0.249419 0.708504 -0.155356
v -0.251067 0.709540 -0.156168
v -0.243799 0.718269 -0.187113
v -0.086731 0.412786 -0.272444
v -0.043267 0.409739 -0.280685
v -0.042912 0.410586 -0.277716
v -0.086378 0.412127 -0.270763
v -0.042742 0.408896 -0.275624
v -0.041550 0.411720 -0.265705
v -0.084569 0.413886 -0.263620
v -0.042105 0.411513 -0.270701
v -0.085038 0.412808 -0.265298
v -0.042355 0.409340 -0.272264
v -0.267125 0.693318 0.061281
v -0.269426 0.692802 0.114479
v -0.266591 0.691494 0.114541
v -0.265357 0.693777 0.061352
v -0.264280 0.692837 0.114713
v -0.254790 0.688456 0.114920
v -0.258231 0.691167 0.061484
v -0.259721 0.689451 0.114743
v -0.259849 0.692445 0.061476
v -0.260989 0.691856 0.114814
v -0.247811 0.443906 -0.132813
v -0.239765 0.433550 -0.173245
v -0.222080 0.428129 -0.203265
v -0.237021 0.434335 -0.172048
v -0.246203 0.443286 -0.132164
v -0.220755 0.427437 -0.202148
v -0.235267 0.432629 -0.170837
v -0.239216 0.445123 -0.129980
v -0.240797 0.444003 -0.130656
v -0.232181 0.433007 -0.169394
v -0.256998 0.476972 -0.023989
v -0.255603 0.457704 -0.082435
v -0.252647 0.458644 -0.082138
v -0.255283 0.476476 -0.023644
v -0.250619 0.457081 -0.081328
v -0.240766 0.460042 -0.080255
v -0.248073 0.478714 -0.023551
v -0.245693 0.459749 -0.081148
v -0.249758 0.477556 -0.023374
v -0.247285 0.457608 -0.080858
v -0.262877 0.517051 0.093297
v -0.262144 0.496644 0.037033
v -0.259230 0.497739 0.036883
v -0.261113 0.516654 0.093566
v -0.257049 0.496343 0.037519
v -0.247330 0.499982 0.037012
v -0.254027 0.519185 0.092974
v -0.252306 0.499298 0.036869
v -0.255637 0.517973 0.093364
v -0.253733 0.497090 0.037514
v -0.267232 0.532869 0.139492
v -0.264358 0.533969 0.139042
v -0.262077 0.532755 0.139852
v -0.252493 0.536416 0.138330
v -0.257470 0.535624 0.138495
v -0.258778 0.533544 0.139587
v -0.266638 0.696735 -0.059395
v -0.269399 0.695202 0.001177
v -0.266448 0.694216 0.001287
v -0.264952 0.697398 -0.059166
v -0.264297 0.695808 0.001463
v -0.254442 0.692519 0.001800
v -0.257616 0.695660 -0.058551
v -0.259447 0.692960 0.001572
v -0.259363 0.696733 -0.058649
v -0.260941 0.695207 0.001600
v -0.265785 0.702529 -0.114550
v -0.262777 0.701875 -0.114039
v -0.260899 0.703678 -0.113428
v -0.250883 0.701465 -0.111657
v -0.255792 0.701382 -0.112723
v -0.257545 0.703446 -0.112805
v -0.050475 0.795574 -0.333272
v -0.099057 0.786768 -0.312953
v -0.049913 0.795509 -0.330228
v -0.098728 0.787780 -0.311393
v -0.049843 0.797679 -0.328440
v -0.096095 0.787723 -0.304177
v -0.047947 0.797485 -0.318114
v -0.048714 0.796420 -0.323012
v -0.096894 0.788372 -0.305940
v -0.049272 0.798114 -0.324979
v 0.128848 0.415106 -0.256517
v 0.131921 0.415660 -0.264428
v 0.169842 0.420227 -0.247988
v 0.130753 0.416436 -0.261651
v 0.169008 0.419531 -0.246478
v 0.130124 0.414706 -0.259659
v 0.143406 0.772929 -0.284046
v 0.184622 0.752158 -0.264547
v 0.146793 0.770861 -0.291629
v 0.145267 0.770671 -0.288936
v 0.183937 0.753066 -0.263085
v 0.144971 0.772688 -0.287098
v -0.168616 0.420226 -0.247991
v -0.130695 0.415660 -0.264428
v -0.129528 0.416436 -0.261652
v -0.167783 0.419531 -0.246478
v -0.128899 0.414706 -0.259659
v -0.124908 0.417293 -0.250405
v -0.163450 0.421109 -0.240446
v -0.126823 0.417211 -0.255044
v -0.164783 0.420115 -0.241643
v -0.127610 0.415078 -0.256487
v 0.196385 0.422531 -0.223431
v 0.202041 0.423207 -0.229810
v 0.199971 0.423935 -0.227621
v 0.198718 0.422181 -0.225949
v 0.210872 0.738952 -0.234699
v 0.216335 0.737204 -0.240974
v 0.214076 0.736911 -0.238863
v 0.213283 0.738832 -0.237137
v -0.145568 0.770861 -0.291629
v -0.183397 0.752158 -0.264547
v -0.144042 0.770671 -0.288936
v -0.182711 0.753066 -0.263085
v -0.143746 0.772688 -0.287098
v -0.177749 0.752837 -0.257360
v -0.138542 0.772100 -0.278095
v -0.140741 0.771244 -0.282529
v -0.179395 0.753377 -0.258458
v -0.142175 0.772959 -0.284016
v -0.215109 0.737204 -0.240974
v -0.212850 0.736911 -0.238863
v -0.212057 0.738832 -0.237137
v -0.209658 0.738951 -0.234695
v -0.200815 0.423264 -0.229813
v -0.198743 0.423993 -0.227627
v -0.197498 0.422240 -0.225939
v -0.195175 0.422590 -0.223412
v 0.000613 0.800641 -0.334142
v -0.098149 0.789524 -0.308646
v -0.101058 0.783141 -0.318480
v 0.000613 0.793921 -0.344289
v 0.099375 0.789523 -0.308648
v 0.102283 0.783141 -0.318480
v -0.092357 0.785937 -0.292710
v 0.000613 0.797577 -0.316878
v 0.092853 0.786325 -0.293141
v -0.181499 0.754629 -0.260527
v -0.187058 0.748993 -0.269496
v -0.170645 0.750949 -0.247801
v -0.264137 0.706916 -0.160102
v -0.240050 0.722596 -0.218580
v -0.231824 0.727631 -0.211966
v -0.253821 0.711105 -0.156750
v -0.262005 0.698533 -0.058777
v -0.273079 0.695767 -0.059555
v -0.246054 0.692701 -0.057032
v -0.238392 0.705953 -0.150927
v -0.262271 0.694554 0.061467
v -0.246887 0.687314 0.062093
v -0.273545 0.693528 0.061498
v -0.248403 0.682798 0.159013
v -0.251401 0.675767 0.208837
v -0.266163 0.682421 0.208736
v -0.263278 0.690859 0.158421
v -0.274397 0.691260 0.157701
v -0.276844 0.683466 0.206977
v -0.262755 0.551548 0.175078
v -0.258042 0.515980 0.094024
v -0.269379 0.516892 0.093421
v -0.274026 0.551971 0.175059
v -0.268870 0.603425 0.214124
v -0.279609 0.602284 0.214571
v -0.242775 0.523075 0.092485
v -0.247481 0.557783 0.171809
v -0.253437 0.606157 0.210243
v -0.252292 0.475628 -0.023050
v -0.236769 0.482520 -0.023130
v -0.263555 0.477451 -0.024472
v -0.243388 0.442205 -0.131035
v -0.228288 0.448492 -0.126523
v -0.254135 0.445167 -0.134590
v -0.218428 0.426255 -0.200196
v -0.227264 0.429987 -0.206937
v -0.166324 0.418344 -0.243834
v -0.172075 0.422515 -0.253499
v -0.157069 0.425063 -0.230825
v 0.000613 0.416330 -0.260447
v 0.082281 0.418775 -0.252842
v 0.086986 0.411002 -0.267830
v 0.000613 0.407908 -0.275996
v -0.085759 0.411001 -0.267829
v -0.081883 0.418848 -0.252620
v 0.000613 0.412662 -0.287553
v -0.088372 0.415587 -0.278908
v 0.089598 0.415587 -0.278907
v -0.271106 0.648736 0.215077
v -0.255212 0.646654 0.216151
v -0.281969 0.648742 0.217644
v 0.182725 0.754625 -0.260531
v 0.188283 0.748993 -0.269496
v 0.239282 0.706268 -0.151732
v 0.219896 0.723038 -0.201876
v 0.233047 0.727636 -0.211962
v 0.255046 0.711107 -0.156749
v 0.263230 0.698533 -0.058777
v 0.247279 0.692701 -0.057032
v 0.274304 0.695767 -0.059555
v 0.265362 0.706916 -0.160102
v 0.241276 0.722596 -0.218580
v 0.263566 0.694554 0.061467
v 0.274839 0.693528 0.061498
v 0.248180 0.687314 0.062093
v 0.275894 0.691260 0.157701
v 0.278142 0.683466 0.206977
v 0.267457 0.682424 0.208737
v 0.264780 0.690860 0.158420
v 0.249899 0.682798 0.159013
v 0.252699 0.675767 0.208837
v 0.263981 0.551548 0.175078
v 0.259268 0.515981 0.094027
v 0.244000 0.523075 0.092485
v 0.248706 0.557783 0.171809
v 0.270096 0.603425 0.214124
v 0.254662 0.606157 0.210243
v 0.270605 0.516892 0.093421
v 0.275252 0.551971 0.175059
v 0.280835 0.602284 0.214571
v 0.253517 0.475167 -0.023040
v 0.264782 0.476996 -0.024473
v 0.237994 0.482066 -0.023130
v 0.244603 0.440345 -0.131043
v 0.255362 0.443349 -0.134590
v 0.229219 0.446490 -0.127333
v 0.219639 0.425783 -0.200215
v 0.228489 0.429533 -0.206937
v 0.207188 0.432105 -0.190414
v 0.167549 0.418348 -0.243843
v 0.173300 0.422515 -0.253499
v 0.272331 0.648737 0.215077
v 0.283196 0.648742 0.217644
v 0.256439 0.646654 0.216151
v 0.183340 0.750465 -0.257166
v -0.219175 0.428563 -0.198817
v -0.232233 0.723296 -0.209305
v 0.168234 0.421835 -0.243795
v -0.230339 0.724353 -0.210205
v -0.216814 0.427913 -0.202228
v -0.218840 0.428481 -0.201164
v -0.232750 0.722790 -0.206633
v 0.186746 0.748660 -0.254543
v 0.185267 0.749346 -0.256941
v 0.170966 0.421582 -0.243536
v 0.172526 0.422317 -0.241565
v 0.186884 0.747547 -0.249562
v 0.194066 0.744751 -0.247898
v 0.185521 0.749429 -0.250508
v 0.186546 0.750396 -0.254840
v 0.163234 0.421643 -0.241370
v 0.155614 0.420308 -0.247368
v 0.165926 0.420910 -0.240219
v 0.169679 0.420216 -0.242868
v 0.180045 0.423007 -0.235429
v 0.172885 0.422734 -0.236444
v 0.170952 0.421490 -0.237586
v 0.171440 0.420415 -0.241943
v -0.235822 0.720520 -0.200551
v -0.230979 0.721907 -0.202192
v -0.230206 0.723537 -0.203204
v -0.232585 0.724499 -0.206997
v -0.217432 0.429556 -0.194005
v -0.222992 0.430631 -0.189664
v -0.216341 0.428084 -0.195517
v -0.218687 0.426980 -0.199272
v -0.225384 0.725607 -0.210344
v -0.223415 0.728230 -0.217776
v -0.226849 0.725861 -0.208277
v -0.231223 0.725390 -0.209030
v -0.209760 0.426997 -0.208865
v -0.211766 0.427964 -0.202199
v -0.213002 0.427117 -0.200372
v -0.217346 0.426607 -0.201215
v 0.170383 0.757139 -0.265331
v 0.178121 0.752247 -0.256201
v 0.180741 0.752073 -0.254253
v 0.184619 0.751424 -0.256334
v -0.203088 0.577807 -0.195740
v -0.200443 0.652026 -0.203518
v -0.211650 0.701800 -0.201186
v -0.207869 0.648644 -0.196714
v -0.203784 0.577490 -0.193264
v -0.212776 0.701966 -0.198637
v -0.207414 0.649477 -0.193263
v -0.218076 0.697687 -0.191976
v -0.216005 0.645390 -0.182765
v -0.210012 0.576543 -0.186565
v -0.212760 0.646434 -0.189898
v -0.216541 0.699222 -0.192805
v -0.207978 0.576692 -0.187563
v -0.209847 0.648182 -0.189605
v -0.200118 0.453786 -0.194477
v -0.193763 0.506794 -0.199256
v -0.201209 0.506519 -0.192938
v -0.200988 0.453005 -0.192154
v -0.200458 0.505433 -0.189639
v -0.209715 0.507517 -0.177648
v -0.206678 0.455219 -0.185217
v -0.206166 0.506784 -0.186202
v -0.204917 0.453977 -0.186479
v -0.203013 0.505635 -0.186044
v 0.166529 0.451267 -0.225019
v 0.172702 0.508536 -0.220360
v 0.169926 0.587011 -0.230397
v 0.165910 0.509334 -0.227477
v 0.164287 0.450261 -0.225392
v 0.167638 0.587529 -0.230836
v 0.162973 0.508413 -0.226150
v 0.159803 0.590000 -0.236949
v 0.145302 0.511747 -0.235618
v 0.156001 0.450786 -0.230587
v 0.158736 0.510043 -0.231731
v 0.161842 0.589247 -0.234723
v 0.158167 0.449935 -0.228726
v 0.159218 0.508777 -0.228406
v 0.179055 0.661983 -0.226513
v 0.177583 0.721166 -0.236403
v 0.172157 0.664827 -0.234189
v 0.175583 0.722984 -0.236896
v 0.169575 0.666785 -0.232896
v 0.167719 0.726423 -0.243714
v 0.151832 0.674292 -0.245130
v 0.165413 0.667864 -0.239053
v 0.170175 0.726145 -0.241219
v 0.166156 0.668519 -0.235563
v -0.212357 0.727304 -0.212172
v -0.219794 0.722501 -0.204860
v -0.220706 0.724238 -0.201970
v -0.227204 0.717266 -0.191287
v -0.224295 0.719284 -0.198114
v -0.222952 0.722398 -0.198319
v -0.198721 0.430200 -0.203457
v -0.206350 0.431728 -0.197050
v -0.206666 0.429543 -0.194463
v -0.214402 0.434646 -0.180699
v -0.210871 0.433025 -0.190532
v -0.209018 0.430305 -0.190953
v 0.189229 0.741218 -0.236274
v 0.181509 0.745018 -0.243886
v 0.180241 0.748205 -0.243582
v 0.161368 0.756491 -0.256875
v 0.175091 0.748622 -0.248849
v 0.176961 0.750251 -0.246326
v 0.147373 0.424121 -0.237942
v 0.160984 0.425890 -0.234419
v 0.162242 0.423610 -0.232292
v 0.175732 0.427089 -0.224103
v 0.168106 0.426662 -0.230695
v 0.165997 0.424037 -0.230308
v -0.231109 0.435266 -0.168736
v -0.227778 0.435714 -0.163904
v -0.214653 0.425855 -0.197568
v -0.188383 0.424236 -0.221282
v -0.193762 0.424683 -0.223010
v -0.216390 0.428078 -0.199009
v -0.239296 0.715524 -0.181329
v -0.242454 0.715961 -0.186222
v -0.229484 0.726058 -0.210669
v -0.228906 0.726353 -0.205203
v -0.207749 0.737174 -0.234203
v -0.202525 0.738984 -0.232495
v 0.127939 0.417351 -0.255589
v 0.123097 0.417025 -0.251786
v 0.168412 0.419349 -0.238473
v 0.166414 0.420285 -0.241925
v 0.196068 0.424870 -0.222292
v 0.195129 0.425073 -0.216713
v 0.209895 0.736630 -0.233371
v 0.208983 0.736018 -0.227499
v 0.136984 0.773516 -0.280128
v 0.141787 0.771196 -0.282959
v 0.180915 0.753105 -0.258513
v 0.183730 0.752378 -0.251973
v -0.201758 0.451940 -0.188101
v -0.215765 0.460145 -0.158445
v -0.204388 0.577172 -0.189089
v -0.220497 0.576483 -0.164192
v -0.178712 0.451667 -0.211373
v -0.181878 0.583470 -0.214919
v -0.190268 0.714078 -0.220952
v -0.213823 0.702224 -0.194325
v -0.225461 0.692385 -0.172615
v 0.188945 0.581935 -0.209644
v 0.197207 0.710886 -0.215534
v 0.163812 0.588484 -0.230999
v 0.172587 0.726197 -0.237398
v 0.128460 0.746850 -0.264633
v 0.121098 0.602459 -0.251324
v 0.160503 0.448558 -0.225486
v 0.117791 0.449452 -0.240421
v 0.185954 0.452188 -0.206357
v -0.266352 0.403944 0.218047
v -0.195189 0.409276 -0.175933
v -0.251288 0.464136 0.217560
v -0.209665 0.460741 -0.171277
v -0.249373 0.454744 0.250295
v -0.214013 0.416572 -0.155932
v -0.259339 0.413006 0.251571
v -0.256534 0.436670 0.255243
v -0.223709 0.451020 -0.158644
v -0.221099 0.435906 -0.159784
v -0.230345 0.430014 0.276066
v -0.228227 0.452353 0.274011
v -0.233569 0.425135 -0.119659
v -0.234814 0.442312 -0.122498
v -0.233922 0.404972 0.252820
v -0.148934 0.408942 0.267467
v -0.049293 0.409559 0.276324
v -0.041863 0.411400 -0.246050
v -0.129459 0.410900 -0.225501
v -0.226579 0.471013 0.252271
v -0.151676 0.493463 0.266310
v -0.050859 0.505278 0.275137
v -0.050148 0.486626 -0.224856
v -0.146290 0.475019 -0.205020
v -0.050251 0.441394 0.310087
v -0.149387 0.438480 0.299242
v -0.050251 0.473235 0.307152
v -0.149305 0.467011 0.296344
v -0.199630 0.430314 -0.192152
v -0.135552 0.437477 -0.239298
v -0.044892 0.440477 -0.261301
v -0.207506 0.446850 -0.188795
v -0.144320 0.456737 -0.231135
v -0.049201 0.463327 -0.252932
v 0.000613 0.453416 -0.259838
v -0.094712 0.451636 -0.249162
v -0.178326 0.444235 -0.215921
v 0.000613 0.425022 -0.265541
v -0.087374 0.424323 -0.255010
v -0.169780 0.421464 -0.219604
v -0.193357 0.448470 0.290065
v -0.100590 0.456286 0.307809
v 0.000613 0.457850 0.312120
v -0.194205 0.419608 0.280705
v -0.100430 0.423146 0.297058
v 0.000613 0.423836 0.301279
v -0.192709 0.472096 0.278297
v -0.100770 0.486831 0.294299
v 0.000613 0.490708 0.298521
v 0.000613 0.474294 -0.247934
v -0.099560 0.470200 -0.237403
v -0.184074 0.457813 -0.206038
v -0.185367 0.480734 -0.153300
v -0.099994 0.499774 -0.177004
v 0.000613 0.505473 -0.184128
v -0.196885 0.403029 0.223581
v -0.096764 0.403533 0.231264
v 0.000613 0.403914 0.233419
v -0.219779 0.407439 -0.120741
v -0.247153 0.406643 -0.016087
v -0.268736 0.406621 0.111789
v -0.225967 0.459661 -0.129458
v -0.243428 0.465406 -0.023671
v -0.258168 0.467431 0.110490
v -0.276952 0.424353 0.220847
v -0.284496 0.424442 0.113000
v -0.263352 0.424399 -0.015375
v -0.269749 0.443084 0.219307
v -0.276473 0.443031 0.111401
v -0.258325 0.442512 -0.018275
v -0.201129 0.491635 0.223179
v -0.210941 0.500062 0.110150
v -0.199023 0.499288 -0.032327
v -0.104940 0.512166 0.230736
v -0.109577 0.521797 0.110058
v -0.105223 0.521508 -0.041440
v 0.000613 0.517835 0.232892
v 0.000613 0.527544 0.110071
v 0.000613 0.527274 -0.043449
v -0.169332 0.404897 -0.162122
v -0.184513 0.403110 -0.030006
v -0.197881 0.403177 0.111041
v -0.084767 0.404734 -0.191002
v -0.089285 0.402601 -0.040784
v -0.093486 0.402699 0.110925
v 0.000613 0.405116 -0.198126
v 0.000613 0.402971 -0.042793
v 0.000613 0.403068 0.110937
v -0.045564 0.402943 0.175837
v -0.044390 0.402772 0.038140
v -0.041972 0.403190 -0.124038
v -0.146945 0.402950 0.174078
v -0.144282 0.402818 0.040050
v -0.131943 0.403226 -0.112652
v -0.241637 0.402834 0.171679
v -0.233245 0.403554 0.044693
v -0.209363 0.403741 -0.084922
v -0.053417 0.523485 0.175205
v -0.053776 0.526884 0.037039
v -0.050899 0.519536 -0.120176
v -0.162160 0.510256 0.173452
v -0.162805 0.513540 0.038888
v -0.149709 0.506240 -0.109214
v -0.238335 0.482016 0.171143
v -0.237146 0.483682 0.042167
v -0.216592 0.477933 -0.090935
v -0.248343 0.433684 -0.074053
v -0.274284 0.433657 0.047152
v -0.282542 0.433810 0.172230
v -0.244888 0.414573 -0.070190
v -0.272808 0.414469 0.047906
v -0.284214 0.413839 0.172226
v -0.241242 0.451311 -0.078792
v -0.263559 0.453525 0.044836
v -0.268789 0.453465 0.170595
v 0.267577 0.403944 0.218047
v 0.196414 0.409276 -0.175933
v 0.252514 0.464136 0.217560
v 0.210891 0.460741 -0.171277
v 0.250599 0.454744 0.250295
v 0.215239 0.416572 -0.155932
v 0.260565 0.413006 0.251571
v 0.257760 0.436670 0.255243
v 0.224935 0.451020 -0.158644
v 0.222325 0.435906 -0.159784
v 0.231571 0.430014 0.276066
v 0.229453 0.452353 0.274011
v 0.234795 0.425135 -0.119659
v 0.236040 0.442313 -0.122498
v 0.235148 0.404972 0.252820
v 0.150159 0.408942 0.267467
v 0.050518 0.409559 0.276324
v 0.043088 0.411401 -0.246050
v 0.130684 0.410900 -0.225501
v 0.227805 0.471013 0.252271
v 0.152902 0.493463 0.266310
v 0.052085 0.505278 0.275137
v 0.051373 0.486626 -0.224856
v 0.147515 0.475019 -0.205020
v 0.051476 0.441394 0.310086
v 0.150613 0.438480 0.299242
v 0.051476 0.473235 0.307152
v 0.150530 0.467011 0.296344
v 0.200856 0.430314 -0.192152
v 0.136778 0.437477 -0.239298
v 0.046118 0.440477 -0.261301
v 0.208732 0.446850 -0.188795
v 0.145546 0.456737 -0.231135
v 0.050426 0.463327 -0.252932
v 0.095938 0.451636 -0.249162
v 0.179551 0.444235 -0.215921
v 0.088599 0.424323 -0.255010
v 0.171005 0.421463 -0.219604
v 0.194583 0.448470 0.290065
v 0.101816 0.456286 0.307809
v 0.195431 0.419608 0.280705
v 0.101655 0.423146 0.297058
v 0.193935 0.472096 0.278297
v 0.101996 0.486831 0.294299
v 0.100786 0.470200 -0.237403
v 0.185300 0.457813 -0.206038
v 0.186592 0.480734 -0.153300
v 0.101220 0.499774 -0.177004
v 0.198111 0.403029 0.223581
v 0.097989 0.403533 0.231264
v 0.221004 0.407439 -0.120741
v 0.248379 0.406643 -0.016087
v 0.269961 0.406621 0.111789
v 0.227193 0.459661 -0.129458
v 0.244653 0.465406 -0.023671
v 0.259393 0.467431 0.110490
v 0.278178 0.424353 0.220847
v 0.285722 0.424442 0.113000
v 0.264577 0.424399 -0.015375
v 0.270974 0.443084 0.219307
v 0.277699 0.443031 0.111401
v 0.259551 0.442512 -0.018275
v 0.202354 0.491635 0.223179
v 0.212166 0.500062 0.110150
v 0.200248 0.499288 -0.032327
v 0.106166 0.512166 0.230736
v 0.110802 0.521797 0.110058
v 0.106449 0.521508 -0.041440
v 0.170558 0.404897 -0.162122
v 0.185739 0.403110 -0.030006
v 0.199106 0.403177 0.111041
v 0.085992 0.404734 -0.191002
v 0.090511 0.402601 -0.040784
v 0.094712 0.402699 0.110925
v 0.046789 0.402943 0.175837
v 0.045616 0.402772 0.038140
v 0.043198 0.403190 -0.124038
v 0.148170 0.402950 0.174078
v 0.145508 0.402818 0.040050
v 0.133168 0.403226 -0.112652
v 0.242862 0.402834 0.171679
v 0.234471 0.403554 0.044693
v 0.210589 0.403741 -0.084922
v 0.054643 0.523485 0.175205
v 0.055002 0.526884 0.037039
v 0.052124 0.519536 -0.120176
v 0.163386 0.510256 0.173452
v 0.164031 0.513540 0.038888
v 0.150934 0.506240 -0.109214
v 0.239561 0.482016 0.171143
v 0.238372 0.483682 0.042167
v 0.217818 0.477933 -0.090935
v 0.249569 0.433684 -0.074053
v 0.275509 0.433657 0.047152
v 0.283768 0.433810 0.172230
v 0.246114 0.414573 -0.070190
v 0.274033 0.414469 0.047906
v 0.285439 0.413839 0.172226
v 0.242468 0.451311 -0.078792
v 0.264784 0.453525 0.044836
v 0.270015 0.453465 0.170595
v -0.275836 0.649221 0.215827
v -0.272485 0.649286 0.215541
v -0.281362 0.568843 0.220180
v -0.261239 0.566602 0.217583
v -0.271089 0.571971 0.229458
v -0.267513 0.590075 0.225170
v -0.276677 0.604585 0.224401
v -0.279586 0.586759 0.222894
v -0.280844 0.593401 0.209562
v -0.280821 0.575432 0.204857
v -0.272200 0.649350 0.218891
v -0.268824 0.585395 0.198306
v -0.260422 0.572583 0.205856
v -0.261100 0.579963 0.214927
v -0.263791 0.595237 0.210132
v -0.266317 0.606115 0.221200
v -0.275550 0.649285 0.219178
v -0.268667 0.607261 0.209962
v -0.279027 0.607675 0.211290
v -0.275282 0.597695 0.204311
v 0.000613 0.412551 -0.275954
v 0.000613 0.420193 -0.270452
v 0.000613 0.414637 -0.262881
v 0.000613 0.406996 -0.268384
v -0.280451 0.614998 0.218432
v -0.278344 0.621719 0.213697
v -0.274009 0.615432 0.210499
v -0.269337 0.621917 0.212915
v -0.266137 0.615595 0.216955
v -0.268551 0.622075 0.221933
v -0.272469 0.615319 0.224997
v -0.277558 0.621876 0.222714
v -0.279538 0.627406 0.218247
v -0.277710 0.632551 0.214248
v -0.274079 0.627410 0.211765
v -0.270275 0.632694 0.213612
v -0.267599 0.627639 0.217223
v -0.269641 0.632836 0.221047
v -0.273058 0.627636 0.223706
v -0.277076 0.632694 0.221683
v -0.278649 0.637465 0.217980
v -0.277128 0.642071 0.214738
v -0.274191 0.637465 0.212690
v -0.271126 0.642186 0.214224
v -0.268902 0.637652 0.217146
v -0.270614 0.642300 0.220227
v -0.273361 0.637652 0.222437
v -0.276617 0.642186 0.220741
v -0.277721 0.646283 0.217732
v -0.274278 0.646283 0.213646
v -0.270194 0.646427 0.217088
v -0.273637 0.646427 0.221174
v -0.269661 0.401430 0.232157
v -0.258266 0.402632 0.239295
v -0.265496 0.403834 0.250632
v -0.276890 0.402632 0.243494
v -0.276458 0.421659 0.233715
v -0.270801 0.441507 0.227099
v -0.262852 0.421659 0.230648
v -0.259291 0.442721 0.234310
v -0.259810 0.423415 0.244145
v -0.266594 0.443935 0.245763
v -0.273415 0.423415 0.247212
v -0.278104 0.442721 0.238551
v -0.277687 0.462239 0.228629
v -0.271970 0.482480 0.221914
v -0.263924 0.462239 0.225526
v -0.260324 0.483708 0.229210
v -0.260847 0.464016 0.239179
v -0.267713 0.484937 0.240798
v -0.274609 0.464016 0.242282
v -0.279359 0.483708 0.233501
v -0.278926 0.503085 0.223509
v -0.273054 0.520501 0.217103
v -0.265002 0.503085 0.220370
v -0.261283 0.521742 0.224478
v -0.261889 0.504882 0.234182
v -0.268752 0.522984 0.236190
v -0.275812 0.504882 0.237321
v -0.280523 0.521742 0.228815
v -0.279845 0.534328 0.219580
v -0.273494 0.545038 0.214104
v -0.265799 0.534328 0.216458
v -0.261785 0.546249 0.221615
v -0.262684 0.536134 0.230364
v -0.269422 0.547456 0.233165
v -0.276725 0.536133 0.233515
v -0.281131 0.546245 0.225654
v -0.279902 0.555957 0.216130
v -0.272360 0.561878 0.209351
v -0.265544 0.555856 0.214091
v -0.263180 0.558147 0.227598
v -0.277290 0.558128 0.230391
v -0.260140 0.516558 0.121261
v -0.249452 0.525556 0.118684
v -0.258716 0.535190 0.113895
v -0.269404 0.526192 0.116472
v -0.269146 0.527255 0.138622
v -0.254647 0.526854 0.140383
v -0.264303 0.533540 0.159644
v -0.253591 0.540303 0.134814
v -0.253562 0.542294 0.156685
v -0.268090 0.540705 0.133052
v -0.262739 0.551511 0.151149
v -0.273479 0.542756 0.154108
v -0.252243 0.465695 -0.024937
v -0.241599 0.474890 -0.026894
v -0.250925 0.484848 -0.030854
v -0.261569 0.475652 -0.028897
v -0.260591 0.474556 -0.008030
v -0.246043 0.473903 -0.006881
v -0.254272 0.477677 0.011416
v -0.245073 0.487783 -0.011340
v -0.243587 0.486695 0.008905
v -0.259621 0.488436 -0.012489
v -0.252927 0.496711 0.005127
v -0.263611 0.487693 0.007637
v -0.262061 0.486704 0.028081
v -0.247492 0.485947 0.028910
v -0.255648 0.489780 0.047280
v -0.246512 0.499775 0.024289
v -0.244957 0.498762 0.044659
v -0.261080 0.500532 0.023460
v -0.254299 0.508790 0.040917
v -0.264990 0.499808 0.043538
v -0.263466 0.498841 0.063950
v -0.248898 0.498087 0.064786
v -0.257273 0.502253 0.083469
v -0.247916 0.511906 0.060140
v -0.246583 0.511238 0.080857
v -0.262484 0.512659 0.059304
v -0.255909 0.521187 0.076905
v -0.266600 0.512202 0.079517
v -0.265601 0.511999 0.100574
v -0.251066 0.511418 0.101866
v -0.250053 0.525078 0.096800
v -0.264587 0.525660 0.095508
v -0.234574 0.431576 -0.138559
v -0.224550 0.441474 -0.137800
v -0.233497 0.451028 -0.143308
v -0.243520 0.441131 -0.144067
v -0.246354 0.439789 -0.122031
v -0.232211 0.439719 -0.118643
v -0.242402 0.442924 -0.100609
v -0.231354 0.453795 -0.122347
v -0.231909 0.452360 -0.101557
v -0.245497 0.453866 -0.125735
v -0.241160 0.462213 -0.105959
v -0.251653 0.452778 -0.105011
v -0.252076 0.451498 -0.083433
v -0.237630 0.451114 -0.081296
v -0.247642 0.454340 -0.062647
v -0.236708 0.465128 -0.085271
v -0.237056 0.463694 -0.064051
v -0.251154 0.465513 -0.087408
v -0.246364 0.473601 -0.068193
v -0.256950 0.464247 -0.066789
v -0.257252 0.462818 -0.045338
v -0.242759 0.462358 -0.043575
v -0.241816 0.476335 -0.047723
v -0.256309 0.476796 -0.049487
v -0.215354 0.422308 -0.174797
v -0.206530 0.432774 -0.171775
v -0.214645 0.441955 -0.178811
v -0.223469 0.431489 -0.181834
v -0.232891 0.429013 -0.160597
v -0.219613 0.429591 -0.154796
v -0.218934 0.443809 -0.157991
v -0.232212 0.443231 -0.163793
v -0.088684 0.404217 -0.254790
v -0.086311 0.415674 -0.246770
v -0.088766 0.424053 -0.257968
v -0.091138 0.412596 -0.265988
v -0.107216 0.406781 -0.257392
v -0.102981 0.408977 -0.243609
v -0.119034 0.406330 -0.245234
v -0.102929 0.423397 -0.245950
v -0.115663 0.417721 -0.237492
v -0.107164 0.421201 -0.259733
v -0.118848 0.426149 -0.248487
v -0.122218 0.414757 -0.256228
v -0.131965 0.408939 -0.248702
v -0.126939 0.411070 -0.235160
v -0.137886 0.408137 -0.238471
v -0.126772 0.425481 -0.237535
v -0.134108 0.419484 -0.230882
v -0.131798 0.423350 -0.251077
v -0.137670 0.427953 -0.241730
v -0.141448 0.416606 -0.249319
v -0.149308 0.410728 -0.242166
v -0.143291 0.412743 -0.229065
v -0.157074 0.410373 -0.229415
v -0.143169 0.427159 -0.231419
v -0.152265 0.421612 -0.222318
v -0.149186 0.425143 -0.244521
v -0.156969 0.430202 -0.232621
v -0.161777 0.418963 -0.239717
v -0.175486 0.414266 -0.225886
v -0.167608 0.416107 -0.213826
v -0.187522 0.415257 -0.206209
v -0.167565 0.430530 -0.216146
v -0.181191 0.426309 -0.200301
v -0.175442 0.428690 -0.228206
v -0.187387 0.435067 -0.209506
v -0.193718 0.424015 -0.215414
v -0.207649 0.420557 -0.196325
v -0.196888 0.421890 -0.187094
v -0.196601 0.436247 -0.189718
v -0.207362 0.434914 -0.198948
v 0.000613 0.405601 -0.274342
v 0.000613 0.407785 -0.260657
v 0.000613 0.403686 -0.265863
v 0.000613 0.421600 -0.262822
v 0.000613 0.415178 -0.257589
v 0.000613 0.419416 -0.276507
v 0.000613 0.423532 -0.268973
v 0.000613 0.412041 -0.277248
v -0.017405 0.405261 -0.272194
v -0.016458 0.407542 -0.257897
v -0.032199 0.403705 -0.263379
v -0.016601 0.421976 -0.260159
v -0.031237 0.415196 -0.255105
v -0.017548 0.419694 -0.274456
v -0.032540 0.423550 -0.266489
v -0.033502 0.412059 -0.274764
v -0.045204 0.405280 -0.269655
v -0.043237 0.407561 -0.255364
v -0.056180 0.403727 -0.260476
v -0.043523 0.421994 -0.257626
v -0.054822 0.415215 -0.252241
v -0.045490 0.419713 -0.271917
v -0.056534 0.423572 -0.263596
v -0.057892 0.412084 -0.271832
v -0.072949 0.405374 -0.265704
v -0.070171 0.407639 -0.251563
v -0.070345 0.422069 -0.253849
v -0.073123 0.419804 -0.267990
v -0.273616 0.546103 0.175347
v -0.259163 0.545900 0.177390
v -0.268902 0.553399 0.192784
v -0.257825 0.558124 0.169888
v -0.257874 0.561193 0.188168
v -0.272276 0.558329 0.167815
v -0.266634 0.569111 0.180708
v -0.277661 0.561317 0.185325
v -0.277766 0.562741 0.200829
v -0.263220 0.562600 0.202044
v -0.261220 0.574407 0.193373
v -0.275677 0.574828 0.191215
v -0.259684 0.040542 0.276411
v -0.247769 0.041799 0.283876
v -0.255329 0.043056 0.295731
v -0.267244 0.041799 0.288267
v -0.266720 0.061435 0.278115
v -0.260821 0.081731 0.271371
v -0.252599 0.061435 0.274931
v -0.248978 0.082980 0.278791
v -0.249441 0.063258 0.288940
v -0.256492 0.084230 0.290574
v -0.263562 0.063258 0.292123
v -0.268334 0.082980 0.283154
v -0.267816 0.102601 0.273052
v -0.261950 0.122665 0.266362
v -0.253781 0.102601 0.269888
v -0.250179 0.123907 0.273737
v -0.250642 0.104412 0.283811
v -0.257647 0.125149 0.285448
v -0.264677 0.104412 0.286974
v -0.269418 0.123907 0.278074
v -0.268900 0.143307 0.268045
v -0.263068 0.163189 0.261403
v -0.254950 0.143307 0.264900
v -0.251368 0.164423 0.268733
v -0.251831 0.145108 0.278738
v -0.258791 0.165658 0.280373
v -0.265780 0.145108 0.281883
v -0.270490 0.164423 0.273044
v -0.269974 0.183671 0.263080
v -0.264177 0.203418 0.256481
v -0.256110 0.183671 0.259954
v -0.252549 0.204645 0.263766
v -0.253009 0.185461 0.273709
v -0.259927 0.205871 0.275336
v -0.266874 0.185461 0.276834
v -0.271555 0.204645 0.268051
v -0.271042 0.223776 0.258147
v -0.265281 0.243415 0.251587
v -0.257261 0.223776 0.255041
v -0.253723 0.244634 0.258828
v -0.254179 0.225555 0.268712
v -0.261056 0.245853 0.270328
v -0.267960 0.225555 0.271818
v -0.272614 0.244634 0.263086
v -0.272105 0.263671 0.253240
v -0.266379 0.283221 0.246716
v -0.258407 0.263671 0.250152
v -0.254891 0.284433 0.253913
v -0.255344 0.265439 0.263741
v -0.262180 0.285644 0.265343
v -0.269041 0.265439 0.266829
v -0.273667 0.284433 0.258146
v -0.273162 0.303391 0.248355
v -0.267472 0.322865 0.241865
v -0.259548 0.303391 0.245286
v -0.256054 0.324069 0.249018
v -0.256503 0.305148 0.258792
v -0.263299 0.325274 0.260379
v -0.270118 0.305148 0.261861
v -0.274717 0.324069 0.253225
v -0.274217 0.342949 0.243488
v -0.268562 0.362275 0.237029
v -0.260683 0.342949 0.240437
v -0.257198 0.363474 0.244149
v -0.257657 0.344696 0.253864
v -0.264408 0.364673 0.255457
v -0.271190 0.344696 0.256915
v -0.275773 0.363474 0.248337
v -0.275298 0.382139 0.238645
v -0.261786 0.382139 0.235599
v -0.258764 0.383883 0.249003
v -0.272276 0.383883 0.252049
v 0.277061 0.649221 0.215827
v 0.273711 0.649285 0.215541
v 0.282588 0.568843 0.220180
v 0.262465 0.566602 0.217583
v 0.272314 0.571971 0.229458
v 0.268738 0.590075 0.225170
v 0.277903 0.604585 0.224401
v 0.280812 0.586759 0.222894
v 0.282070 0.593401 0.209562
v 0.282046 0.575432 0.204857
v 0.273425 0.649350 0.218891
v 0.270049 0.585395 0.198306
v 0.261647 0.572583 0.205856
v 0.262325 0.579963 0.214927
v 0.265017 0.595237 0.210132
v 0.267542 0.606115 0.221200
v 0.276776 0.649285 0.219178
v 0.269893 0.607261 0.209962
v 0.280253 0.607675 0.211290
v 0.276507 0.597695 0.204311
v 0.281676 0.614998 0.218432
v 0.279569 0.621719 0.213697
v 0.275235 0.615432 0.210499
v 0.270562 0.621917 0.212915
v 0.267362 0.615595 0.216955
v 0.269777 0.622075 0.221933
v 0.273695 0.615319 0.224997
v 0.278784 0.621876 0.222714
v 0.280763 0.627406 0.218247
v 0.278935 0.632551 0.214248
v 0.275304 0.627410 0.211765
v 0.271500 0.632694 0.213612
v 0.268824 0.627639 0.217223
v 0.270867 0.632836 0.221047
v 0.274283 0.627636 0.223706
v 0.278302 0.632694 0.221683
v 0.279875 0.637465 0.217980
v 0.278354 0.642071 0.214738
v 0.275417 0.637465 0.212690
v 0.272351 0.642186 0.214224
v 0.270128 0.637652 0.217146
v 0.271840 0.642300 0.220227
v 0.274586 0.637652 0.222437
v 0.277842 0.642186 0.220741
v 0.278947 0.646283 0.217732
v 0.275504 0.646283 0.213646
v 0.271419 0.646427 0.217088
v 0.274862 0.646427 0.221174
v 0.270336 0.382024 0.234598
v 0.258989 0.383221 0.241707
v 0.266188 0.384418 0.252997
v 0.277535 0.383221 0.245888
v 0.277088 0.401962 0.236183
v 0.271453 0.421399 0.229643
v 0.263557 0.401962 0.233133
v 0.260009 0.422607 0.236813
v 0.260531 0.403708 0.246556
v 0.267270 0.423814 0.248199
v 0.274062 0.403708 0.249606
v 0.278714 0.422607 0.241030
v 0.278294 0.441842 0.231186
v 0.272609 0.461907 0.224517
v 0.264612 0.441842 0.228101
v 0.261031 0.463128 0.231771
v 0.261552 0.443608 0.241675
v 0.268376 0.464349 0.243291
v 0.275234 0.443608 0.244759
v 0.279954 0.463128 0.236037
v 0.279537 0.482815 0.226049
v 0.273786 0.503185 0.219294
v 0.265693 0.482815 0.222929
v 0.262072 0.504421 0.226633
v 0.262597 0.484601 0.236662
v 0.269504 0.505657 0.238289
v 0.276441 0.484601 0.239783
v 0.281219 0.504421 0.230949
v 0.280755 0.523919 0.220885
v 0.274621 0.541567 0.214543
v 0.266750 0.523920 0.217772
v 0.262923 0.542777 0.222047
v 0.263644 0.525720 0.231637
v 0.270553 0.543983 0.233585
v 0.277644 0.525720 0.234779
v 0.282250 0.542773 0.226082
v 0.281114 0.555523 0.216185
v 0.273585 0.561878 0.209351
v 0.266758 0.555422 0.214146
v 0.264394 0.557713 0.227652
v 0.278503 0.557694 0.230444
v 0.261365 0.516558 0.121261
v 0.250677 0.525556 0.118684
v 0.259942 0.535190 0.113895
v 0.270630 0.526192 0.116472
v 0.270372 0.527255 0.138622
v 0.255873 0.526853 0.140383
v 0.265528 0.533540 0.159644
v 0.254817 0.540303 0.134814
v 0.254788 0.542294 0.156685
v 0.269316 0.540705 0.133052
v 0.263964 0.551511 0.151149
v 0.274705 0.542756 0.154108
v 0.253468 0.465695 -0.024937
v 0.242824 0.474890 -0.026894
v 0.252151 0.484848 -0.030854
v 0.262795 0.475653 -0.028897
v 0.261817 0.474556 -0.008030
v 0.247269 0.473903 -0.006881
v 0.255497 0.477677 0.011416
v 0.246299 0.487783 -0.011340
v 0.244813 0.486695 0.008905
v 0.260846 0.488436 -0.012489
v 0.254153 0.496711 0.005127
v 0.264837 0.487693 0.007637
v 0.263287 0.486704 0.028081
v 0.248718 0.485947 0.028910
v 0.256874 0.489780 0.047281
v 0.247737 0.499775 0.024289
v 0.246182 0.498762 0.044659
v 0.262306 0.500532 0.023460
v 0.255524 0.508790 0.040917
v 0.266216 0.499808 0.043538
v 0.264692 0.498841 0.063950
v 0.250124 0.498087 0.064786
v 0.258499 0.502252 0.083469
v 0.249141 0.511906 0.060140
v 0.247808 0.511237 0.080857
v 0.263709 0.512659 0.059304
v 0.257135 0.521187 0.076905
v 0.267825 0.512202 0.079517
v 0.266826 0.511999 0.100574
v 0.252292 0.511418 0.101866
v 0.251278 0.525078 0.096800
v 0.265813 0.525660 0.095508
v 0.235799 0.431576 -0.138559
v 0.225776 0.441474 -0.137800
v 0.234722 0.451028 -0.143308
v 0.244746 0.441131 -0.144067
v 0.247580 0.439789 -0.122031
v 0.233437 0.439718 -0.118643
v 0.243627 0.442924 -0.100609
v 0.232580 0.453795 -0.122347
v 0.233134 0.452360 -0.101557
v 0.246723 0.453866 -0.125735
v 0.242385 0.462213 -0.105959
v 0.252878 0.452778 -0.105011
v 0.253301 0.451498 -0.083433
v 0.238856 0.451114 -0.081296
v 0.248868 0.454340 -0.062647
v 0.237933 0.465128 -0.085271
v 0.238281 0.463694 -0.064051
v 0.252379 0.465513 -0.087408
v 0.247589 0.473601 -0.068193
v 0.258176 0.464247 -0.066789
v 0.258478 0.462818 -0.045338
v 0.243984 0.462358 -0.043575
v 0.243041 0.476335 -0.047723
v 0.257535 0.476796 -0.049487
v 0.216579 0.422308 -0.174797
v 0.207755 0.432774 -0.171775
v 0.215871 0.441955 -0.178811
v 0.224694 0.431489 -0.181834
v 0.234116 0.429013 -0.160597
v 0.220838 0.429591 -0.154796
v 0.220160 0.443809 -0.157991
v 0.233438 0.443231 -0.163793
v 0.106469 0.405343 -0.249515
v 0.103303 0.416746 -0.241735
v 0.106339 0.425165 -0.252758
v 0.109505 0.413762 -0.260538
v 0.125060 0.408228 -0.251533
v 0.120067 0.410367 -0.237985
v 0.136421 0.407892 -0.239437
v 0.119905 0.424779 -0.240359
v 0.132643 0.419241 -0.231848
v 0.124899 0.422640 -0.253908
v 0.136205 0.427708 -0.242696
v 0.139983 0.416359 -0.250285
v 0.150197 0.410697 -0.242287
v 0.144180 0.412713 -0.229186
v 0.158299 0.410373 -0.229415
v 0.144058 0.427128 -0.231540
v 0.153490 0.421612 -0.222318
v 0.150075 0.425112 -0.244641
v 0.158194 0.430202 -0.232621
v 0.163003 0.418963 -0.239717
v 0.176712 0.414266 -0.225886
v 0.168834 0.416107 -0.213826
v 0.188748 0.415257 -0.206209
v 0.168790 0.430530 -0.216146
v 0.182417 0.426309 -0.200301
v 0.176668 0.428690 -0.228206
v 0.188613 0.435067 -0.209506
v 0.194944 0.424015 -0.215414
v 0.208874 0.420557 -0.196325
v 0.198113 0.421890 -0.187094
v 0.197826 0.436247 -0.189718
v 0.208587 0.434914 -0.198948
v 0.019006 0.405262 -0.272142
v 0.018058 0.407543 -0.257845
v 0.036423 0.403708 -0.262965
v 0.018201 0.421976 -0.260107
v 0.035461 0.415199 -0.254691
v 0.019148 0.419695 -0.274404
v 0.036764 0.423554 -0.266075
v 0.037726 0.412062 -0.274350
v 0.055404 0.405317 -0.268338
v 0.053406 0.407596 -0.254057
v 0.072117 0.403953 -0.257846
v 0.053687 0.422028 -0.256321
v 0.070560 0.415428 -0.249671
v 0.055686 0.419750 -0.270602
v 0.072418 0.423794 -0.260983
v 0.073975 0.412320 -0.269158
v 0.091284 0.406054 -0.261491
v 0.087787 0.408271 -0.247568
v 0.087849 0.422694 -0.249887
v 0.091346 0.420477 -0.263811
v 0.274841 0.546103 0.175347
v 0.260389 0.545900 0.177390
v 0.270127 0.553399 0.192784
v 0.259051 0.558124 0.169888
v 0.259100 0.561193 0.188168
v 0.273502 0.558329 0.167815
v 0.267859 0.569111 0.180708
v 0.278887 0.561317 0.185325
v 0.278992 0.562741 0.200829
v 0.264445 0.562600 0.202044
v 0.262446 0.574407 0.193373
v 0.276902 0.574828 0.191215
v 0.260554 0.027626 0.277992
v 0.248616 0.028885 0.285471
v 0.256190 0.030144 0.297349
v 0.268128 0.028885 0.289870
v 0.267489 0.044305 0.280222
v 0.261507 0.062195 0.273762
v 0.253332 0.044305 0.277030
v 0.249630 0.063448 0.281203
v 0.250166 0.046132 0.291074
v 0.257166 0.064701 0.293020
v 0.264323 0.046132 0.294266
v 0.269043 0.063448 0.285579
v 0.268499 0.082217 0.275559
v 0.262612 0.102261 0.268859
v 0.254421 0.082217 0.272385
v 0.250806 0.103506 0.276256
v 0.251273 0.084034 0.286350
v 0.258297 0.104751 0.288003
v 0.265350 0.084034 0.289524
v 0.270103 0.103506 0.280606
v 0.269585 0.123004 0.270542
v 0.263735 0.142970 0.263878
v 0.255593 0.123004 0.267388
v 0.252001 0.144208 0.271230
v 0.252464 0.124810 0.281268
v 0.259446 0.145445 0.282905
v 0.266455 0.124810 0.284422
v 0.271181 0.144208 0.275553
v 0.270664 0.163526 0.265558
v 0.264849 0.183336 0.258938
v 0.256757 0.163526 0.262423
v 0.253185 0.184566 0.266246
v 0.253646 0.165321 0.276219
v 0.260585 0.185797 0.277851
v 0.267553 0.165321 0.279354
v 0.272249 0.184566 0.270543
v 0.271735 0.203752 0.260610
v 0.265955 0.223442 0.254031
v 0.257912 0.203753 0.257494
v 0.254362 0.224665 0.261294
v 0.254821 0.205537 0.271207
v 0.261718 0.225888 0.272829
v 0.268643 0.205537 0.274323
v 0.273311 0.224665 0.265565
v 0.272800 0.243747 0.255691
v 0.267056 0.263340 0.249149
v 0.259061 0.243747 0.252594
v 0.255533 0.264555 0.256368
v 0.255988 0.245521 0.266223
v 0.262844 0.265771 0.267833
v 0.269727 0.245521 0.269321
v 0.274367 0.264555 0.260613
v 0.273860 0.283551 0.250795
v 0.268152 0.303062 0.244288
v 0.260204 0.283551 0.247717
v 0.256699 0.304270 0.251463
v 0.257150 0.285314 0.261264
v 0.263965 0.305478 0.262859
v 0.270806 0.285314 0.264342
v 0.275418 0.304270 0.255683
v 0.274915 0.323193 0.245919
v 0.269243 0.342633 0.239446
v 0.261342 0.323193 0.242859
v 0.257860 0.343834 0.246577
v 0.258307 0.324945 0.256324
v 0.265082 0.345034 0.257903
v 0.271880 0.324945 0.259384
v 0.276466 0.343834 0.250772
v 0.275970 0.362688 0.241060
v 0.262475 0.362688 0.238017
v 0.259457 0.364430 0.251405
v 0.272952 0.364430 0.254447
v -0.262691 0.398485 0.233118
v -0.262720 0.392166 0.239437
v -0.262748 0.398485 0.245755
v -0.262720 0.404803 0.239437
v 0.268873 0.398485 0.235534
v 0.268844 0.404803 0.241853
v 0.268815 0.398485 0.248171
v 0.268844 0.392166 0.241853
v -0.255553 0.391870 0.232855
v -0.243314 0.388983 0.239525
v -0.255613 0.391870 0.246084
v -0.243357 0.398485 0.249027
v -0.255613 0.405099 0.246084
v -0.243314 0.407987 0.239525
v -0.255553 0.405099 0.232855
v -0.243270 0.398485 0.230023
v -0.226219 0.391574 0.232692
v -0.206690 0.388983 0.239691
v -0.226282 0.391574 0.246513
v -0.206733 0.398485 0.249193
v -0.226282 0.405395 0.246513
v -0.206690 0.407987 0.239691
v -0.226219 0.405395 0.232692
v -0.206647 0.398485 0.230190
v -0.186682 0.391574 0.232872
v -0.166737 0.388983 0.239873
v -0.186745 0.391574 0.246693
v -0.166780 0.398485 0.249375
v -0.186745 0.405395 0.246693
v -0.166737 0.407987 0.239873
v -0.186682 0.405395 0.232872
v -0.166694 0.398485 0.230371
v -0.146729 0.391574 0.233053
v -0.126784 0.388983 0.240055
v -0.146792 0.391574 0.246874
v -0.126828 0.398485 0.249556
v -0.146792 0.405395 0.246874
v -0.126784 0.407987 0.240055
v -0.146729 0.405395 0.233053
v -0.126741 0.398485 0.230553
v -0.106777 0.391574 0.233235
v -0.086832 0.388983 0.240236
v -0.106839 0.391574 0.247056
v -0.086875 0.398485 0.249738
v -0.106839 0.405395 0.247056
v -0.086832 0.407987 0.240236
v -0.106777 0.405395 0.233235
v -0.086788 0.398485 0.230734
v -0.066824 0.391574 0.233417
v -0.046879 0.388983 0.240418
v -0.066887 0.391574 0.247237
v -0.046922 0.398485 0.249920
v -0.066887 0.405395 0.247237
v -0.046879 0.407987 0.240418
v -0.066824 0.405395 0.233417
v -0.046836 0.398485 0.230916
v -0.026871 0.391574 0.233598
v -0.006926 0.388983 0.240599
v -0.026934 0.391574 0.247419
v -0.006969 0.398485 0.250101
v -0.026934 0.405395 0.247419
v -0.006926 0.407987 0.240599
v -0.026871 0.405395 0.233598
v -0.006883 0.398485 0.231098
v 0.013082 0.391574 0.233780
v 0.033027 0.388983 0.240781
v 0.013019 0.391574 0.247601
v 0.032984 0.398485 0.250283
v 0.013019 0.405395 0.247601
v 0.033027 0.407987 0.240781
v 0.013082 0.405395 0.233780
v 0.033070 0.398485 0.231279
v 0.053035 0.391574 0.233961
v 0.072980 0.388983 0.240963
v 0.052972 0.391574 0.247782
v 0.072936 0.398485 0.250464
v 0.052972 0.405395 0.247782
v 0.072980 0.407987 0.240963
v 0.053035 0.405395 0.233961
v 0.073023 0.398485 0.231461
v 0.092987 0.391574 0.234143
v 0.112933 0.388983 0.241144
v 0.092925 0.391574 0.247964
v 0.112889 0.398485 0.250646
v 0.092925 0.405395 0.247964
v 0.112932 0.407987 0.241144
v 0.092987 0.405395 0.234143
v 0.112976 0.398485 0.231642
v 0.132940 0.391574 0.234325
v 0.152885 0.388983 0.241326
v 0.132877 0.391574 0.248145
v 0.152842 0.398485 0.250828
v 0.132877 0.405395 0.248145
v 0.152885 0.407987 0.241326
v 0.132940 0.405395 0.234325
v 0.152929 0.398485 0.231824
v 0.172893 0.391574 0.234506
v 0.192838 0.388983 0.241507
v 0.172830 0.391574 0.248327
v 0.192795 0.398485 0.251009
v 0.172830 0.405395 0.248327
v 0.192838 0.407987 0.241507
v 0.172893 0.405395 0.234506
v 0.192881 0.398485 0.232006
v 0.212430 0.391574 0.234686
v 0.229462 0.388983 0.241674
v 0.212367 0.391574 0.248507
v 0.229418 0.398485 0.251176
v 0.212367 0.405395 0.248507
v 0.229462 0.407987 0.241674
v 0.212430 0.405395 0.234686
v 0.229505 0.398485 0.232172
v 0.242394 0.391574 0.234822
v 0.252767 0.388983 0.241780
v 0.242332 0.391574 0.248643
v 0.252724 0.398485 0.251282
v 0.242332 0.405395 0.248643
v 0.252767 0.407987 0.241780
v 0.242394 0.405395 0.234822
v 0.252811 0.398485 0.232278
v 0.262154 0.391870 0.235208
v 0.262094 0.391870 0.248437
v 0.262094 0.405099 0.248437
v 0.262154 0.405099 0.235208
v -0.134490 0.399920 -0.248575
v -0.141475 0.392652 -0.246570
v -0.148450 0.399920 -0.244528
v -0.141464 0.407187 -0.246533
v 0.009176 0.398554 0.235019
v 0.002201 0.405822 0.237061
v -0.004784 0.398554 0.239066
v 0.002191 0.391286 0.237024
v -0.131898 0.392290 -0.240859
v -0.135305 0.388932 -0.225287
v -0.146513 0.392290 -0.236622
v -0.145794 0.399861 -0.222216
v -0.146501 0.407506 -0.236584
v -0.135289 0.410790 -0.225231
v -0.131887 0.407506 -0.240820
v -0.124800 0.399861 -0.228302
v -0.122241 0.391861 -0.208770
v -0.123656 0.388821 -0.185102
v -0.137509 0.391861 -0.204344
v -0.134145 0.399750 -0.182031
v -0.137498 0.407758 -0.204303
v -0.123640 0.410679 -0.185047
v -0.122229 0.407758 -0.208730
v -0.113151 0.399750 -0.188118
v -0.109665 0.391742 -0.165389
v -0.110947 0.388701 -0.141265
v -0.124933 0.391742 -0.160963
v -0.121436 0.399630 -0.138194
v -0.124922 0.407638 -0.160922
v -0.110931 0.410559 -0.141209
v -0.109653 0.407638 -0.165349
v -0.100442 0.399630 -0.144280
v -0.096957 0.391621 -0.121552
v -0.098239 0.388580 -0.097427
v -0.112225 0.391621 -0.117125
v -0.108728 0.399509 -0.094357
v -0.112213 0.407518 -0.117085
v -0.098223 0.410438 -0.097372
v -0.096945 0.407518 -0.121511
v -0.087734 0.399509 -0.100443
v -0.084248 0.391500 -0.077714
v -0.085530 0.388459 -0.053590
v -0.099517 0.391500 -0.073288
v -0.096019 0.399388 -0.050519
v -0.099505 0.407397 -0.073248
v -0.085514 0.410317 -0.053534
v -0.084237 0.407397 -0.077674
v -0.075026 0.399388 -0.056605
v -0.071540 0.391379 -0.033877
v -0.072822 0.388338 -0.009752
v -0.086808 0.391379 -0.029450
v -0.083311 0.399267 -0.006682
v -0.086796 0.407276 -0.029410
v -0.072806 0.410196 -0.009697
v -0.071528 0.407276 -0.033836
v -0.062317 0.399267 -0.012768
v -0.058832 0.391258 0.009961
v -0.060114 0.388217 0.034085
v -0.074100 0.391258 0.014387
v -0.070602 0.399146 0.037156
v -0.074088 0.407155 0.014427
v -0.060098 0.410075 0.034141
v -0.058820 0.407155 0.010001
v -0.049609 0.399146 0.031070
v -0.046123 0.391138 0.053798
v -0.047405 0.388097 0.077923
v -0.061391 0.391138 0.058224
v -0.057894 0.399026 0.080993
v -0.061380 0.407034 0.058265
v -0.047389 0.409955 0.077978
v -0.046111 0.407034 0.053839
v -0.036900 0.399026 0.074907
v -0.033415 0.391017 0.097636
v -0.034697 0.387976 0.121760
v -0.048683 0.391017 0.102062
v -0.045186 0.398905 0.124831
v -0.048671 0.406914 0.102102
v -0.034681 0.409834 0.121816
v -0.033403 0.406914 0.097676
v -0.024192 0.398905 0.118745
v -0.020706 0.390896 0.141473
v -0.021988 0.387855 0.165597
v -0.035975 0.390896 0.145899
v -0.032477 0.398784 0.168668
v -0.035963 0.406793 0.145940
v -0.021972 0.409713 0.165653
v -0.020695 0.406793 0.141514
v -0.011483 0.398784 0.162582
v -0.008130 0.390776 0.184604
v -0.010339 0.387744 0.203785
v -0.023399 0.390776 0.189031
v -0.020828 0.398673 0.206856
v -0.023387 0.406673 0.189071
v -0.010323 0.409602 0.203841
v -0.008119 0.406673 0.184645
v 0.000166 0.398673 0.200770
v 0.001401 0.390686 0.211743
v -0.002926 0.387674 0.221371
v -0.013867 0.390686 0.216169
v -0.013415 0.398603 0.224442
v -0.013855 0.406583 0.216209
v -0.002910 0.409532 0.221427
v 0.001413 0.406583 0.211783
v 0.007579 0.398603 0.218356
v 0.007360 0.390966 0.227780
v -0.007254 0.390966 0.232017
v -0.007243 0.406182 0.232055
v 0.007371 0.406182 0.227819
v 0.135715 0.399920 -0.248575
v 0.142701 0.392652 -0.246570
v 0.149676 0.399920 -0.244528
v 0.142690 0.407187 -0.246533
v -0.007951 0.398554 0.235019
v -0.000976 0.405822 0.237061
v 0.006010 0.398554 0.239066
v -0.000965 0.391286 0.237024
v 0.133124 0.392290 -0.240859
v 0.136531 0.388932 -0.225287
v 0.147738 0.392290 -0.236622
v 0.147019 0.399861 -0.222216
v 0.147727 0.407506 -0.236584
v 0.136515 0.410790 -0.225231
v 0.133113 0.407506 -0.240820
v 0.126026 0.399861 -0.228302
v 0.123467 0.391861 -0.208770
v 0.124881 0.388821 -0.185102
v 0.138735 0.391861 -0.204344
v 0.135370 0.399750 -0.182031
v 0.138723 0.407758 -0.204303
v 0.124865 0.410679 -0.185047
v 0.123455 0.407758 -0.208730
v 0.114376 0.399750 -0.188118
v 0.110891 0.391742 -0.165389
v 0.112173 0.388701 -0.141265
v 0.126159 0.391742 -0.160963
v 0.122662 0.399630 -0.138194
v 0.126147 0.407638 -0.160922
v 0.112157 0.410559 -0.141209
v 0.110879 0.407638 -0.165349
v 0.101668 0.399630 -0.144280
v 0.098182 0.391621 -0.121552
v 0.099464 0.388580 -0.097427
v 0.113451 0.391621 -0.117125
v 0.109953 0.399509 -0.094357
v 0.113439 0.407518 -0.117085
v 0.099448 0.410438 -0.097372
v 0.098171 0.407518 -0.121511
v 0.088959 0.399509 -0.100443
v 0.085474 0.391500 -0.077714
v 0.086756 0.388459 -0.053590
v 0.100742 0.391500 -0.073288
v 0.097245 0.399388 -0.050519
v 0.100730 0.407397 -0.073248
v 0.086740 0.410317 -0.053534
v 0.085462 0.407397 -0.077674
v 0.076251 0.399388 -0.056605
v 0.072766 0.391379 -0.033877
v 0.074048 0.388338 -0.009752
v 0.088034 0.391379 -0.029450
v 0.084536 0.399267 -0.006682
v 0.088022 0.407276 -0.029410
v 0.074032 0.410196 -0.009697
v 0.072754 0.407276 -0.033836
v 0.063543 0.399267 -0.012768
v 0.060057 0.391258 0.009961
v 0.061339 0.388217 0.034085
v 0.075325 0.391258 0.014387
v 0.071828 0.399146 0.037156
v 0.075314 0.407155 0.014427
v 0.061323 0.410075 0.034141
v 0.060045 0.407155 0.010001
v 0.050834 0.399146 0.031070
v 0.047349 0.391138 0.053798
v 0.048631 0.388097 0.077923
v 0.062617 0.391138 0.058224
v 0.059120 0.399026 0.080993
v 0.062605 0.407034 0.058265
v 0.048615 0.409955 0.077978
v 0.047337 0.407034 0.053839
v 0.038126 0.399026 0.074907
v 0.034640 0.391017 0.097636
v 0.035922 0.387976 0.121760
v 0.049909 0.391017 0.102062
v 0.046411 0.398905 0.124831
v 0.049897 0.406914 0.102102
v 0.035906 0.409834 0.121816
v 0.034629 0.406914 0.097676
v 0.025417 0.398905 0.118745
v 0.021932 0.390896 0.141473
v 0.023214 0.387855 0.165597
v 0.037200 0.390896 0.145899
v 0.033703 0.398784 0.168668
v 0.037188 0.406793 0.145940
v 0.023198 0.409713 0.165653
v 0.021920 0.406793 0.141514
v 0.012709 0.398784 0.162582
v 0.009356 0.390776 0.184604
v 0.011565 0.387744 0.203785
v 0.024624 0.390776 0.189031
v 0.022053 0.398673 0.206856
v 0.024612 0.406673 0.189071
v 0.011549 0.409602 0.203841
v 0.009344 0.406673 0.184645
v 0.001060 0.398673 0.200770
v -0.000175 0.390686 0.211743
v 0.004151 0.387674 0.221371
v 0.015093 0.390686 0.216169
v 0.014640 0.398603 0.224442
v 0.015081 0.406583 0.216209
v 0.004135 0.409532 0.221427
v -0.000187 0.406583 0.211783
v -0.006354 0.398603 0.218356
v -0.006134 0.390966 0.227780
v 0.008480 0.390966 0.232017
v 0.008469 0.406182 0.232055
v -0.006146 0.406182 0.227819
v -0.230702 0.002715 -0.320178
v -0.222169 0.004127 -0.317646
v -0.219034 -0.001408 -0.311263
v -0.223735 -0.000548 -0.317759
v -0.230908 0.000620 -0.318831
v -0.221070 -0.002856 -0.311314
v -0.226442 -0.001428 -0.314622
v -0.220464 0.001209 -0.302759
v -0.228293 -0.001408 -0.299143
v -0.222166 -0.003233 -0.304059
v -0.228877 -0.002856 -0.301095
v -0.225527 -0.002995 -0.306627
v -0.235276 0.004127 -0.300491
v -0.239962 0.002715 -0.308058
v -0.235796 -0.000548 -0.301972
v -0.238716 0.000620 -0.308612
v -0.233482 -0.001428 -0.305409
v -0.236981 0.007045 -0.315378
v -0.237365 0.002138 -0.315672
v -0.234397 0.000139 -0.313404
v 0.232134 0.000620 -0.318831
v 0.227668 -0.001428 -0.314622
v 0.222295 -0.002856 -0.311314
v 0.224960 -0.000548 -0.317759
v 0.231928 0.002715 -0.320178
v 0.220259 -0.001408 -0.311263
v 0.223395 0.004127 -0.317646
v 0.226752 -0.002995 -0.306627
v 0.230103 -0.002856 -0.301095
v 0.223391 -0.003233 -0.304059
v 0.229519 -0.001408 -0.299143
v 0.221690 0.001209 -0.302759
v 0.234707 -0.001428 -0.305409
v 0.239942 0.000620 -0.308612
v 0.237022 -0.000548 -0.301972
v 0.241187 0.002715 -0.308058
v 0.236502 0.004127 -0.300491
v 0.235623 0.000139 -0.313404
v 0.238591 0.002138 -0.315672
v 0.238207 0.007045 -0.315378
v -0.248039 0.002029 0.296325
v -0.254396 0.008979 0.299868
v -0.261659 0.002029 0.299395
v -0.254351 0.000624 0.300068
v -0.249368 -0.000372 0.295732
v -0.260713 -0.000372 0.298290
v -0.255164 -0.000767 0.296465
v -0.251085 0.000271 0.282813
v -0.246900 0.007732 0.288113
v -0.247498 -0.000516 0.289321
v -0.251905 -0.001836 0.284477
v -0.251218 -0.001423 0.290277
v -0.264705 0.000271 0.285884
v -0.258715 0.006486 0.280711
v -0.258300 -0.001655 0.282553
v -0.263250 -0.001836 0.287035
v -0.257437 -0.002079 0.286381
v -0.266211 0.007732 0.292466
v -0.265153 -0.000516 0.293301
v -0.261383 -0.001423 0.292569
v 0.250594 -0.000372 0.295732
v 0.256389 -0.000767 0.296465
v 0.261939 -0.000372 0.298290
v 0.255577 0.000624 0.300068
v 0.249256 0.001733 0.296362
v 0.262877 0.001733 0.299432
v 0.255555 0.006611 0.300165
v 0.253131 -0.001836 0.284477
v 0.252444 -0.001423 0.290277
v 0.248724 -0.000516 0.289321
v 0.252302 -0.000025 0.282850
v 0.248056 0.005364 0.288405
v 0.264476 -0.001836 0.287035
v 0.258662 -0.002079 0.286381
v 0.259525 -0.001655 0.282553
v 0.265923 -0.000025 0.285920
v 0.259875 0.004118 0.281000
v 0.262608 -0.001423 0.292569
v 0.266379 -0.000516 0.293301
v 0.267374 0.005364 0.292760
v -0.228290 0.013828 -0.318726
v -0.216147 0.009537 -0.309448
v -0.225783 0.009537 -0.296836
v -0.237927 0.013828 -0.306113
v 0.229516 0.013828 -0.318726
v 0.217373 0.009537 -0.309448
v 0.227009 0.009537 -0.296836
v 0.239152 0.013828 -0.306113
v -0.265639 0.021388 0.283050
v -0.251458 0.021388 0.279853
v -0.262467 0.023219 0.297118
v -0.248286 0.023219 0.293921
v 0.266671 0.014149 0.283940
v 0.252475 0.014149 0.280740
v 0.263497 0.015981 0.298023
v 0.249301 0.015981 0.294823
v -0.132578 0.435070 -0.235613
v -0.226737 0.042766 -0.293798
v -0.228463 0.045720 -0.308870
v -0.213467 0.042766 -0.311167
v -0.202075 0.083137 -0.288709
v -0.217071 0.086091 -0.286413
v -0.218797 0.089046 -0.301485
v -0.203801 0.086091 -0.303782
v -0.192294 0.126979 -0.281236
v -0.207290 0.129934 -0.278940
v -0.209016 0.132888 -0.294012
v -0.194020 0.129934 -0.296309
v -0.182512 0.170822 -0.273763
v -0.197509 0.173776 -0.271467
v -0.199235 0.176730 -0.286539
v -0.184238 0.173776 -0.288836
v -0.172731 0.214664 -0.266290
v -0.187727 0.217618 -0.263994
v -0.189453 0.220572 -0.279066
v -0.174457 0.217618 -0.281363
v -0.162950 0.258506 -0.258817
v -0.177946 0.261460 -0.256521
v -0.179672 0.264414 -0.271593
v -0.164676 0.261460 -0.273890
v -0.153168 0.302348 -0.251344
v -0.168165 0.305302 -0.249047
v -0.169891 0.308257 -0.264120
v -0.154894 0.305302 -0.266416
v -0.143387 0.346190 -0.243871
v -0.158383 0.349145 -0.241574
v -0.160109 0.352099 -0.256647
v -0.145113 0.349145 -0.258943
v -0.133708 0.389576 -0.236476
v -0.148704 0.392530 -0.234179
v -0.150430 0.395484 -0.249252
v -0.135434 0.392530 -0.251548
v 0.212966 0.039812 -0.296094
v -0.126852 0.422007 -0.231238
v -0.141217 0.424837 -0.229038
v -0.142870 0.427667 -0.243476
v -0.128505 0.424837 -0.245676
v 0.133804 0.435070 -0.235613
v 0.227963 0.042766 -0.293798
v 0.229689 0.045720 -0.308870
v 0.214693 0.042766 -0.311167
v 0.203300 0.083137 -0.288709
v 0.218297 0.086091 -0.286413
v 0.220023 0.089046 -0.301485
v 0.205027 0.086091 -0.303782
v 0.193519 0.126979 -0.281236
v 0.208515 0.129934 -0.278940
v 0.210242 0.132888 -0.294012
v 0.195245 0.129934 -0.296309
v 0.183738 0.170822 -0.273763
v 0.198734 0.173776 -0.271467
v 0.200460 0.176730 -0.286539
v 0.185464 0.173776 -0.288836
v 0.173957 0.214664 -0.266290
v 0.188953 0.217618 -0.263994
v 0.190679 0.220572 -0.279066
v 0.175683 0.217618 -0.281363
v 0.164175 0.258506 -0.258817
v 0.179172 0.261460 -0.256521
v 0.180898 0.264414 -0.271593
v 0.165901 0.261460 -0.273890
v 0.154394 0.302348 -0.251344
v 0.169390 0.305302 -0.249048
v 0.171116 0.308257 -0.264120
v 0.156120 0.305302 -0.266417
v 0.144613 0.346190 -0.243871
v 0.159609 0.349145 -0.241574
v 0.161335 0.352099 -0.256647
v 0.146339 0.349145 -0.258943
v 0.134933 0.389576 -0.236476
v 0.149929 0.392530 -0.234179
v 0.151656 0.395484 -0.249252
v 0.136659 0.392530 -0.251548
v 0.128077 0.422007 -0.231238
v 0.142443 0.424837 -0.229038
v 0.144096 0.427667 -0.243476
v 0.129731 0.424837 -0.245676
v -0.040445 0.523795 -0.261851
v -0.046386 0.518268 -0.305266
v -0.259969 0.642275 -0.190792
v -0.231327 0.524504 -0.085641
v -0.274979 0.519850 -0.092209
v -0.239116 0.551906 0.028093
v -0.283278 0.546783 0.027661
v -0.244635 0.647181 0.121088
v -0.288784 0.653765 0.121084
v -0.243427 0.578759 0.131405
v -0.287789 0.574547 0.133599
v -0.242465 0.640842 0.011567
v -0.286792 0.643969 0.010252
v -0.236150 0.638546 -0.100283
v -0.279885 0.638475 -0.107831
v -0.254538 0.505812 -0.182064
v -0.043067 0.708809 -0.287094
v -0.050082 0.703423 -0.330407
v -0.244591 0.609039 0.194755
v -0.288157 0.606400 0.199077
v -0.244314 0.655581 0.193288
v -0.287245 0.663931 0.192729
v 0.041567 0.523809 -0.261885
v 0.047612 0.518268 -0.305266
v 0.221657 0.644015 -0.171446
v 0.261195 0.642247 -0.190792
v 0.232505 0.523826 -0.085739
v 0.276204 0.519183 -0.092209
v 0.240342 0.551877 0.028093
v 0.284504 0.546754 0.027661
v 0.245960 0.647181 0.121088
v 0.290110 0.653765 0.121084
v 0.244657 0.578759 0.131405
v 0.289019 0.574547 0.133599
v 0.243695 0.640841 0.011567
v 0.288022 0.643968 0.010252
v 0.237326 0.638541 -0.100381
v 0.281111 0.638447 -0.107831
v 0.216130 0.508865 -0.163306
v 0.255763 0.505145 -0.182064
v 0.044195 0.708852 -0.287141
v 0.051308 0.703423 -0.330407
v 0.245820 0.609039 0.194755
v 0.289386 0.606400 0.199077
v 0.245640 0.655581 0.193288
v 0.288571 0.663931 0.192729
v -0.126337 0.685031 -0.255908
v -0.145935 0.681336 -0.295382
v -0.218230 0.655282 -0.246470
v -0.120485 0.515042 -0.242295
v -0.138416 0.510769 -0.282517
v -0.211221 0.504402 -0.241198
v 0.219456 0.655281 -0.246470
v 0.147161 0.681336 -0.295382
v 0.139642 0.510769 -0.282517
v 0.212446 0.504373 -0.241198
v 0.274665 0.667975 0.212406
v 0.273004 0.668097 0.212990
v 0.266369 0.666144 0.212361
v 0.267978 0.666895 0.213002
v 0.271954 0.576722 0.198966
v 0.270171 0.576629 0.199434
v 0.263097 0.578562 0.197521
v 0.264679 0.577776 0.198533
v 0.270720 0.688172 0.188516
v 0.268914 0.688459 0.189109
v 0.262008 0.685127 0.189173
v 0.263504 0.686491 0.189563
v 0.276561 0.627265 0.215398
v 0.274924 0.627301 0.215757
v 0.268185 0.627779 0.214034
v 0.269848 0.627642 0.214906
v 0.242122 0.716422 -0.186123
v 0.243862 0.717269 -0.186814
v 0.250299 0.716401 -0.190284
v 0.248957 0.717243 -0.189366
v 0.043153 0.411640 -0.269607
v 0.043431 0.410548 -0.271308
v 0.044238 0.410452 -0.278586
v 0.044072 0.409808 -0.276874
v 0.260057 0.689148 0.114778
v 0.261617 0.690507 0.114778
v 0.268863 0.691763 0.114517
v 0.267073 0.692132 0.114615
v 0.230778 0.433823 -0.168470
v 0.232391 0.432801 -0.169121
v 0.239052 0.432886 -0.172414
v 0.237550 0.432219 -0.171548
v 0.245805 0.458550 -0.081000
v 0.247527 0.457459 -0.081008
v 0.254737 0.457147 -0.082257
v 0.253060 0.456588 -0.081787
v 0.252429 0.499469 0.036871
v 0.254073 0.498266 0.037161
v 0.261315 0.497467 0.036886
v 0.259573 0.497027 0.037172
v 0.257597 0.535872 0.138419
v 0.259185 0.534708 0.138979
v 0.266438 0.533745 0.139117
v 0.264655 0.533396 0.139417
v 0.259570 0.692780 0.001618
v 0.261253 0.693957 0.001589
v 0.268549 0.694390 0.001249
v 0.266814 0.694954 0.001364
v 0.255900 0.701336 -0.112523
v 0.257699 0.702315 -0.112747
v 0.264871 0.701954 -0.114202
v 0.263258 0.702697 -0.113782
v 0.049708 0.796600 -0.321922
v 0.050173 0.797196 -0.323798
v 0.051288 0.795416 -0.331114
v 0.051124 0.796476 -0.329527
v -0.265135 0.666144 0.212360
v -0.266744 0.666896 0.213000
v -0.273430 0.667975 0.212406
v -0.271771 0.668094 0.212990
v -0.261872 0.578562 0.197521
v -0.263454 0.577776 0.198533
v -0.270728 0.576722 0.198966
v -0.268946 0.576629 0.199434
v -0.260583 0.685128 0.189173
v -0.262080 0.686491 0.189562
v -0.269296 0.688172 0.188516
v -0.267490 0.688457 0.189110
v -0.266960 0.627779 0.214034
v -0.268623 0.627642 0.214906
v -0.275336 0.627265 0.215398
v -0.273698 0.627301 0.215757
v -0.249073 0.716401 -0.190284
v -0.247732 0.717243 -0.189366
v -0.043012 0.410452 -0.278586
v -0.042847 0.409808 -0.276874
v -0.041979 0.411641 -0.269589
v -0.042206 0.410545 -0.271304
v -0.267438 0.691763 0.114517
v -0.265648 0.692132 0.114616
v -0.258633 0.689148 0.114778
v -0.260192 0.690507 0.114778
v -0.237820 0.434219 -0.172421
v -0.236325 0.433554 -0.171546
v -0.253509 0.458481 -0.082255
v -0.251834 0.457922 -0.081787
v -0.244602 0.459899 -0.080950
v -0.246306 0.458797 -0.081010
v -0.260089 0.497526 0.036890
v -0.258347 0.497085 0.037171
v -0.251205 0.499528 0.036875
v -0.252849 0.498323 0.037161
v -0.265212 0.533746 0.139117
v -0.263429 0.533396 0.139417
v -0.256373 0.535872 0.138419
v -0.257960 0.534708 0.138980
v -0.267315 0.694390 0.001249
v -0.265580 0.694954 0.001363
v -0.258336 0.692780 0.001618
v -0.260018 0.693957 0.001589
v -0.263645 0.701954 -0.114202
v -0.262033 0.702697 -0.113782
v -0.254699 0.701314 -0.112474
v -0.256477 0.702310 -0.112749
v -0.050063 0.795416 -0.331114
v -0.049898 0.796477 -0.329527
v -0.048529 0.796580 -0.321890
v -0.048949 0.797199 -0.323793
v 0.131087 0.416322 -0.262470
v 0.130509 0.415643 -0.260849
v 0.145678 0.770619 -0.289728
v 0.145182 0.771574 -0.288201
v -0.129862 0.416322 -0.262471
v -0.129283 0.415643 -0.260849
v -0.126371 0.417309 -0.254020
v -0.127145 0.416259 -0.255593
v 0.200574 0.423834 -0.228275
v 0.199477 0.423133 -0.226944
v 0.214701 0.736891 -0.239498
v 0.213792 0.737775 -0.238159
v -0.144452 0.770619 -0.289728
v -0.143956 0.771574 -0.288201
v -0.140204 0.771367 -0.281545
v -0.141346 0.772024 -0.283100
v -0.213475 0.736891 -0.239498
v -0.212567 0.737775 -0.238159
v -0.199346 0.423891 -0.228281
v -0.198253 0.423191 -0.226943
v -0.049609 0.798305 -0.326728
v -0.051092 0.791673 -0.336781
v 0.050835 0.798305 -0.326729
v 0.052318 0.791673 -0.336781
v -0.046597 0.795062 -0.309859
v 0.047731 0.795111 -0.309913
v -0.143079 0.773219 -0.285521
v -0.147326 0.767203 -0.295052
v -0.134834 0.769401 -0.270832
v -0.254788 0.714013 -0.192774
v -0.245374 0.718687 -0.187772
v -0.259210 0.703970 -0.113058
v -0.270035 0.700426 -0.114943
v -0.243219 0.698658 -0.109824
v -0.262549 0.695914 0.001553
v -0.246851 0.689382 0.002498
v -0.273766 0.694016 0.001396
v -0.249596 0.680949 0.190544
v -0.264329 0.688795 0.190213
v -0.262524 0.692743 0.114789
v -0.247430 0.684952 0.115390
v -0.273761 0.692506 0.114647
v -0.275248 0.689624 0.188596
v -0.260325 0.532801 0.139921
v -0.271663 0.533491 0.139641
v -0.265827 0.576487 0.200218
v -0.276883 0.576302 0.200305
v -0.245092 0.539626 0.137598
v -0.250480 0.581540 0.196097
v -0.255311 0.496335 0.037652
v -0.239936 0.503452 0.036715
v -0.266628 0.497631 0.036731
v -0.248906 0.456953 -0.080975
v -0.233324 0.463438 -0.079401
v -0.260032 0.459361 -0.083281
v -0.233702 0.432405 -0.170018
v -0.243684 0.435809 -0.175103
v -0.196334 0.421996 -0.224603
v -0.203707 0.425964 -0.232946
v 0.041819 0.416960 -0.258443
v 0.043782 0.408710 -0.273888
v -0.042557 0.408709 -0.273887
v -0.040697 0.416969 -0.258415
v -0.043815 0.413421 -0.285314
v 0.045041 0.413421 -0.285314
v -0.128269 0.414483 -0.258016
v -0.122032 0.421781 -0.243422
v -0.132399 0.418872 -0.268555
v -0.210961 0.739293 -0.235824
v -0.217868 0.733964 -0.243804
v -0.270936 0.627388 0.216802
v -0.255082 0.627597 0.215418
v -0.281731 0.626256 0.218787
v -0.253539 0.663703 0.215514
v -0.268976 0.668170 0.214504
v -0.279732 0.669134 0.214948
v 0.144306 0.773215 -0.285525
v 0.148551 0.767203 -0.295052
v 0.231677 0.714158 -0.180473
v 0.246598 0.718692 -0.187769
v 0.260435 0.703970 -0.113058
v 0.244403 0.698698 -0.109924
v 0.271261 0.700426 -0.114943
v 0.256013 0.714013 -0.192774
v 0.263783 0.695914 0.001553
v 0.275000 0.694016 0.001396
v 0.248085 0.689382 0.002498
v 0.276670 0.689624 0.188596
v 0.265752 0.688797 0.190213
v 0.263948 0.692743 0.114789
v 0.275182 0.692506 0.114647
v 0.248850 0.684952 0.115390
v 0.251017 0.680949 0.190544
v 0.261550 0.532801 0.139921
v 0.246317 0.539626 0.137598
v 0.267052 0.576487 0.200218
v 0.251705 0.581540 0.196097
v 0.272889 0.533491 0.139641
v 0.278109 0.576302 0.200305
v 0.256538 0.496280 0.037660
v 0.267854 0.497574 0.036731
v 0.241160 0.503395 0.036715
v 0.250127 0.455619 -0.080973
v 0.261259 0.458055 -0.083281
v 0.234513 0.462109 -0.079502
v 0.234913 0.431063 -0.170034
v 0.244910 0.434503 -0.175103
v 0.220424 0.437164 -0.163528
v 0.197551 0.421936 -0.224618
v 0.204933 0.425907 -0.232945
v 0.129496 0.414487 -0.258020
v 0.133624 0.418872 -0.268555
v 0.212185 0.739293 -0.235825
v 0.219093 0.733964 -0.243804
v 0.272162 0.627389 0.216802
v 0.282957 0.626256 0.218788
v 0.256308 0.627597 0.215418
v 0.280970 0.669134 0.214948
v 0.270209 0.668173 0.214505
v 0.254777 0.663702 0.215514
v 0.187635 0.747975 -0.253980
v 0.186872 0.749345 -0.253966
v 0.165496 0.421559 -0.244264
v 0.169109 0.421194 -0.243415
v 0.174126 0.422522 -0.239887
v 0.172006 0.421521 -0.241895
v -0.233238 0.722286 -0.206094
v -0.232636 0.723488 -0.206048
v -0.219812 0.429024 -0.197884
v -0.218873 0.427871 -0.198302
v -0.229626 0.724588 -0.211316
v -0.230095 0.725149 -0.209829
v -0.216142 0.428015 -0.203195
v -0.216378 0.427179 -0.201912
v 0.181835 0.751028 -0.258355
v 0.183278 0.751261 -0.256745
v -0.206713 0.649132 -0.197895
v -0.207560 0.649097 -0.195348
v -0.213422 0.646199 -0.188725
v -0.211556 0.647145 -0.189578
v -0.200061 0.506591 -0.194052
v -0.200752 0.506006 -0.191636
v -0.206861 0.506918 -0.184845
v -0.204870 0.506277 -0.185949
v 0.167088 0.509228 -0.226416
v 0.164777 0.508899 -0.226769
v 0.156743 0.510329 -0.232421
v 0.158769 0.509484 -0.230353
v 0.173344 0.664325 -0.233046
v 0.171155 0.665611 -0.233466
v 0.163396 0.668769 -0.240049
v 0.165593 0.668259 -0.237626
v -0.218648 0.723174 -0.206133
v -0.220098 0.723400 -0.203741
v -0.224908 0.718837 -0.196986
v -0.223784 0.720587 -0.198005
v -0.205187 0.431554 -0.198192
v -0.206373 0.430688 -0.196060
v -0.211557 0.433350 -0.189013
v -0.210145 0.431836 -0.190535
v 0.182803 0.744332 -0.242772
v 0.181088 0.746343 -0.243584
v 0.173066 0.749692 -0.250138
v 0.175772 0.749484 -0.247848
v 0.158938 0.425686 -0.235070
v 0.161371 0.424838 -0.233557
v 0.169422 0.426802 -0.229714
v 0.167335 0.425500 -0.230423
v -0.230911 0.435620 -0.166661
v -0.217758 0.426220 -0.199936
v -0.191806 0.424484 -0.223496
v -0.231297 0.434221 -0.169186
v -0.194449 0.423799 -0.222847
v -0.242295 0.715431 -0.184175
v -0.242752 0.717137 -0.186841
v -0.231795 0.725536 -0.207654
v -0.205869 0.737918 -0.234632
v -0.208634 0.737918 -0.234165
v 0.125637 0.417201 -0.255176
v 0.170361 0.419724 -0.241936
v 0.128463 0.416358 -0.255737
v 0.195745 0.423772 -0.222830
v 0.196899 0.425089 -0.220347
v 0.210738 0.735877 -0.231187
v 0.139604 0.772220 -0.283052
v 0.142625 0.771910 -0.283196
v 0.209900 0.737877 -0.234125
v 0.185630 0.751496 -0.255218
v -0.207679 0.429402 -0.192478
v -0.220952 0.439169 -0.160390
v -0.201320 0.505301 -0.187473
v -0.216876 0.509755 -0.160232
v -0.182927 0.427967 -0.215789
v -0.178900 0.507905 -0.211909
v -0.185502 0.658722 -0.217448
v -0.208271 0.649103 -0.191036
v -0.221786 0.723836 -0.199861
v -0.196667 0.736489 -0.226914
v -0.232314 0.712690 -0.177238
v -0.222456 0.643127 -0.168331
v 0.192478 0.656175 -0.212091
v 0.167669 0.667929 -0.233721
v 0.178669 0.749741 -0.244658
v 0.203588 0.733164 -0.221472
v 0.133013 0.771017 -0.272991
v 0.124462 0.686416 -0.257889
v 0.164028 0.423297 -0.231030
v 0.119925 0.421490 -0.244838
v 0.160834 0.508365 -0.226782
v 0.118466 0.515456 -0.243898
v 0.190178 0.428841 -0.210813
v 0.186056 0.507520 -0.206782
v -0.262740 0.452745 0.218142
v -0.209186 0.453384 -0.184742
v -0.195975 0.418840 -0.190269
v -0.203967 0.439599 -0.190942
v -0.276807 0.412624 0.219488
v -0.274242 0.434265 0.220513
v -0.047242 0.453097 -0.257233
v -0.140334 0.448525 -0.235348
v -0.043022 0.424859 -0.262980
v -0.131744 0.423293 -0.241010
v -0.229434 0.442113 0.276701
v -0.149351 0.453323 0.300448
v -0.050251 0.457582 0.311317
v -0.231714 0.415744 0.269791
v -0.149375 0.422041 0.289978
v -0.050131 0.423676 0.300492
v -0.226344 0.462177 0.268043
v -0.149537 0.480753 0.287263
v -0.050327 0.489908 0.297734
v -0.050029 0.473442 -0.245373
v -0.146021 0.464213 -0.223908
v -0.211349 0.469820 -0.140024
v -0.146741 0.491384 -0.166532
v -0.050242 0.504253 -0.182602
v -0.199935 0.404804 -0.138921
v -0.129129 0.404883 -0.179883
v -0.041486 0.404928 -0.196600
v -0.047389 0.403727 0.233018
v -0.044854 0.402879 0.110930
v -0.043220 0.402782 -0.042516
v -0.147853 0.403598 0.227732
v -0.146571 0.402920 0.110948
v -0.138249 0.402827 -0.036556
v -0.238614 0.401755 0.220068
v -0.240057 0.403547 0.111269
v -0.221772 0.403535 -0.022142
v -0.052091 0.516622 0.232490
v -0.054106 0.526313 0.110063
v -0.052384 0.526039 -0.043171
v -0.156765 0.503620 0.227220
v -0.164696 0.513025 0.110079
v -0.156399 0.512654 -0.037420
v -0.232106 0.477606 0.219839
v -0.240791 0.483804 0.110288
v -0.227078 0.482218 -0.027618
v -0.235028 0.434149 -0.121439
v -0.262145 0.433613 -0.016683
v -0.281899 0.433721 0.112386
v -0.229584 0.415075 -0.116919
v -0.259785 0.414450 -0.014416
v -0.281970 0.414454 0.112605
v -0.232669 0.450641 -0.124602
v -0.252778 0.452474 -0.020564
v -0.269083 0.453904 0.110789
v 0.263966 0.452745 0.218142
v 0.210412 0.453384 -0.184742
v 0.197201 0.418840 -0.190269
v 0.205192 0.439599 -0.190942
v 0.278033 0.412624 0.219488
v 0.275467 0.434265 0.220513
v 0.048468 0.453097 -0.257233
v 0.141560 0.448525 -0.235348
v 0.044248 0.424859 -0.262980
v 0.132970 0.423293 -0.241010
v 0.230660 0.442113 0.276701
v 0.150576 0.453323 0.300448
v 0.051476 0.457582 0.311317
v 0.232939 0.415744 0.269791
v 0.150600 0.422041 0.289978
v 0.051357 0.423676 0.300492
v 0.227569 0.462177 0.268043
v 0.150762 0.480753 0.287263
v 0.051552 0.489908 0.297734
v 0.051255 0.473442 -0.245373
v 0.147247 0.464213 -0.223908
v 0.212575 0.469820 -0.140024
v 0.147967 0.491384 -0.166532
v 0.051467 0.504253 -0.182602
v 0.201161 0.404804 -0.138921
v 0.130354 0.404883 -0.179883
v 0.042711 0.404928 -0.196600
v 0.048615 0.403727 0.233018
v 0.046080 0.402879 0.110930
v 0.044446 0.402782 -0.042516
v 0.149079 0.403598 0.227732
v 0.147797 0.402920 0.110948
v 0.139475 0.402827 -0.036556
v 0.239839 0.401755 0.220068
v 0.241283 0.403547 0.111269
v 0.222997 0.403535 -0.022142
v 0.053317 0.516622 0.232490
v 0.055332 0.526313 0.110063
v 0.053610 0.526039 -0.043171
v 0.157991 0.503620 0.227220
v 0.165922 0.513025 0.110079
v 0.157625 0.512654 -0.037420
v 0.233331 0.477606 0.219839
v 0.242016 0.483804 0.110288
v 0.228303 0.482218 -0.027618
v 0.236253 0.434149 -0.121439
v 0.263371 0.433613 -0.016683
v 0.283125 0.433721 0.112386
v 0.230810 0.415075 -0.116919
v 0.261010 0.414450 -0.014416
v 0.283196 0.414454 0.112605
v 0.233895 0.450641 -0.124602
v 0.254004 0.452474 -0.020564
v 0.270309 0.453904 0.110789
v -0.269113 0.627681 0.221488
v -0.269815 0.627525 0.213278
v -0.278023 0.627365 0.213982
v -0.277621 0.615095 0.223295
v -0.267827 0.615511 0.222167
v -0.268886 0.615527 0.212250
v -0.273971 0.588766 0.226797
v -0.268799 0.596484 0.205001
v -0.260472 0.573086 0.212887
v -0.278676 0.615331 0.213195
v 0.000613 0.413592 -0.269703
v -0.263646 0.592869 0.218334
v -0.281548 0.581716 0.214663
v -0.279067 0.600157 0.207642
v -0.274038 0.650282 0.217342
v -0.277321 0.627520 0.222192
v -0.277412 0.637430 0.214499
v -0.270711 0.637559 0.213926
v -0.270140 0.637687 0.220627
v -0.276841 0.637559 0.221200
v -0.276763 0.646303 0.215046
v -0.271594 0.646402 0.214604
v -0.271154 0.646501 0.219773
v -0.276322 0.646402 0.220215
v -0.257741 0.383011 0.241730
v -0.264953 0.384210 0.253039
v -0.276320 0.383011 0.245918
v -0.270226 0.421330 0.229650
v -0.258780 0.422537 0.236821
v -0.266042 0.423744 0.248209
v -0.277488 0.422537 0.241039
v -0.271383 0.461906 0.224517
v -0.259805 0.463128 0.231771
v -0.267151 0.464349 0.243291
v -0.278729 0.463128 0.236037
v -0.272548 0.502748 0.219349
v -0.260835 0.503983 0.226688
v -0.268266 0.505219 0.238342
v -0.279980 0.503983 0.231003
v -0.259143 0.021045 0.278814
v -0.273407 0.533989 0.215409
v -0.261608 0.535231 0.222823
v -0.269120 0.536472 0.234549
v -0.280918 0.535230 0.227136
v -0.273195 0.555329 0.212631
v -0.261747 0.556887 0.220396
v -0.269832 0.558522 0.231622
v -0.281198 0.557119 0.223747
v -0.247834 0.518139 0.099575
v -0.257130 0.527930 0.095204
v -0.267819 0.518939 0.097799
v -0.262095 0.524533 0.140547
v -0.251401 0.533503 0.137929
v -0.260643 0.543026 0.132889
v -0.271337 0.534055 0.135507
v -0.266641 0.543709 0.177778
v -0.255785 0.551973 0.174025
v -0.264800 0.560519 0.167442
v -0.275656 0.552254 0.171195
v -0.253499 0.471627 -0.006619
v -0.242830 0.480721 -0.008895
v -0.252165 0.490712 -0.012751
v -0.262834 0.481618 -0.010475
v -0.254961 0.483733 0.029362
v -0.244270 0.492719 0.026755
v -0.253612 0.502746 0.023008
v -0.264302 0.493760 0.025615
v -0.256367 0.495873 0.065239
v -0.245675 0.504855 0.062619
v -0.255015 0.514873 0.058851
v -0.265707 0.505891 0.061471
v -0.239443 0.437114 -0.119643
v -0.229131 0.446744 -0.119860
v -0.238265 0.456470 -0.124735
v -0.248577 0.446840 -0.124518
v -0.245026 0.448678 -0.081619
v -0.234460 0.458049 -0.082883
v -0.243758 0.467948 -0.087085
v -0.254323 0.458577 -0.085821
v -0.250182 0.459967 -0.043679
v -0.239570 0.469260 -0.045318
v -0.248886 0.479186 -0.049382
v -0.259498 0.469893 -0.047743
v -0.202322 0.418531 -0.191217
v -0.194727 0.429319 -0.186675
v -0.201927 0.438272 -0.194825
v -0.209523 0.427485 -0.199367
v -0.226379 0.426636 -0.157097
v -0.216784 0.436808 -0.155306
v -0.225446 0.446186 -0.161491
v -0.235041 0.436014 -0.163283
v -0.105109 0.405175 -0.250061
v -0.102161 0.416599 -0.242195
v -0.105036 0.425003 -0.253281
v -0.107984 0.413579 -0.261147
v -0.171556 0.412482 -0.219421
v -0.129483 0.407302 -0.241485
v -0.125913 0.418675 -0.233808
v -0.129254 0.427117 -0.244751
v -0.132824 0.415745 -0.252429
v -0.146322 0.409033 -0.235174
v -0.142102 0.420329 -0.227786
v -0.146154 0.428854 -0.238411
v -0.150375 0.417558 -0.245800
v -0.166109 0.423664 -0.212725
v -0.171495 0.432315 -0.222611
v -0.176942 0.421133 -0.229307
v -0.071528 0.403801 -0.258205
v 0.000613 0.404095 -0.267106
v 0.000613 0.415103 -0.259180
v 0.000613 0.423106 -0.270085
v 0.000613 0.412098 -0.278011
v -0.016905 0.403696 -0.264621
v -0.016352 0.415187 -0.256347
v -0.017101 0.423541 -0.267731
v -0.017654 0.412050 -0.276006
v -0.044167 0.403715 -0.262085
v -0.043011 0.415205 -0.253815
v -0.044560 0.423560 -0.265196
v -0.045716 0.412069 -0.273466
v -0.069737 0.415279 -0.250055
v -0.071766 0.423643 -0.261348
v -0.073557 0.412164 -0.269498
v 0.273195 0.482479 0.221914
v -0.270870 0.560425 0.202946
v -0.259572 0.568422 0.197995
v -0.268052 0.576759 0.190489
v -0.279356 0.568843 0.195750
v -0.247213 0.022303 0.286287
v -0.254782 0.023562 0.298157
v -0.266712 0.022303 0.290683
v -0.260251 0.061093 0.273897
v -0.248372 0.062346 0.281339
v -0.255909 0.063600 0.293158
v -0.267788 0.062346 0.285716
v -0.261387 0.102261 0.268859
v -0.249580 0.103506 0.276256
v -0.257071 0.104752 0.288003
v -0.268878 0.103506 0.280606
v -0.262510 0.142970 0.263878
v -0.250775 0.144208 0.271230
v -0.258220 0.145446 0.282905
v -0.269955 0.144208 0.275553
v -0.263623 0.183336 0.258938
v -0.251960 0.184566 0.266246
v -0.259360 0.185797 0.277851
v -0.271024 0.184566 0.270543
v -0.264730 0.223442 0.254031
v -0.253136 0.224665 0.261294
v -0.260492 0.225888 0.272829
v -0.272085 0.224665 0.265565
v -0.265830 0.263340 0.249149
v -0.254307 0.264555 0.256368
v -0.261618 0.265771 0.267833
v -0.273141 0.264555 0.260613
v -0.266926 0.303062 0.244288
v -0.255473 0.304270 0.251463
v -0.262740 0.305478 0.262859
v -0.274193 0.304270 0.255683
v -0.268018 0.342621 0.239446
v -0.256632 0.343822 0.246578
v -0.263856 0.345023 0.257906
v -0.275241 0.343822 0.250774
v 0.270339 0.627681 0.221488
v 0.271041 0.627525 0.213278
v 0.279249 0.627365 0.213982
v 0.278847 0.615095 0.223295
v 0.269052 0.615511 0.222167
v 0.270112 0.615527 0.212251
v 0.275197 0.588766 0.226797
v 0.270025 0.596484 0.205001
v 0.261698 0.573086 0.212887
v 0.279902 0.615331 0.213195
v 0.264871 0.592869 0.218334
v 0.282773 0.581716 0.214663
v 0.280293 0.600157 0.207642
v 0.275264 0.650281 0.217342
v 0.278547 0.627520 0.222192
v 0.278637 0.637430 0.214499
v 0.271937 0.637559 0.213926
v 0.271365 0.637687 0.220627
v 0.278066 0.637559 0.221200
v 0.277988 0.646303 0.215046
v 0.272820 0.646402 0.214604
v 0.272379 0.646501 0.219773
v 0.277548 0.646402 0.220215
v 0.259507 0.402835 0.239272
v 0.266729 0.404036 0.250597
v 0.278112 0.402835 0.243466
v 0.272027 0.441511 0.227098
v 0.260516 0.442725 0.234310
v 0.267819 0.443939 0.245762
v 0.279330 0.442725 0.238551
v 0.261004 0.043963 0.275993
v 0.261549 0.483708 0.229210
v 0.268938 0.484936 0.240798
v 0.280584 0.483708 0.233501
v 0.274335 0.523582 0.216726
v 0.262571 0.524820 0.224118
v 0.270061 0.526057 0.235811
v 0.281825 0.524819 0.228418
v 0.259749 0.509147 0.102170
v 0.274408 0.554895 0.212686
v 0.262962 0.556453 0.220450
v 0.271046 0.558088 0.231674
v 0.282410 0.556685 0.223800
v 0.249060 0.518139 0.099575
v 0.258355 0.527930 0.095204
v 0.269045 0.518939 0.097799
v 0.263320 0.524533 0.140547
v 0.252626 0.533503 0.137929
v 0.261868 0.543026 0.132889
v 0.272563 0.534055 0.135507
v 0.267866 0.543709 0.177778
v 0.257010 0.551973 0.174025
v 0.266025 0.560519 0.167442
v 0.276881 0.552254 0.171195
v 0.254725 0.471627 -0.006619
v 0.244056 0.480721 -0.008895
v 0.253391 0.490712 -0.012751
v 0.264059 0.481618 -0.010475
v 0.256186 0.483733 0.029362
v 0.245496 0.492719 0.026755
v 0.254838 0.502746 0.023008
v 0.265528 0.493760 0.025615
v 0.257592 0.495873 0.065239
v 0.246901 0.504855 0.062619
v 0.256241 0.514873 0.058851
v 0.266932 0.505891 0.061471
v 0.240669 0.437114 -0.119643
v 0.230357 0.446744 -0.119860
v 0.239491 0.456470 -0.124735
v 0.249803 0.446841 -0.124518
v 0.246251 0.448678 -0.081619
v 0.235686 0.458049 -0.082883
v 0.244983 0.467948 -0.087085
v 0.255549 0.458577 -0.085821
v 0.251408 0.459967 -0.043679
v 0.240795 0.469260 -0.045318
v 0.250111 0.479186 -0.049382
v 0.260724 0.469893 -0.047743
v 0.203548 0.418532 -0.191217
v 0.195952 0.429319 -0.186675
v 0.203153 0.438272 -0.194825
v 0.210749 0.427485 -0.199367
v 0.227604 0.426636 -0.157097
v 0.218010 0.436808 -0.155306
v 0.226672 0.446186 -0.161491
v 0.236266 0.436014 -0.163283
v 0.089524 0.404458 -0.254095
v 0.087162 0.415898 -0.246117
v 0.089609 0.424290 -0.257284
v 0.091970 0.412850 -0.265262
v 0.122594 0.406595 -0.244314
v 0.119049 0.417974 -0.236632
v 0.122372 0.426412 -0.247578
v 0.125916 0.415033 -0.255261
v 0.172781 0.412482 -0.219421
v 0.147212 0.409002 -0.235295
v 0.142991 0.420298 -0.227906
v 0.147043 0.428823 -0.238532
v 0.151264 0.417527 -0.245920
v 0.167335 0.423664 -0.212725
v 0.172721 0.432315 -0.222611
v 0.178167 0.421133 -0.229307
v 0.054352 0.403750 -0.260773
v 0.018505 0.403696 -0.264570
v 0.017952 0.415187 -0.256295
v 0.018701 0.423542 -0.267680
v 0.019254 0.412050 -0.275954
v 0.053172 0.415239 -0.252511
v 0.054739 0.423595 -0.263886
v 0.055920 0.412106 -0.272148
v 0.270890 0.401635 0.232141
v 0.272096 0.560425 0.202946
v 0.260798 0.568422 0.197995
v 0.269277 0.576759 0.190489
v 0.280582 0.568843 0.195750
v 0.249095 0.045219 0.283454
v 0.256651 0.046475 0.295303
v 0.268560 0.045219 0.287842
v 0.262050 0.081876 0.271353
v 0.250208 0.083126 0.278773
v 0.257721 0.084375 0.290556
v 0.269564 0.083126 0.283136
v 0.263175 0.122666 0.266362
v 0.251405 0.123907 0.273737
v 0.258873 0.125149 0.285448
v 0.270644 0.123907 0.278074
v 0.264293 0.163189 0.261403
v 0.252594 0.164424 0.268733
v 0.260017 0.165658 0.280373
v 0.271716 0.164424 0.273044
v 0.265403 0.203418 0.256481
v 0.253774 0.204645 0.263766
v 0.261152 0.205871 0.275336
v 0.272781 0.204645 0.268051
v 0.266506 0.243415 0.251587
v 0.254948 0.244634 0.258828
v 0.262281 0.245853 0.270328
v 0.273839 0.244634 0.263086
v 0.267604 0.283221 0.246716
v 0.256116 0.284433 0.253913
v 0.263405 0.285644 0.265343
v 0.274893 0.284433 0.258146
v 0.268698 0.322865 0.241865
v 0.257280 0.324069 0.249018
v 0.264524 0.325274 0.260379
v 0.275942 0.324069 0.253225
v 0.269788 0.362362 0.237028
v 0.258435 0.363559 0.244141
v 0.265638 0.364757 0.255436
v 0.276991 0.363559 0.248324
v -0.265016 0.398485 0.239426
v 0.271141 0.398485 0.241863
v -0.255691 0.389383 0.239469
v -0.255732 0.398485 0.248570
v -0.255691 0.407587 0.239469
v -0.255650 0.398485 0.230367
v -0.226294 0.398485 0.249104
v -0.226250 0.407986 0.239602
v -0.226207 0.398485 0.230101
v -0.186714 0.388983 0.239782
v -0.186757 0.398485 0.249284
v -0.186714 0.407986 0.239782
v -0.186670 0.398485 0.230280
v -0.146761 0.388983 0.239964
v -0.146804 0.398485 0.249466
v -0.146761 0.407986 0.239964
v -0.146718 0.398485 0.230462
v -0.106808 0.388983 0.240145
v -0.106851 0.398485 0.249647
v -0.106808 0.407986 0.240145
v -0.106765 0.398485 0.230644
v -0.066855 0.388983 0.240327
v -0.066898 0.398485 0.249829
v -0.066855 0.407986 0.240327
v -0.066812 0.398485 0.230825
v -0.026902 0.388983 0.240509
v -0.026946 0.398485 0.250010
v -0.026902 0.407986 0.240509
v -0.026859 0.398485 0.231007
v 0.013050 0.388983 0.240690
v 0.013007 0.398485 0.250192
v 0.013050 0.407986 0.240690
v 0.013094 0.398485 0.231188
v 0.053003 0.388983 0.240872
v 0.052960 0.398485 0.250374
v 0.053003 0.407986 0.240872
v 0.053046 0.398485 0.231370
v 0.092956 0.388983 0.241053
v 0.092913 0.398485 0.250555
v 0.092956 0.407986 0.241053
v 0.092999 0.398485 0.231552
v 0.132909 0.388983 0.241235
v 0.132866 0.398485 0.250737
v 0.132909 0.407986 0.241235
v 0.132952 0.398485 0.231733
v 0.172862 0.388983 0.241417
v 0.172819 0.398485 0.250918
v 0.172862 0.407986 0.241417
v 0.172905 0.398485 0.231915
v 0.212398 0.388983 0.241596
v 0.212355 0.398485 0.251098
v 0.212398 0.407986 0.241596
v 0.212442 0.398485 0.232094
v 0.242363 0.388983 0.241732
v 0.242320 0.398485 0.251234
v 0.242363 0.407986 0.241732
v 0.242406 0.398485 0.232231
v 0.262231 0.389383 0.241823
v 0.262190 0.398485 0.250925
v 0.262232 0.407587 0.241823
v 0.262273 0.398485 0.232721
v -0.142200 0.399927 -0.249072
v 0.002927 0.398547 0.239562
v -0.139242 0.389430 -0.238866
v -0.149289 0.399899 -0.235925
v -0.139226 0.410368 -0.238813
v -0.129179 0.399899 -0.241755
v -0.140366 0.399810 -0.203494
v -0.129861 0.410739 -0.206509
v -0.119373 0.399810 -0.209580
v -0.117301 0.388761 -0.163184
v -0.127790 0.399690 -0.160113
v -0.117285 0.410619 -0.163128
v -0.106797 0.399690 -0.166199
v -0.104593 0.388640 -0.119346
v -0.115082 0.399569 -0.116275
v -0.104577 0.410498 -0.119291
v -0.094088 0.399569 -0.122361
v -0.091885 0.388519 -0.075509
v -0.102374 0.399448 -0.072438
v -0.091869 0.410377 -0.075453
v -0.081380 0.399448 -0.078524
v -0.079176 0.388399 -0.031671
v -0.089665 0.399328 -0.028600
v -0.079160 0.410257 -0.031616
v -0.068671 0.399328 -0.034686
v -0.066468 0.388278 0.012166
v -0.076957 0.399207 0.015237
v -0.066452 0.410136 0.012222
v -0.055963 0.399207 0.009151
v -0.053759 0.388157 0.056004
v -0.064248 0.399086 0.059075
v -0.053743 0.410015 0.056059
v -0.043254 0.399086 0.052989
v -0.041051 0.388036 0.099841
v -0.051540 0.398965 0.102912
v -0.041035 0.409894 0.099897
v -0.030546 0.398965 0.096826
v -0.028343 0.387915 0.143679
v -0.038831 0.398844 0.146750
v -0.028327 0.409773 0.143734
v -0.017838 0.398844 0.140663
v -0.015767 0.387796 0.186810
v -0.026255 0.398725 0.189881
v -0.015750 0.409654 0.186866
v -0.005262 0.398725 0.183795
v 0.131103 0.388881 -0.206564
v -0.006235 0.387705 0.213948
v -0.016724 0.398634 0.217019
v -0.006219 0.409563 0.214004
v 0.004270 0.398634 0.210933
v 0.000085 0.388105 0.230010
v -0.009962 0.398574 0.232951
v 0.000100 0.409043 0.230063
v 0.010148 0.398574 0.227121
v 0.143426 0.399927 -0.249072
v -0.001701 0.398547 0.239562
v 0.140467 0.389430 -0.238866
v 0.150515 0.399899 -0.235925
v 0.140452 0.410368 -0.238813
v 0.130405 0.399899 -0.241755
v 0.141592 0.399810 -0.203494
v 0.131087 0.410739 -0.206509
v 0.120598 0.399810 -0.209580
v 0.118527 0.388761 -0.163184
v 0.129016 0.399690 -0.160113
v 0.118511 0.410619 -0.163128
v 0.108022 0.399690 -0.166199
v 0.105819 0.388640 -0.119346
v 0.116307 0.399569 -0.116275
v 0.105803 0.410498 -0.119291
v 0.095314 0.399569 -0.122361
v 0.093110 0.388519 -0.075509
v 0.103599 0.399448 -0.072438
v 0.093094 0.410377 -0.075453
v 0.082605 0.399448 -0.078524
v 0.080402 0.388399 -0.031671
v 0.090891 0.399328 -0.028600
v 0.080386 0.410257 -0.031616
v 0.069897 0.399328 -0.034686
v 0.067693 0.388278 0.012166
v 0.078182 0.399207 0.015237
v 0.067677 0.410136 0.012222
v 0.057188 0.399207 0.009151
v 0.054985 0.388157 0.056004
v 0.065474 0.399086 0.059075
v 0.054969 0.410015 0.056059
v 0.044480 0.399086 0.052989
v 0.042277 0.388036 0.099841
v 0.052765 0.398965 0.102912
v 0.042260 0.409894 0.099897
v 0.031772 0.398965 0.096826
v 0.029568 0.387915 0.143679
v 0.040057 0.398844 0.146750
v 0.029552 0.409773 0.143734
v 0.019063 0.398844 0.140663
v 0.016992 0.387796 0.186810
v 0.027481 0.398725 0.189881
v 0.016976 0.409654 0.186866
v 0.006487 0.398725 0.183795
v 0.007461 0.387705 0.213948
v 0.017950 0.398634 0.217019
v 0.007445 0.409563 0.214004
v -0.003044 0.398634 0.210933
v 0.001141 0.388105 0.230010
v 0.011188 0.398574 0.232951
v 0.001125 0.409043 0.230063
v -0.008922 0.398574 0.227121
v -0.223132 0.000653 -0.317993
v -0.224532 -0.001123 -0.316982
v -0.221476 -0.002181 -0.303532
v -0.223137 -0.003510 -0.304801
v -0.235864 0.000653 -0.301328
v -0.235256 -0.001123 -0.302945
v -0.237520 0.003488 -0.315790
v -0.236651 0.001265 -0.315126
v 0.225757 -0.001123 -0.316982
v 0.224357 0.000653 -0.317993
v 0.224362 -0.003510 -0.304801
v 0.222701 -0.002181 -0.303532
v 0.236482 -0.001123 -0.302945
v 0.237089 0.000653 -0.301328
v 0.237877 0.001265 -0.315126
v 0.238745 0.003488 -0.315790
v -0.254278 0.002359 0.300394
v -0.254567 -0.000103 0.299112
v -0.247008 0.001150 0.288993
v -0.248519 -0.001109 0.289628
v -0.258466 -0.000058 0.281815
v -0.258051 -0.002114 0.283656
v -0.265736 0.001150 0.293215
v -0.264099 -0.001109 0.293140
v 0.255792 -0.000103 0.299112
v 0.255495 0.002063 0.300431
v 0.249744 -0.001109 0.289628
v 0.248225 0.000854 0.289030
v 0.259277 -0.002114 0.283656
v 0.259684 -0.000354 0.281851
v 0.265325 -0.001109 0.293140
v 0.266954 0.000854 0.293252
v -0.220412 0.011683 -0.316452
v -0.229984 -0.001525 -0.310032
v -0.218689 0.008733 -0.301402
v -0.233662 0.011683 -0.299110
v -0.235385 0.014632 -0.314159
v 0.221638 0.011683 -0.316452
v 0.231209 -0.001525 -0.310032
v 0.219914 0.008733 -0.301402
v 0.234887 0.011683 -0.299110
v 0.236611 0.014632 -0.314159
v -0.256297 -0.001523 0.291435
v 0.260169 0.013805 0.279699
v 0.257523 -0.001523 0.291435
v 0.267746 0.015065 0.291582
v 0.248226 0.015065 0.287181
v 0.255803 0.016325 0.299064
v -0.269108 0.381812 0.234608
v -0.258524 0.509147 0.102170
v -0.211741 0.039812 -0.296094
v -0.129878 0.388880 -0.206564
v -0.226250 0.388983 0.239602
vn 0.9085 0.4174 -0.0222
vn 0.2173 0.4173 0.8824
vn -0.6536 0.7251 0.2170
vn 0.0375 0.7251 -0.6876
vn 0.9701 -0.1918 -0.1487
vn 0.1115 -0.1918 0.9751
vn -0.9704 0.1905 0.1485
vn -0.1118 0.1905 -0.9753
vn 0.9703 -0.1911 -0.1486
vn 0.1117 -0.1911 0.9752
vn -0.9703 0.1911 0.1486
vn -0.1117 0.1911 -0.9752
vn 0.9737 -0.1748 -0.1458
vn 0.1153 -0.1748 0.9778
vn -0.9665 0.2074 0.1513
vn -0.1080 0.2074 -0.9723
vn -0.9085 0.4174 -0.0222
vn -0.2173 0.4174 0.8824
vn 0.6536 0.7251 0.2170
vn -0.0375 0.7251 -0.6876
vn -0.9701 -0.1918 -0.1487
vn -0.1115 -0.1918 0.9751
vn 0.9704 0.1905 0.1485
vn 0.1118 0.1905 -0.9753
vn -0.9703 -0.1911 -0.1486
vn -0.1117 -0.1911 0.9752
vn 0.9703 0.1911 0.1486
vn 0.1117 0.1911 -0.9752
vn -0.9737 -0.1748 -0.1458
vn -0.1153 -0.1748 0.9778
vn 0.9665 0.2074 0.1513
vn 0.1080 0.2074 -0.9723
vn 0.0002 0.3206 0.9472
vn -0.0000 -0.0521 -0.9986
vn 0.2981 0.2809 0.9123
vn -0.3772 -0.0104 -0.9261
vn 0.9522 0.2115 0.2206
vn -0.9700 0.1344 -0.2028
vn 0.9821 0.1801 0.0550
vn -0.9713 0.2347 -0.0379
vn 0.9796 0.1996 0.0250
vn -0.8908 0.4542 -0.0085
vn 0.9634 -0.1719 0.2058
vn -0.8878 -0.4009 0.2260
vn 0.9927 -0.0890 0.0810
vn -0.9208 -0.3818 0.0802
vn 0.9927 -0.0798 0.0908
vn -0.9482 -0.3159 0.0331
vn 0.9740 -0.0997 0.2034
vn -0.9586 -0.2453 -0.1445
vn -0.8125 -0.1843 -0.5531
vn -0.0000 -0.2119 -0.9773
vn 0.0003 -0.0032 1.0000
vn 0.9880 0.1535 0.0175
vn -0.9344 0.3560 -0.0132
vn 0.1990 -0.0334 0.9794
vn -0.2065 -0.1973 -0.9583
vn -0.8178 0.0631 -0.5720
vn -0.0000 -0.1416 -0.9899
vn 0.0003 0.1421 0.9899
vn 0.9993 0.0308 0.0216
vn -0.9994 -0.0281 -0.0219
vn 0.9998 0.0083 -0.0160
vn -0.9995 0.0012 0.0313
vn 0.9971 0.0512 0.0570
vn -0.9970 -0.0506 -0.0586
vn -0.9690 -0.0605 -0.2395
vn 0.9760 0.0584 0.2097
vn 0.2724 0.1119 0.9556
vn -0.2747 -0.1112 -0.9551
vn -0.7979 -0.0609 -0.5997
vn -0.7575 -0.2950 0.5823
vn 0.7813 -0.1882 0.5951
vn -0.8226 0.4983 0.2739
vn 0.8630 0.3159 0.3944
vn -0.8825 0.0762 0.4641
vn 0.8285 -0.0326 0.5591
vn 0.3772 -0.0104 -0.9261
vn -0.2927 0.2813 0.9139
vn 0.9700 0.1344 -0.2028
vn -0.9469 0.2139 0.2403
vn 0.9713 0.2347 -0.0379
vn -0.9821 0.1802 0.0555
vn 0.8921 0.4517 -0.0082
vn -0.9789 0.2027 0.0247
vn 0.8878 -0.4009 0.2260
vn -0.9634 -0.1718 0.2057
vn 0.9208 -0.3817 0.0803
vn -0.9927 -0.0889 0.0810
vn 0.9488 -0.3140 0.0352
vn -0.9926 -0.0791 0.0918
vn 0.9591 -0.2431 -0.1450
vn -0.9708 -0.1005 0.2179
vn 0.8110 -0.1833 -0.5556
vn -0.8158 -0.1277 0.5641
vn 0.9347 0.3550 -0.0145
vn -0.9878 0.1546 0.0188
vn 0.2065 -0.1973 -0.9583
vn -0.1903 -0.0324 0.9812
vn 0.8178 0.0631 -0.5720
vn -0.7446 0.2429 0.6218
vn 0.9993 -0.0286 -0.0222
vn -0.9993 0.0314 0.0219
vn 0.9995 -0.0003 0.0318
vn -0.9998 0.0102 -0.0165
vn 0.9970 -0.0503 -0.0584
vn -0.9971 0.0510 0.0573
vn -0.9722 0.0589 0.2267
vn 0.9690 -0.0601 -0.2396
vn 0.2747 -0.1112 -0.9551
vn -0.2644 0.1126 0.9578
vn 0.7977 -0.0607 -0.5999
vn -0.8077 0.0595 0.5866
vn -0.7814 -0.1882 0.5950
vn 0.7574 -0.2951 0.5824
vn -0.8639 0.3179 0.3907
vn 0.8223 0.4967 0.2777
vn -0.8295 -0.0315 0.5576
vn 0.8817 0.0754 0.4657
vn 0.5930 0.0440 -0.8040
vn 0.4701 -0.1780 -0.8645
vn 0.5202 -0.0690 -0.8513
vn 0.4965 0.0691 0.8653
vn 0.4307 -0.0921 0.8978
vn -0.5202 -0.0690 -0.8512
vn -0.4702 -0.1780 -0.8644
vn -0.5930 0.0440 -0.8040
vn 0.4700 0.2344 0.8509
vn -0.0000 0.9167 -0.3996
vn -0.0000 0.8217 -0.5699
vn -0.0000 0.8787 -0.4773
vn -0.0000 0.9403 0.3404
vn -0.0002 1.0000 -0.0016
vn 0.0002 0.9385 0.3454
vn -0.3351 0.9102 -0.2433
vn -0.4052 0.8021 -0.4388
vn -0.3874 0.8414 -0.3768
vn -0.0560 0.9037 0.4244
vn -0.2189 0.9691 0.1137
vn -0.0703 0.9140 0.3996
vn -0.2181 0.9663 0.1368
vn -0.5144 0.8549 0.0679
vn -0.4209 0.9029 0.0876
vn 0.4481 0.8546 0.2622
vn 0.0531 0.9755 0.2133
vn 0.4519 0.8527 0.2622
vn 0.1740 0.9811 0.0848
vn 0.5727 0.8161 0.0772
vn 0.5161 0.8526 0.0814
vn -0.3854 0.9213 0.0520
vn -0.0352 0.9975 0.0618
vn -0.3061 0.9505 0.0528
vn 0.3155 0.9469 0.0624
vn 0.7229 0.6886 0.0569
vn 0.6700 0.7401 0.0583
vn -0.1719 0.9840 0.0474
vn 0.2585 0.9646 0.0525
vn -0.1215 0.9915 0.0470
vn 0.1996 -0.7881 0.5823
vn -0.2295 -0.7924 0.5652
vn -0.1783 -0.8032 0.5684
vn 0.6730 -0.5645 0.4780
vn 0.2532 -0.7697 0.5861
vn 0.6505 -0.5818 0.4882
vn 0.2681 -0.9021 0.3381
vn 0.6662 -0.6911 0.2804
vn 0.6144 -0.7323 0.2935
vn -0.2651 -0.9122 0.3124
vn 0.1271 -0.9333 0.3360
vn -0.1964 -0.9269 0.3198
vn 0.2226 -0.9191 0.3252
vn 0.6122 -0.7396 0.2797
vn 0.5562 -0.7782 0.2916
vn -0.3335 -0.9005 0.2792
vn 0.0260 -0.9506 0.3094
vn -0.2620 -0.9211 0.2879
vn 0.1143 -0.9497 0.2917
vn 0.5244 -0.7924 0.3116
vn 0.4769 -0.8242 0.3055
vn -0.4313 -0.8876 0.1616
vn -0.1204 -0.9662 0.2280
vn -0.3380 -0.9231 0.1834
vn -0.1995 -0.9794 0.0312
vn -0.4085 -0.9058 -0.1128
vn -0.3170 -0.9473 -0.0465
vn 0.4250 -0.7896 0.4426
vn -0.0000 -0.9505 0.3107
vn -0.0000 -0.8106 0.5856
vn 0.0001 -0.8372 0.5469
vn -0.0000 -0.9318 -0.3630
vn -0.0000 -0.9831 -0.1833
vn -0.0000 -0.9605 -0.2783
vn 0.2675 0.9629 0.0357
vn 0.6668 0.7449 0.0227
vn 0.6136 0.7892 0.0264
vn -0.2627 0.9645 0.0258
vn 0.1307 0.9912 0.0200
vn -0.1969 0.9801 0.0239
vn -0.0083 -0.9557 0.2943
vn 0.0527 -0.8132 0.5795
vn 0.0429 -0.8406 0.5400
vn -0.1276 -0.9270 -0.3526
vn -0.0940 -0.9825 -0.1608
vn -0.1151 -0.9558 -0.2707
vn 0.2384 0.8193 0.5215
vn -0.5799 0.8114 -0.0738
vn -0.3790 0.9208 0.0921
vn -0.5069 0.8620 -0.0074
vn 0.0568 -0.3186 0.9462
vn 0.6445 -0.1607 0.7476
vn 0.5853 -0.1834 0.7898
vn -0.2900 -0.3017 0.9082
vn 0.3774 -0.2584 0.8893
vn -0.1768 -0.3024 0.9366
vn 0.0664 0.7462 0.6624
vn 0.6670 0.4495 0.5942
vn 0.6590 0.4933 0.5678
vn -0.3215 0.7327 0.5998
vn 0.3433 0.6799 0.6480
vn -0.2615 0.7388 0.6211
vn 0.5061 0.0459 0.8612
vn -0.4288 0.0788 0.9000
vn -0.1430 0.0768 0.9867
vn 0.5955 0.0105 0.8033
vn -0.2622 0.0392 0.9642
vn 0.4027 0.0246 0.9150
vn 0.2204 0.9704 0.0986
vn 0.0481 0.8977 0.4380
vn 0.0896 0.9211 0.3790
vn 0.4051 0.8022 -0.4386
vn 0.3351 0.9102 -0.2433
vn 0.3874 0.8414 -0.3768
vn -0.0413 0.9743 0.2214
vn -0.4299 0.8644 0.2610
vn -0.3856 0.8853 0.2599
vn 0.5147 0.8547 0.0677
vn 0.2181 0.9663 0.1368
vn 0.4209 0.9029 0.0876
vn 0.0352 0.9975 0.0618
vn 0.3854 0.9213 0.0520
vn 0.3061 0.9505 0.0528
vn -0.5724 0.8163 0.0773
vn -0.1736 0.9811 0.0851
vn -0.5146 0.8535 0.0815
vn -0.2582 0.9647 0.0524
vn 0.1722 0.9839 0.0474
vn 0.1214 0.9915 0.0470
vn -0.7229 0.6887 0.0566
vn -0.3153 0.9470 0.0623
vn -0.6703 0.7399 0.0581
vn -0.2532 -0.7697 0.5861
vn -0.6729 -0.5645 0.4780
vn -0.6505 -0.5818 0.4882
vn 0.2294 -0.7924 0.5653
vn -0.1996 -0.7881 0.5823
vn 0.1783 -0.8032 0.5684
vn -0.1270 -0.9331 0.3364
vn 0.2651 -0.9121 0.3128
vn 0.1964 -0.9268 0.3202
vn -0.6661 -0.6911 0.2807
vn -0.2681 -0.9019 0.3386
vn -0.6142 -0.7324 0.2939
vn -0.0241 -0.9476 0.3185
vn 0.3345 -0.8974 0.2878
vn 0.2625 -0.9182 0.2968
vn -0.6114 -0.7374 0.2870
vn -0.2221 -0.9160 0.3342
vn -0.5549 -0.7762 0.2994
vn 0.1222 -0.9664 0.2261
vn 0.4292 -0.8888 0.1608
vn 0.3370 -0.9236 0.1829
vn -0.5083 -0.8032 0.3106
vn -0.1214 -0.9490 0.2908
vn -0.4719 -0.8256 0.3093
vn -0.0717 -0.9740 0.2150
vn -0.3928 -0.8238 0.4087
vn -0.4098 -0.8150 0.4096
vn 0.3999 -0.9077 -0.1271
vn 0.1914 -0.9814 0.0163
vn 0.3068 -0.9498 -0.0606
vn -0.1308 0.9912 0.0202
vn 0.2625 0.9646 0.0254
vn 0.1970 0.9801 0.0235
vn -0.6668 0.7448 0.0239
vn -0.2675 0.9629 0.0362
vn -0.6135 0.7892 0.0275
vn 0.0940 -0.9825 -0.1608
vn 0.1276 -0.9271 -0.3523
vn 0.1151 -0.9558 -0.2707
vn -0.0564 -0.8010 0.5959
vn 0.0109 -0.9565 0.2916
vn -0.0432 -0.8262 0.5618
vn 0.3790 0.9208 0.0921
vn 0.5802 0.8111 -0.0741
vn 0.5069 0.8620 -0.0073
vn -0.1988 0.8431 0.4997
vn 0.1461 0.9381 0.3139
vn -0.1926 0.8472 0.4952
vn -0.3774 -0.2584 0.8893
vn 0.2899 -0.3017 0.9082
vn 0.1768 -0.3024 0.9367
vn -0.6444 -0.1608 0.7476
vn -0.0568 -0.3186 0.9462
vn -0.5853 -0.1834 0.7898
vn -0.3437 0.6808 0.6468
vn 0.3216 0.7321 0.6005
vn 0.2628 0.7375 0.6221
vn -0.6678 0.4511 0.5921
vn -0.0666 0.7466 0.6620
vn -0.6598 0.4960 0.5644
vn 0.2622 0.0392 0.9642
vn -0.5955 0.0106 0.8033
vn -0.4028 0.0247 0.9150
vn 0.4289 0.0788 0.8999
vn -0.5061 0.0460 0.8613
vn 0.1429 0.0768 0.9868
vn 0.1555 -0.9814 -0.1121
vn 0.2529 -0.9170 -0.3086
vn 0.2110 -0.9543 -0.2116
vn -0.2142 -0.7651 0.6073
vn -0.0162 0.8145 0.5799
vn 0.5678 0.7867 -0.2423
vn 0.4485 0.8932 -0.0311
vn 0.5319 0.8295 -0.1704
vn -0.4485 0.8932 -0.0311
vn -0.5680 0.7864 -0.2429
vn -0.5319 0.8294 -0.1705
vn -0.0169 0.8374 0.5464
vn -0.2849 0.9204 0.2677
vn -0.0452 0.8478 0.5283
vn 0.0122 -0.9684 0.2490
vn 0.1835 -0.8163 0.5477
vn 0.1711 -0.8221 0.5430
vn -0.2536 -0.9169 -0.3081
vn -0.1561 -0.9814 -0.1117
vn -0.2113 -0.9544 -0.2107
vn -0.7308 -0.5462 -0.4094
vn 0.3253 0.9441 0.0539
vn -0.8379 0.4339 -0.3310
vn 0.8086 -0.4660 0.3591
vn -0.2118 0.9566 -0.2001
vn 0.4539 -0.5454 -0.7046
vn 0.7159 0.4089 -0.5659
vn -0.6532 -0.2828 0.7024
vn 0.9277 -0.1283 0.3505
vn 0.3721 -0.1389 0.9177
vn 0.4057 -0.1219 0.9058
vn 0.9750 -0.1553 0.1591
vn 0.6089 -0.1324 0.7821
vn 0.9623 -0.1147 0.2465
vn 0.5842 0.2333 0.7774
vn 0.9350 0.2687 0.2313
vn 0.9218 0.2135 0.3236
vn 0.2887 0.1964 0.9371
vn 0.8780 0.2419 0.4130
vn 0.2687 0.1954 0.9432
vn 0.9125 0.0576 0.4050
vn 0.3608 0.0406 0.9317
vn 0.4108 0.0434 0.9107
vn 0.9900 0.0510 0.1314
vn 0.6547 0.0531 0.7540
vn 0.9694 0.0519 0.2398
vn -0.6540 0.2278 0.7214
vn 0.0246 0.1593 0.9869
vn 0.0616 0.1577 0.9856
vn -0.8086 0.2493 0.5330
vn -0.3545 0.2249 0.9076
vn -0.7719 0.1921 0.6060
vn -0.2453 -0.0747 0.9666
vn -0.8261 -0.1134 0.5520
vn -0.7837 -0.0738 0.6167
vn 0.0172 -0.0985 0.9950
vn -0.6875 -0.1120 0.7175
vn -0.0385 -0.0740 0.9965
vn -0.7293 0.0575 0.6818
vn -0.0000 0.0431 0.9991
vn -0.0864 0.0462 0.9952
vn -0.8825 0.0587 0.4666
vn -0.3265 0.0711 0.9425
vn -0.8074 0.0629 0.5867
vn 0.0520 -0.9654 0.2554
vn 0.3105 -0.9160 -0.2541
vn 0.3693 -0.8745 -0.3143
vn -0.3204 -0.7559 0.5709
vn 0.1033 -0.9684 0.2270
vn -0.3710 -0.6855 0.6264
vn -0.0372 0.9604 0.2761
vn -0.4837 0.6367 0.6006
vn -0.5240 0.5467 0.6531
vn 0.0893 0.9867 -0.1356
vn -0.2021 0.9151 0.3488
vn 0.1530 0.9728 -0.1741
vn -0.0941 -0.9725 0.2132
vn 0.5295 -0.7525 0.3917
vn 0.4325 -0.8178 0.3797
vn -0.4720 -0.8670 -0.1597
vn 0.0365 -0.9564 0.2897
vn -0.3911 -0.9182 -0.0632
vn 0.3197 0.9090 0.2675
vn -0.0870 0.9933 -0.0758
vn -0.1618 0.9836 -0.0794
vn 0.6730 0.6071 0.4224
vn 0.1981 0.9374 0.2865
vn 0.7238 0.5164 0.4577
vn -0.3477 -0.8810 0.3209
vn -0.5152 -0.8166 -0.2603
vn -0.7347 0.6262 -0.2609
vn -0.5993 0.7448 0.2933
vn -0.7463 -0.0266 0.6651
vn -0.7354 0.4348 0.5198
vn -0.9167 -0.0648 -0.3944
vn -0.8375 -0.3531 -0.4171
vn -0.0197 -0.9446 0.3276
vn -0.0234 -0.9443 0.3283
vn -0.0000 -0.9454 0.3260
vn -0.0000 -0.9187 -0.3950
vn -0.0866 -0.9151 -0.3938
vn -0.2600 -0.8996 -0.3510
vn -0.3349 0.8608 0.3832
vn -0.1376 0.9019 0.4095
vn -0.0000 0.9085 0.4179
vn -0.0000 0.8849 -0.4657
vn -0.1949 0.8708 -0.4514
vn -0.4168 0.8200 -0.3921
vn -0.0000 -0.2812 0.9597
vn -0.0968 -0.2825 0.9544
vn -0.2420 -0.2567 0.9357
vn -0.0000 0.3752 0.9269
vn -0.1259 0.3937 0.9106
vn -0.3224 0.4151 0.8507
vn -0.5833 -0.0863 -0.8076
vn -0.2346 0.1528 -0.9600
vn -0.0000 0.2020 -0.9794
vn -0.5827 0.2701 -0.7665
vn -0.2339 0.4699 -0.8512
vn -0.0000 0.4888 -0.8724
vn -0.3790 -0.9187 -0.1107
vn -0.3307 -0.9420 -0.0570
vn -0.3458 -0.9383 -0.0045
vn -0.7678 0.6190 -0.1656
vn -0.7588 0.6447 -0.0930
vn -0.6908 0.7193 0.0737
vn -0.9940 0.0790 0.0762
vn -0.9852 -0.0609 -0.1602
vn -0.9403 -0.2115 -0.2669
vn -0.8319 0.5517 0.0591
vn -0.8775 0.4628 -0.1254
vn -0.9339 0.2855 -0.2150
vn -0.3640 0.9260 0.1000
vn -0.3976 0.9167 -0.0392
vn -0.4220 0.8882 -0.1814
vn -0.1231 0.9886 0.0872
vn -0.1233 0.9924 -0.0060
vn -0.1511 0.9735 -0.1718
vn -0.0000 0.9967 0.0813
vn -0.0000 1.0000 -0.0015
vn -0.0000 0.9869 -0.1614
vn -0.0121 -0.9998 -0.0155
vn -0.0083 -1.0000 -0.0004
vn 0.0043 -1.0000 -0.0034
vn -0.0023 -0.9999 -0.0151
vn -0.0003 -1.0000 0.0006
vn 0.0001 -1.0000 0.0071
vn -0.0000 -0.9999 -0.0145
vn -0.0000 -1.0000 0.0007
vn -0.0000 -1.0000 0.0074
vn 0.3477 -0.8810 0.3209
vn 0.5152 -0.8166 -0.2603
vn 0.7347 0.6262 -0.2609
vn 0.5993 0.7448 0.2933
vn 0.7463 -0.0266 0.6651
vn 0.7354 0.4348 0.5198
vn 0.9167 -0.0648 -0.3944
vn 0.8375 -0.3531 -0.4171
vn 0.0197 -0.9446 0.3276
vn 0.0234 -0.9443 0.3283
vn 0.0866 -0.9151 -0.3938
vn 0.2600 -0.8996 -0.3510
vn 0.3349 0.8608 0.3832
vn 0.1376 0.9019 0.4095
vn 0.1950 0.8708 -0.4514
vn 0.4168 0.8200 -0.3921
vn 0.0968 -0.2825 0.9544
vn 0.2420 -0.2567 0.9357
vn 0.1259 0.3937 0.9106
vn 0.3224 0.4151 0.8507
vn 0.5833 -0.0863 -0.8076
vn 0.2346 0.1528 -0.9600
vn 0.5827 0.2701 -0.7665
vn 0.2339 0.4699 -0.8512
vn 0.3790 -0.9187 -0.1107
vn 0.3307 -0.9420 -0.0570
vn 0.3458 -0.9383 -0.0045
vn 0.7677 0.6190 -0.1656
vn 0.7588 0.6447 -0.0930
vn 0.6908 0.7193 0.0737
vn 0.9940 0.0790 0.0762
vn 0.9852 -0.0609 -0.1602
vn 0.9403 -0.2115 -0.2669
vn 0.8319 0.5517 0.0591
vn 0.8775 0.4628 -0.1254
vn 0.9339 0.2855 -0.2150
vn 0.3640 0.9260 0.1000
vn 0.3976 0.9167 -0.0392
vn 0.4220 0.8882 -0.1814
vn 0.1231 0.9886 0.0872
vn 0.1233 0.9924 -0.0060
vn 0.1511 0.9735 -0.1718
vn 0.0121 -0.9998 -0.0155
vn 0.0083 -1.0000 -0.0004
vn -0.0043 -1.0000 -0.0034
vn 0.0023 -0.9999 -0.0151
vn 0.0003 -1.0000 0.0006
vn -0.0001 -1.0000 0.0071
vn -0.8122 0.5805 0.0581
vn -0.0805 0.5805 -0.8102
vn 0.7876 0.6112 -0.0788
vn 0.0559 0.6112 0.7895
vn -0.7507 -0.6464 0.1364
vn 0.6525 -0.7042 0.2799
vn 0.7483 0.6489 -0.1374
vn -0.6606 0.6972 -0.2784
vn -0.7198 -0.6918 -0.0572
vn 0.6128 -0.6794 0.4035
vn 0.7055 0.7071 0.0467
vn -0.6389 0.6542 -0.4048
vn 1.0000 -0.0000 -0.0000
vn -0.3973 -0.7807 -0.4824
vn 0.3506 -0.6117 0.7091
vn 0.3927 0.7933 0.4652
vn -0.3578 0.5959 -0.7189
vn -0.1717 -0.8031 -0.5706
vn 0.1661 -0.5970 0.7849
vn 0.1694 0.8107 0.5605
vn -0.1696 0.5809 -0.7961
vn -0.9768 0.0690 0.2028
vn -0.1207 0.3428 -0.9316
vn 0.9630 0.1878 -0.1935
vn 0.3206 0.0793 0.9439
vn -0.9930 0.0752 0.0911
vn -0.0900 0.1035 -0.9906
vn 0.9886 0.1231 -0.0864
vn 0.0864 0.1076 0.9904
vn -0.9925 0.0899 0.0830
vn -0.0867 0.0903 -0.9921
vn 0.9880 0.1280 -0.0866
vn 0.0821 0.1277 0.9884
vn -0.9909 0.1068 0.0824
vn -0.0868 0.1068 -0.9905
vn 0.9857 0.1446 -0.0868
vn 0.0816 0.1446 0.9861
vn -0.8440 -0.0907 -0.5286
vn 0.5356 -0.0907 -0.8396
vn 0.8441 0.0873 0.5290
vn -0.5355 0.0873 0.8400
vn -0.8440 -0.0918 -0.5285
vn 0.5356 -0.0918 -0.8395
vn 0.8441 0.0863 0.5291
vn -0.5355 0.0863 0.8401
vn 0.8441 0.0862 0.5292
vn -0.5355 0.0862 0.8402
vn -0.8438 -0.0911 -0.5288
vn 0.5356 -0.0915 -0.8395
vn 0.8439 0.0861 0.5295
vn -0.5357 0.0868 0.8399
vn -0.8353 -0.0833 -0.5435
vn 0.5490 -0.0997 -0.8299
vn 0.8336 0.0856 0.5456
vn -0.5470 0.1058 0.8304
vn -0.9097 -0.3516 -0.2212
vn 0.8142 -0.5533 -0.1759
vn 0.7906 0.1194 0.6005
vn -0.6866 0.1205 0.7170
vn -0.7503 -0.6349 0.1846
vn 0.6526 -0.6805 0.3333
vn 0.7546 0.6303 -0.1822
vn -0.6531 0.6800 -0.3332
vn -0.7507 -0.6202 0.2276
vn 0.6384 -0.6499 0.4124
vn 0.7604 0.6114 -0.2193
vn -0.6467 0.6454 -0.4065
vn -0.7526 -0.6327 0.1823
vn 0.6571 -0.7060 0.2642
vn 0.7524 0.6329 -0.1826
vn -0.6580 0.7052 -0.2640
vn -0.7523 -0.6324 0.1845
vn 0.6575 -0.7055 0.2645
vn 0.7527 0.6320 -0.1844
vn -0.6575 0.7055 -0.2645
vn -0.7505 -0.6346 0.1844
vn 0.6564 -0.6970 0.2887
vn 0.7545 0.6305 -0.1825
vn -0.6563 0.6972 -0.2885
vn -0.7470 -0.6588 0.0894
vn 0.6509 -0.6947 0.3062
vn 0.7455 0.6599 -0.0938
vn -0.6528 0.6925 -0.3070
vn -0.7454 -0.6598 0.0949
vn 0.6540 -0.6961 0.2963
vn 0.7449 0.6603 -0.0957
vn -0.6543 0.6959 -0.2961
vn -0.6197 -0.7397 -0.2622
vn 0.5489 -0.6391 0.5388
vn 0.6107 0.7508 0.2518
vn -0.5635 0.6207 -0.5451
vn -0.2602 -0.8010 -0.5392
vn 0.2212 -0.5935 0.7738
vn 0.2610 0.8014 0.5382
vn -0.2215 0.5906 -0.7760
vn -0.2828 -0.7975 -0.5330
vn 0.2266 -0.5948 0.7713
vn 0.2797 0.8006 0.5299
vn -0.2306 0.5906 -0.7734
vn -0.5097 -0.7652 -0.3933
vn 0.4586 -0.6199 0.6367
vn 0.5019 0.7756 0.3828
vn -0.4712 0.6042 -0.6426
vn 0.3754 -0.7405 -0.5574
vn 0.3667 -0.5541 0.7473
vn 0.3676 0.7595 0.5367
vn -0.5781 0.4713 -0.6661
vn -0.0552 -0.8065 -0.5887
vn 0.0768 -0.5888 0.8047
vn 0.0565 0.8098 0.5839
vn -0.0745 0.5854 -0.8073
vn -0.0850 -0.8079 -0.5832
vn 0.1107 -0.5888 0.8006
vn 0.0836 0.8092 0.5815
vn -0.1116 0.5865 -0.8022
vn -0.7605 -0.5911 0.2686
vn 0.6305 -0.5897 0.5047
vn 0.7759 0.5647 -0.2812
vn -0.6345 0.5835 -0.5070
vn 0.8942 0.3414 -0.2895
vn -0.6566 0.3624 -0.6614
vn -0.8441 -0.0880 -0.5289
vn 0.5355 -0.0880 -0.8399
vn 0.8440 0.0901 0.5287
vn -0.5356 0.0901 0.8397
vn -0.8441 -0.0875 -0.5290
vn 0.5355 -0.0875 -0.8400
vn 0.8440 0.0905 0.5286
vn -0.5356 0.0905 0.8396
vn -0.8441 -0.0876 -0.5290
vn 0.5355 -0.0876 -0.8400
vn -0.8441 -0.0886 -0.5289
vn 0.5355 -0.0886 -0.8399
vn 0.8440 0.0894 0.5288
vn -0.5355 0.0894 0.8398
vn 0.8121 0.5806 0.0581
vn 0.0805 0.5806 -0.8102
vn -0.7876 0.6112 -0.0788
vn -0.0559 0.6112 0.7895
vn 0.7507 -0.6464 0.1364
vn -0.6525 -0.7042 0.2799
vn -0.7483 0.6489 -0.1374
vn 0.6606 0.6972 -0.2784
vn 0.7199 -0.6918 -0.0572
vn -0.6128 -0.6794 0.4035
vn -0.7055 0.7071 0.0467
vn 0.6389 0.6542 -0.4048
vn 0.3961 -0.7807 -0.4833
vn -0.3491 -0.6120 0.7097
vn -0.3913 0.7938 0.4657
vn 0.3567 0.5955 -0.7198
vn 0.8440 -0.0897 -0.5287
vn -0.5355 -0.0897 -0.8397
vn -0.8441 0.0884 0.5289
vn 0.5355 0.0884 0.8399
vn 0.9768 0.0690 0.2028
vn 0.1207 0.3428 -0.9316
vn -0.9630 0.1878 -0.1935
vn -0.3206 0.0793 0.9439
vn 0.9930 0.0752 0.0911
vn 0.0900 0.1035 -0.9906
vn -0.9886 0.1231 -0.0864
vn -0.0864 0.1076 0.9904
vn 0.9925 0.0899 0.0830
vn 0.0867 0.0903 -0.9921
vn -0.9880 0.1280 -0.0866
vn -0.0821 0.1277 0.9884
vn 0.9909 0.1068 0.0824
vn 0.0868 0.1068 -0.9905
vn -0.9857 0.1446 -0.0868
vn -0.0816 0.1446 0.9861
vn 0.8440 -0.0918 -0.5285
vn -0.5356 -0.0918 -0.8395
vn -0.8441 0.0863 0.5291
vn 0.5355 0.0863 0.8401
vn -0.8441 0.0862 0.5291
vn 0.5355 0.0862 0.8402
vn 0.8438 -0.0914 -0.5289
vn -0.5357 -0.0916 -0.8394
vn -0.8439 0.0862 0.5295
vn 0.5357 0.0866 0.8400
vn 0.8344 -0.0868 -0.5442
vn -0.5492 -0.0980 -0.8299
vn -0.8338 0.0863 0.5453
vn 0.5473 0.1004 0.8309
vn 0.9108 -0.3481 -0.2221
vn -0.8162 -0.5492 -0.1796
vn -0.7905 0.1190 0.6008
vn 0.6863 0.1196 0.7174
vn 0.7503 -0.6349 0.1846
vn -0.6526 -0.6805 0.3333
vn -0.7546 0.6303 -0.1822
vn 0.6531 0.6800 -0.3332
vn 0.7507 -0.6202 0.2276
vn -0.6384 -0.6499 0.4124
vn -0.7604 0.6114 -0.2193
vn 0.6467 0.6454 -0.4065
vn 0.7526 -0.6327 0.1823
vn -0.6571 -0.7060 0.2642
vn -0.7524 0.6329 -0.1826
vn 0.6580 0.7052 -0.2640
vn 0.7523 -0.6324 0.1845
vn -0.6575 -0.7055 0.2645
vn -0.7527 0.6320 -0.1844
vn 0.6575 0.7055 -0.2645
vn 0.7505 -0.6346 0.1843
vn -0.6564 -0.6970 0.2887
vn -0.7545 0.6305 -0.1825
vn 0.6563 0.6972 -0.2885
vn 0.7470 -0.6588 0.0894
vn -0.6509 -0.6947 0.3062
vn -0.7455 0.6599 -0.0938
vn 0.6528 0.6925 -0.3070
vn 0.7454 -0.6598 0.0949
vn -0.6540 -0.6961 0.2963
vn -0.7449 0.6603 -0.0957
vn 0.6543 0.6959 -0.2961
vn 0.6197 -0.7397 -0.2622
vn -0.5489 -0.6391 0.5388
vn -0.6107 0.7508 0.2518
vn 0.5635 0.6207 -0.5451
vn 0.2163 -0.8022 -0.5565
vn -0.1932 -0.5947 0.7804
vn -0.2163 0.8060 0.5510
vn 0.1950 0.5846 -0.7876
vn 0.2765 -0.7982 -0.5352
vn -0.2248 -0.5946 0.7719
vn -0.2738 0.8010 0.5323
vn 0.2283 0.5901 -0.7744
vn 0.5097 -0.7652 -0.3933
vn -0.4586 -0.6199 0.6367
vn -0.5019 0.7756 0.3828
vn 0.4712 0.6042 -0.6426
vn 0.0626 -0.8062 -0.5883
vn -0.0850 -0.5892 0.8035
vn -0.0634 0.8101 0.5828
vn 0.0832 0.5849 -0.8068
vn 0.1269 -0.8054 -0.5790
vn -0.1383 -0.5921 0.7939
vn -0.1242 0.8100 0.5731
vn 0.1407 0.5830 -0.8002
vn 0.7605 -0.5911 0.2686
vn -0.6305 -0.5897 0.5047
vn -0.7759 0.5647 -0.2812
vn 0.6345 0.5835 -0.5070
vn -0.8942 0.3414 -0.2895
vn 0.6566 0.3624 -0.6614
vn 0.8441 -0.0882 -0.5289
vn -0.5355 -0.0882 -0.8399
vn -0.8440 0.0899 0.5287
vn 0.5356 0.0899 0.8397
vn 0.8441 -0.0875 -0.5290
vn -0.5355 -0.0875 -0.8400
vn -0.8440 0.0905 0.5286
vn 0.5356 0.0905 0.8396
vn 0.8441 -0.0876 -0.5290
vn -0.5355 -0.0876 -0.8400
vn -0.8440 0.0904 0.5286
vn 0.5356 0.0904 0.8396
vn -0.5881 -0.5706 -0.5733
vn -0.5932 -0.5706 0.5679
vn -0.5932 0.5706 0.5679
vn -0.5881 0.5706 -0.5733
vn 0.6039 -0.5650 -0.5623
vn 0.5987 -0.5650 0.5677
vn 0.5987 0.5650 0.5677
vn 0.6039 0.5650 -0.5623
vn -0.0135 -0.7070 -0.7071
vn -0.0200 -0.7070 0.7069
vn -0.0200 0.7070 0.7069
vn -0.0135 0.7070 -0.7071
vn 0.0032 -0.7071 -0.7071
vn -0.0032 -0.7071 0.7071
vn -0.0032 0.7071 0.7071
vn 0.0032 0.7071 -0.7071
vn 0.0251 -0.7069 -0.7068
vn 0.0187 -0.7069 0.7070
vn 0.0187 0.7069 0.7070
vn 0.0251 0.7069 -0.7068
vn 0.3816 -0.5680 -0.7292
vn -0.7125 -0.5680 -0.4121
vn -0.7116 0.5711 -0.4092
vn 0.3824 0.5711 -0.7263
vn 0.7096 -0.5629 0.4239
vn -0.3661 -0.5620 0.7418
vn -0.3652 0.5587 0.7447
vn 0.7104 0.5596 0.4268
vn 0.6738 -0.7070 -0.2148
vn -0.6843 -0.7070 0.1789
vn -0.6832 0.7070 0.1825
vn 0.6749 0.7070 -0.2113
vn 0.6786 -0.7071 -0.1987
vn -0.6797 -0.7071 0.1951
vn -0.6786 0.7071 0.1987
vn 0.6797 0.7071 -0.1951
vn 0.6781 -0.7073 -0.1997
vn -0.6796 -0.7069 0.1962
vn -0.6785 0.7069 0.1998
vn 0.6792 0.7073 -0.1961
vn 0.6602 -0.7114 -0.2410
vn -0.6707 -0.7019 0.2399
vn -0.6693 0.7017 0.2442
vn 0.6615 0.7117 -0.2365
vn 0.6710 -0.7014 -0.2405
vn -0.6451 -0.7107 0.2808
vn -0.6437 0.7100 0.2856
vn 0.6725 0.7015 -0.2358
vn -0.3816 -0.5680 -0.7292
vn 0.7125 -0.5680 -0.4121
vn 0.7116 0.5711 -0.4092
vn -0.3824 0.5711 -0.7263
vn -0.7096 -0.5629 0.4239
vn 0.3661 -0.5620 0.7418
vn 0.3652 0.5587 0.7447
vn -0.7104 0.5596 0.4268
vn -0.6738 -0.7070 -0.2148
vn 0.6843 -0.7070 0.1789
vn 0.6832 0.7070 0.1825
vn -0.6749 0.7070 -0.2113
vn -0.6786 -0.7071 -0.1987
vn 0.6797 -0.7071 0.1951
vn 0.6786 0.7071 0.1987
vn -0.6797 0.7071 -0.1951
vn -0.6781 -0.7073 -0.1997
vn 0.6796 -0.7069 0.1962
vn 0.6785 0.7069 0.1998
vn -0.6792 0.7073 -0.1961
vn -0.6602 -0.7114 -0.2410
vn 0.6707 -0.7019 0.2399
vn 0.6693 0.7017 0.2442
vn -0.6615 0.7117 -0.2365
vn -0.6710 -0.7014 -0.2405
vn 0.6451 -0.7107 0.2808
vn 0.6437 0.7100 0.2856
vn -0.6725 0.7015 -0.2358
vn 0.9580 -0.2401 -0.1568
vn -0.1362 -0.9750 -0.1755
vn 0.6019 -0.7678 -0.2194
vn 0.1006 -0.2401 0.9655
vn -0.2051 -0.9750 -0.0853
vn -0.0535 -0.7678 0.6384
vn -0.9800 0.1417 0.1400
vn -0.2920 -0.9443 -0.1516
vn -0.8794 -0.4760 0.0074
vn -0.2231 -0.9443 -0.2419
vn -0.1225 0.1417 -0.9823
vn -0.2240 -0.4760 -0.8505
vn 0.1362 -0.9750 -0.1755
vn -0.9580 -0.2401 -0.1568
vn -0.6020 -0.7678 -0.2194
vn 0.2051 -0.9750 -0.0853
vn -0.1006 -0.2401 0.9655
vn 0.0535 -0.7678 0.6385
vn 0.2920 -0.9443 -0.1516
vn 0.9800 0.1417 0.1400
vn 0.8794 -0.4760 0.0074
vn 0.1225 0.1417 -0.9823
vn 0.2231 -0.9443 -0.2419
vn 0.2240 -0.4760 -0.8505
vn -0.0465 -0.9960 0.0759
vn -0.8430 -0.1152 -0.5254
vn -0.6597 -0.6650 -0.3502
vn 0.0746 -0.9960 0.0486
vn 0.5361 -0.1152 -0.8363
vn 0.4456 -0.6650 -0.5993
vn 0.1017 -0.9804 0.1688
vn 0.8445 0.0628 0.5319
vn 0.6928 -0.5223 0.4972
vn -0.5346 0.0628 0.8428
vn -0.0194 -0.9804 0.1961
vn -0.4125 -0.5223 0.7463
vn 0.8423 -0.1279 -0.5236
vn 0.0465 -0.9960 0.0759
vn 0.6413 -0.6899 -0.3358
vn -0.5362 -0.1279 -0.8343
vn -0.0746 -0.9960 0.0486
vn -0.4352 -0.6899 -0.5785
vn -0.8445 0.0500 0.5332
vn -0.1017 -0.9804 0.1688
vn -0.6759 -0.5509 0.4894
vn 0.0194 -0.9804 0.1961
vn 0.5340 0.0500 0.8440
vn 0.4006 -0.5510 0.7321
vn 0.5770 0.6909 -0.4356
vn -0.3787 0.8792 -0.2893
vn -0.2687 0.6909 0.6712
vn 0.6869 0.5026 0.5248
vn 0.7649 -0.2709 0.5844
vn -0.6072 -0.0006 0.7945
vn -0.7652 0.2697 -0.5846
vn 0.6070 -0.0006 -0.7947
vn 0.7650 -0.2703 0.5845
vn -0.6071 -0.0000 0.7946
vn -0.7650 0.2703 -0.5845
vn 0.6071 -0.0000 -0.7946
vn 0.7685 -0.2544 0.5871
vn -0.6035 0.0158 0.7972
vn -0.7614 0.2861 -0.5817
vn 0.6106 0.0158 -0.7918
vn 0.9934 -0.0061 -0.1150
vn 0.1502 -0.0061 0.9886
vn -0.9123 0.3693 0.1769
vn -0.0692 0.3693 -0.9267
vn -0.5770 0.6909 -0.4356
vn 0.3787 0.8792 -0.2893
vn 0.2687 0.6909 0.6712
vn -0.6869 0.5026 0.5248
vn -0.7649 -0.2709 0.5844
vn 0.6072 -0.0006 0.7945
vn 0.7652 0.2697 -0.5846
vn -0.6070 -0.0006 -0.7947
vn -0.7650 -0.2703 0.5845
vn 0.6071 -0.0000 0.7946
vn 0.7650 0.2703 -0.5845
vn -0.6071 -0.0000 -0.7946
vn -0.7685 -0.2544 0.5871
vn 0.6035 0.0158 0.7972
vn 0.7614 0.2861 -0.5817
vn -0.6106 0.0158 -0.7918
vn -0.9934 -0.0061 -0.1149
vn -0.1502 -0.0061 0.9886
vn 0.9123 0.3693 0.1769
vn 0.0691 0.3693 -0.9267
vn 0.1882 0.3078 0.9327
vn -0.2273 -0.0398 -0.9730
vn 0.9739 0.1949 0.1164
vn -0.9790 0.1835 -0.0889
vn 0.9862 0.1641 0.0234
vn -0.9556 0.2941 -0.0182
vn 0.9871 -0.1209 0.1052
vn -0.9088 -0.3992 0.1218
vn 0.9935 -0.0785 0.0821
vn -0.9340 -0.3523 0.0594
vn 0.9886 -0.0876 0.1224
vn -0.9600 -0.2792 -0.0225
vn -0.9165 -0.2120 -0.3393
vn -0.0000 -0.1527 -0.9883
vn 0.0003 0.1166 0.9932
vn 0.9868 0.1609 0.0210
vn -0.9120 0.4101 -0.0130
vn 0.9983 -0.0537 0.0234
vn -0.9884 0.1491 -0.0288
vn 0.9971 0.0756 -0.0084
vn -0.9780 -0.1868 0.0926
vn 0.9942 0.0975 0.0444
vn -0.9853 -0.1683 -0.0279
vn -0.9699 -0.1299 -0.2062
vn 0.9799 0.0687 0.1871
vn 0.1078 -0.0118 0.9941
vn -0.1111 -0.2074 -0.9719
vn 0.2308 0.0915 0.9687
vn -0.2328 -0.1304 -0.9637
vn -0.9171 0.0896 -0.3884
vn -0.8003 -0.0299 -0.5988
vn -0.0000 -0.1279 -0.9918
vn 0.0003 0.1732 0.9849
vn -0.9803 -0.1973 0.0134
vn 0.9936 0.1122 0.0115
vn 0.9977 -0.0675 0.0076
vn -0.9792 0.2029 -0.0054
vn -0.9956 0.0724 -0.0597
vn 0.9984 0.0018 0.0566
vn 0.9764 0.0458 0.2110
vn -0.9711 0.0116 -0.2384
vn -0.3238 -0.0900 -0.9418
vn 0.3128 0.1363 0.9400
vn -0.8058 -0.0919 -0.5850
vn -0.9999 -0.0144 -0.0032
vn 0.9998 0.0194 0.0038
vn -0.9985 -0.0415 -0.0362
vn 0.9984 0.0430 0.0355
vn -0.9920 -0.0553 -0.1138
vn 0.9930 0.0547 0.1050
vn -0.9024 -0.0634 -0.4263
vn -0.1607 -0.1325 -0.9781
vn 0.1603 0.1330 0.9781
vn -0.8182 -0.1176 0.5628
vn 0.8146 -0.0621 0.5767
vn -0.8616 0.5045 0.0557
vn 0.9550 0.2790 0.1011
vn -0.8214 -0.3818 0.4236
vn 0.8942 -0.2081 0.3964
vn -0.8766 0.2767 0.3937
vn 0.8402 0.0526 0.5397
vn -0.9932 0.0273 0.1134
vn 0.9982 -0.0085 0.0596
vn 0.2273 -0.0398 -0.9730
vn -0.1873 0.3079 0.9328
vn 0.9790 0.1834 -0.0889
vn -0.9734 0.1955 0.1198
vn 0.9557 0.2938 -0.0186
vn -0.9861 0.1643 0.0239
vn 0.9087 -0.3992 0.1218
vn -0.9871 -0.1209 0.1052
vn 0.9342 -0.3517 0.0602
vn -0.9935 -0.0781 0.0823
vn 0.9608 -0.2765 -0.0203
vn -0.9882 -0.0872 0.1259
vn 0.9156 -0.2106 -0.3425
vn -0.9171 -0.1171 0.3811
vn 0.9128 0.4081 -0.0145
vn -0.9863 0.1632 0.0226
vn 0.9885 0.1482 -0.0296
vn -0.9983 -0.0526 0.0242
vn 0.9779 -0.1873 0.0928
vn -0.9970 0.0763 -0.0087
vn 0.9855 -0.1675 -0.0271
vn -0.9943 0.0971 0.0444
vn -0.9768 0.0676 0.2033
vn 0.9700 -0.1288 -0.2063
vn 0.1111 -0.2074 -0.9719
vn -0.1065 -0.0116 0.9942
vn 0.2328 -0.1304 -0.9637
vn -0.2222 0.0922 0.9706
vn 0.9171 0.0896 -0.3884
vn -0.8675 0.2355 0.4381
vn 0.8003 -0.0298 -0.5988
vn -0.7995 0.0818 0.5951
vn -0.9936 0.1124 0.0116
vn 0.9802 -0.1974 0.0134
vn 0.9797 0.2003 -0.0049
vn -0.9979 -0.0642 0.0070
vn -0.9984 0.0019 0.0570
vn 0.9956 0.0724 -0.0597
vn 0.9711 0.0116 -0.2384
vn -0.9723 0.0478 0.2290
vn -0.3057 0.1370 0.9422
vn 0.3238 -0.0900 -0.9418
vn -0.8204 0.0367 0.5705
vn 0.8053 -0.0916 -0.5858
vn -0.9998 0.0208 0.0041
vn 0.9999 -0.0156 -0.0034
vn -0.9984 0.0430 0.0356
vn 0.9985 -0.0416 -0.0362
vn -0.9926 0.0547 0.1081
vn 0.9920 -0.0550 -0.1136
vn -0.9071 0.0620 0.4163
vn 0.9023 -0.0631 -0.4266
vn -0.1589 0.1332 0.9783
vn 0.1607 -0.1325 -0.9781
vn -0.8150 -0.0617 0.5762
vn 0.8178 -0.1178 0.5633
vn -0.9545 0.2818 0.0978
vn 0.8627 0.5023 0.0587
vn -0.8943 -0.2079 0.3963
vn 0.8214 -0.3819 0.4237
vn -0.8417 0.0543 0.5371
vn 0.8757 0.2753 0.3967
vn -0.9983 -0.0067 0.0579
vn 0.9930 0.0260 0.1149
vn 0.3136 -0.1869 -0.9310
vn 0.3797 -0.0873 -0.9210
vn 0.4845 0.0215 -0.8746
vn 0.4916 -0.0968 -0.8654
vn 0.5513 -0.0407 -0.8333
vn -0.3136 -0.1869 -0.9310
vn 0.2959 -0.0616 0.9532
vn -0.3797 -0.0873 -0.9210
vn 0.6539 -0.1734 -0.7364
vn 0.7067 0.0540 -0.7055
vn -0.4845 0.0215 -0.8746
vn 0.3703 0.0881 0.9247
vn 0.3756 0.2523 0.8918
vn 0.6721 -0.0604 -0.7380
vn 0.5178 0.0887 0.8509
vn -0.5513 -0.0407 -0.8333
vn -0.4916 -0.0968 -0.8654
vn 0.4655 0.0503 0.8836
vn -0.7067 0.0540 -0.7055
vn -0.6721 -0.0604 -0.7380
vn -0.6546 -0.1738 -0.7357
vn -0.5225 0.0377 0.8518
vn -0.4183 0.2044 0.8850
vn -0.4226 0.6381 0.6436
vn 0.2285 0.2403 0.9434
vn 0.6530 0.0836 0.7527
vn 0.6155 0.6387 0.4617
vn 0.4442 0.2549 0.8589
vn -0.0226 0.7409 0.6712
vn 0.2054 0.2582 0.9440
vn 0.2647 0.0543 0.9628
vn -0.4490 0.1091 0.8868
vn -0.8894 0.2240 0.3985
vn -0.8144 -0.0138 0.5802
vn -0.5733 0.0759 0.8158
vn -0.3532 -0.7395 0.5730
vn -0.2691 -0.5655 0.7796
vn -0.4199 -0.2374 0.8760
vn 0.1781 -0.5992 0.7805
vn 0.5221 -0.7091 0.4738
vn 0.5728 -0.2854 0.7684
vn 0.2401 -0.5911 0.7700
vn -0.0450 -0.2975 0.9537
vn -0.1978 -0.5750 0.7939
vn -0.1901 -0.7820 0.5936
vn -0.6370 -0.4070 0.6546
vn -0.8518 -0.0705 0.5190
vn -0.8761 -0.3462 0.3356
vn -0.6651 -0.3893 0.6373
vn -0.2932 0.9348 0.2006
vn -0.4039 0.9131 0.0562
vn 0.1451 0.9734 0.1772
vn 0.4802 0.8765 0.0327
vn 0.1826 0.9659 0.1837
vn -0.2482 0.9668 0.0609
vn -0.2800 0.9403 0.1934
vn -0.6842 0.7094 0.1694
vn -0.8977 0.4380 0.0476
vn -0.7262 0.6627 0.1829
vn -0.4790 -0.0124 0.8777
vn 0.1456 -0.0162 0.9892
vn 0.3606 -0.0272 0.9323
vn 0.1373 -0.0750 0.9877
vn -0.4835 0.0064 0.8753
vn -0.6215 0.0185 0.7832
vn 0.2639 0.9396 0.2181
vn 0.0583 0.9562 0.2870
vn 0.0977 0.9778 0.1856
vn -0.2921 0.8745 0.3873
vn -0.4768 0.6311 0.6119
vn -0.6884 0.6712 0.2749
vn -0.3158 0.8642 0.3917
vn -0.0772 0.9761 0.2032
vn 0.3141 0.9404 0.1301
vn 0.1142 0.9461 0.3030
vn 0.4657 0.8829 0.0604
vn 0.7467 0.6649 -0.0200
vn 0.7343 0.6254 -0.2639
vn 0.5651 0.8250 0.0117
vn 0.0572 -0.9967 0.0573
vn 0.0042 -0.9522 0.3053
vn -0.0000 -0.9975 0.0710
vn -0.0206 -0.8383 0.5449
vn -0.1190 -0.5324 0.8381
vn -0.0000 -0.5791 0.8153
vn -0.0265 -0.8091 0.5871
vn -0.0000 -0.9703 0.2420
vn 0.0512 -0.9829 -0.1771
vn 0.0209 -0.9702 0.2413
vn 0.0608 -0.9589 -0.2771
vn -0.0000 -0.7742 -0.6329
vn 0.1665 -0.7678 -0.6187
vn 0.0673 -0.9305 -0.3601
vn -0.1695 0.9850 0.0335
vn -0.3000 0.9527 0.0479
vn -0.6487 0.7599 0.0413
vn -0.8657 0.5003 0.0183
vn -0.7010 0.7121 0.0381
vn -0.2018 0.9789 0.0329
vn -0.3349 0.9420 0.0229
vn 0.1503 0.9881 0.0324
vn 0.5559 0.8310 0.0198
vn 0.2124 0.9766 0.0333
vn 0.0272 -0.9645 0.2625
vn -0.0892 -0.9658 0.2433
vn 0.0683 -0.9905 0.1194
vn -0.4353 -0.8362 0.3336
vn -0.7572 -0.5826 0.2954
vn -0.6452 -0.5402 0.5403
vn -0.4520 -0.8244 0.3406
vn -0.1018 -0.9693 0.2238
vn 0.1741 -0.9772 0.1215
vn -0.1752 -0.9441 0.2793
vn 0.3369 -0.9396 0.0602
vn 0.5939 -0.7510 -0.2885
vn 0.6771 -0.7323 0.0725
vn 0.4374 -0.8991 0.0198
vn -0.0922 -0.9389 0.3316
vn -0.1719 -0.9302 0.3243
vn -0.5117 -0.8034 0.3044
vn -0.8280 -0.5143 0.2233
vn -0.5640 -0.7707 0.2966
vn 0.0490 -0.9552 0.2918
vn -0.2709 -0.9073 0.3215
vn 0.3053 -0.9153 0.2627
vn 0.6147 -0.7565 0.2234
vn 0.3860 -0.8880 0.2500
vn -0.1672 -0.9250 0.3411
vn -0.2542 -0.9077 0.3339
vn -0.5901 -0.7520 0.2937
vn -0.8663 -0.4549 0.2066
vn -0.6451 -0.7108 0.2804
vn -0.0835 -0.9412 0.3272
vn -0.3327 -0.8831 0.3307
vn 0.2240 -0.9244 0.3089
vn 0.5554 -0.7916 0.2547
vn 0.2938 -0.9073 0.3009
vn -0.2683 -0.8735 0.4063
vn -0.6353 -0.6903 0.3461
vn -0.6738 -0.6588 0.3346
vn -0.1597 -0.9001 0.4055
vn 0.1824 -0.9030 0.3890
vn 0.2429 -0.8906 0.3844
vn -0.0482 0.9958 0.0778
vn -0.2241 0.9737 0.0418
vn -0.5676 0.8227 0.0331
vn -0.8002 0.5956 0.0703
vn -0.6237 0.7811 0.0291
vn -0.0502 0.9984 0.0249
vn -0.2193 0.9730 0.0715
vn 0.2497 0.9679 0.0267
vn 0.6554 0.7547 0.0299
vn 0.3217 0.9464 0.0285
vn -0.1160 0.9818 0.1503
vn -0.4550 0.8761 0.1597
vn -0.5106 0.8454 0.1570
vn 0.1231 0.9865 0.1084
vn 0.3661 0.9270 0.0817
vn 0.4498 0.8900 0.0748
vn 0.0001 0.9829 -0.1839
vn 0.1082 0.9938 0.0272
vn 0.3067 0.9435 -0.1253
vn 0.0170 0.9389 0.3439
vn -0.0000 0.7672 0.6414
vn -0.1159 0.7097 0.6949
vn 0.0104 0.9305 0.3662
vn 0.2133 0.9728 0.0907
vn 0.1839 0.9179 -0.3515
vn -0.0000 1.0000 -0.0082
vn 0.2095 0.8660 -0.4540
vn 0.4494 0.6000 -0.6618
vn -0.0000 0.6262 -0.7797
vn 0.2255 0.8170 -0.5307
vn -0.2648 0.0544 0.9628
vn -0.2055 0.2584 0.9439
vn 0.0224 0.7407 0.6715
vn 0.4487 0.1081 0.8871
vn 0.8143 -0.0140 0.5803
vn 0.8885 0.2211 0.4021
vn 0.5726 0.0749 0.8164
vn 0.4227 0.6366 0.6451
vn 0.4181 0.2037 0.8852
vn 0.5225 0.0376 0.8518
vn -0.2282 0.2408 0.9434
vn -0.6148 0.6408 0.4597
vn -0.6531 0.0837 0.7526
vn -0.4441 0.2557 0.8587
vn 0.1901 -0.7820 0.5936
vn 0.1978 -0.5750 0.7939
vn 0.0450 -0.2975 0.9537
vn 0.6370 -0.4070 0.6546
vn 0.8761 -0.3461 0.3356
vn 0.8519 -0.0704 0.5190
vn 0.6651 -0.3893 0.6372
vn 0.4199 -0.2374 0.8760
vn 0.2691 -0.5655 0.7796
vn 0.3532 -0.7395 0.5730
vn -0.1782 -0.5992 0.7805
vn -0.5729 -0.2854 0.7684
vn -0.5222 -0.7091 0.4738
vn -0.2401 -0.5911 0.7700
vn 0.2800 0.9401 0.1945
vn 0.2481 0.9668 0.0610
vn 0.6840 0.7089 0.1724
vn 0.8978 0.4379 0.0479
vn 0.7261 0.6619 0.1861
vn 0.4040 0.9130 0.0564
vn 0.2934 0.9344 0.2019
vn -0.1445 0.9736 0.1766
vn -0.4798 0.8768 0.0326
vn -0.1820 0.9661 0.1830
vn -0.1373 -0.0750 0.9877
vn 0.4835 0.0064 0.8753
vn 0.6215 0.0185 0.7832
vn 0.4790 -0.0124 0.8777
vn -0.1456 -0.0162 0.9892
vn -0.3606 -0.0272 0.9323
vn -0.1142 0.9461 0.3030
vn -0.3141 0.9404 0.1301
vn 0.0772 0.9761 0.2032
vn -0.4657 0.8829 0.0604
vn -0.7343 0.6254 -0.2639
vn -0.7467 0.6649 -0.0200
vn -0.5645 0.8253 0.0120
vn -0.0692 0.9804 0.1843
vn 0.7360 0.6193 0.2734
vn 0.3598 0.8410 0.4041
vn -0.0209 -0.9702 0.2414
vn -0.0512 -0.9829 -0.1771
vn -0.0608 -0.9589 -0.2771
vn -0.1665 -0.7678 -0.6187
vn -0.0673 -0.9304 -0.3602
vn -0.0039 -0.9519 0.3065
vn -0.0534 -0.9959 0.0731
vn 0.0214 -0.8387 0.5442
vn 0.1095 -0.5841 0.8043
vn 0.0262 -0.8115 0.5838
vn 0.3349 0.9420 0.0224
vn 0.2019 0.9789 0.0324
vn -0.1503 0.9881 0.0327
vn -0.5559 0.8310 0.0208
vn -0.2124 0.9766 0.0338
vn 0.3002 0.9527 0.0473
vn 0.1696 0.9850 0.0332
vn 0.6487 0.7600 0.0400
vn 0.8657 0.5004 0.0168
vn 0.7010 0.7122 0.0367
vn 0.1738 -0.9440 0.2803
vn -0.1794 -0.9740 0.1381
vn 0.0919 -0.9669 0.2381
vn -0.3447 -0.9357 0.0755
vn -0.6793 -0.7303 0.0726
vn -0.6014 -0.7495 -0.2769
vn -0.4450 -0.8948 0.0345
vn -0.0563 -0.9640 0.2598
vn 0.7930 -0.5353 0.2910
vn 0.4875 -0.7931 0.3650
vn 0.2721 -0.9101 0.3126
vn -0.0451 -0.9586 0.2813
vn -0.3042 -0.9186 0.2521
vn -0.6143 -0.7589 0.2161
vn -0.3849 -0.8912 0.2399
vn 0.1711 -0.9340 0.3136
vn 0.0928 -0.9420 0.3224
vn 0.5121 -0.8068 0.2946
vn 0.8288 -0.5154 0.2180
vn 0.5686 -0.7709 0.2870
vn 0.3327 -0.8833 0.3303
vn 0.0839 -0.9423 0.3240
vn -0.2238 -0.9254 0.3057
vn -0.5553 -0.7918 0.2544
vn -0.2934 -0.9084 0.2978
vn 0.2543 -0.9088 0.3307
vn 0.1672 -0.9252 0.3407
vn 0.5908 -0.7526 0.2909
vn 0.8664 -0.4547 0.2063
vn 0.6452 -0.7116 0.2780
vn 0.1597 -0.9000 0.4055
vn -0.1824 -0.9030 0.3890
vn -0.2429 -0.8906 0.3844
vn 0.2683 -0.8735 0.4063
vn 0.6354 -0.6903 0.3461
vn 0.6738 -0.6588 0.3346
vn 0.2193 0.9730 0.0714
vn 0.0502 0.9984 0.0249
vn -0.2497 0.9680 0.0268
vn -0.6554 0.7546 0.0299
vn -0.3217 0.9464 0.0287
vn 0.2241 0.9737 0.0416
vn 0.0492 0.9958 0.0777
vn 0.5676 0.8226 0.0328
vn 0.8010 0.5946 0.0701
vn 0.6237 0.7812 0.0288
vn -0.1231 0.9865 0.1084
vn -0.3661 0.9270 0.0817
vn -0.4497 0.8900 0.0748
vn 0.1188 0.9817 0.1485
vn 0.4665 0.8701 0.1592
vn 0.5143 0.8431 0.1568
vn -0.1839 0.9179 -0.3515
vn -0.2133 0.9728 0.0907
vn -0.2095 0.8660 -0.4540
vn -0.4494 0.6000 -0.6618
vn -0.2255 0.8169 -0.5308
vn -0.2911 0.9543 -0.0672
vn -0.1084 0.9936 0.0329
vn -0.0123 0.9353 0.3537
vn 0.0984 0.7338 0.6722
vn -0.0116 0.9317 0.3631
vn -0.1139 -0.7782 0.6176
vn 0.1272 -0.9820 -0.1399
vn -0.0141 -0.9711 0.2383
vn 0.1636 -0.9541 -0.2509
vn 0.3552 -0.7586 -0.5462
vn 0.1854 -0.9224 -0.3388
vn 0.0504 0.8473 0.5287
vn 0.2636 0.9299 0.2565
vn 0.4292 0.8945 -0.1251
vn 0.4964 0.8256 -0.2683
vn 0.6448 0.5983 -0.4756
vn 0.5201 0.7862 -0.3336
vn 0.0135 -0.9710 0.2388
vn -0.1272 -0.9820 -0.1399
vn -0.1635 -0.9542 -0.2507
vn -0.3553 -0.7594 -0.5450
vn -0.1855 -0.9222 -0.3393
vn -0.0057 -0.9615 0.2746
vn -0.0755 -0.9943 0.0753
vn 0.0830 -0.8380 0.5393
vn 0.3260 -0.5461 0.7717
vn 0.0967 -0.8159 0.5700
vn -0.3202 -0.7940 0.5167
vn 0.1805 -0.9816 -0.0624
vn 0.2609 -0.9535 -0.1507
vn 0.3310 -0.9125 -0.2402
vn -0.1066 0.8200 0.5624
vn 0.4225 0.9056 0.0364
vn 0.5277 0.8448 -0.0889
vn 0.5791 0.7993 -0.1607
vn -0.4292 0.8945 -0.1251
vn -0.2636 0.9299 0.2565
vn -0.4964 0.8256 -0.2683
vn -0.6448 0.5983 -0.4756
vn -0.5203 0.7859 -0.3341
vn -0.3833 0.9162 0.1167
vn -0.2891 0.9354 0.2036
vn -0.1021 0.8770 0.4695
vn 0.2165 0.6443 0.7335
vn -0.0758 0.8641 0.4976
vn -0.4225 0.9056 0.0365
vn -0.5277 0.8447 -0.0890
vn -0.5791 0.7992 -0.1608
vn 0.1026 0.8226 0.5593
vn -0.1845 -0.9812 -0.0574
vn -0.2651 -0.9531 -0.1459
vn -0.3348 -0.9125 -0.2349
vn 0.3092 -0.8037 0.5083
vn -0.0000 0.9902 -0.1399
vn -0.2642 0.9643 -0.0160
vn -0.4456 0.3988 -0.8015
vn -0.0000 0.3635 -0.9316
vn 0.2627 0.9648 -0.0124
vn 0.4456 0.3988 -0.8015
vn 0.0723 0.7432 0.6652
vn -0.0001 0.7869 0.6171
vn -0.0708 0.7447 0.6636
vn -0.3375 0.9263 0.1676
vn -0.6521 0.4427 -0.6155
vn 0.1422 0.6863 0.7133
vn -0.8196 0.5673 -0.0805
vn -0.7857 0.4822 -0.3874
vn -0.2153 0.9453 0.2449
vn -0.0416 0.9810 0.1896
vn 0.1087 0.9913 0.0739
vn -0.7216 0.6923 0.0096
vn 0.7034 0.7061 0.0822
vn 0.6380 0.7222 0.2672
vn 0.2324 0.9722 0.0276
vn 0.7257 0.6874 0.0289
vn -0.5811 0.8138 0.0082
vn 0.6984 0.7138 0.0525
vn 0.4497 0.6360 0.6271
vn 0.1892 0.6883 0.7004
vn 0.3187 0.9460 0.0594
vn -0.4405 0.8974 0.0249
vn -0.2820 0.7558 0.5910
vn 0.2481 -0.7677 0.5908
vn 0.2289 -0.9130 0.3376
vn -0.5702 -0.7843 0.2444
vn -0.4543 -0.7404 0.4955
vn 0.2030 -0.2637 0.9430
vn -0.1613 -0.3312 0.9297
vn 0.7394 -0.6216 0.2587
vn 0.6462 -0.5930 0.4804
vn 0.3253 -0.3069 0.8945
vn 0.1606 -0.9342 0.3185
vn 0.7469 -0.6149 0.2531
vn -0.6648 -0.7223 0.1907
vn 0.0443 -0.9619 0.2698
vn 0.6993 -0.6455 0.3070
vn -0.7609 -0.6488 0.0136
vn -0.0171 -0.9846 0.1739
vn -0.7013 -0.5925 -0.3964
vn -0.0431 -0.9906 0.1296
vn -0.4175 -0.5647 -0.7119
vn 0.2855 -0.6066 0.7420
vn 0.0002 -0.5075 0.8616
vn -0.1181 -0.5371 0.8352
vn 0.0419 -0.9903 0.1325
vn -0.0000 -0.9920 0.1260
vn -0.0427 -0.9908 0.1281
vn 0.1249 -0.5386 0.8333
vn -0.0000 -0.5481 -0.8364
vn -0.1894 -0.5519 -0.8121
vn 0.1894 -0.5519 -0.8121
vn 0.0810 0.0526 0.9953
vn 0.1853 0.0017 0.9827
vn -0.2113 0.1123 0.9709
vn 0.3327 0.9268 0.1743
vn 0.6521 0.4427 -0.6154
vn -0.6271 0.7244 0.2863
vn -0.3832 0.7098 0.5911
vn 0.2215 0.9450 0.2405
vn 0.0464 0.9810 0.1886
vn -0.1086 0.9913 0.0739
vn -0.7032 0.7062 0.0827
vn 0.7216 0.6923 0.0095
vn 0.8196 0.5673 -0.0805
vn 0.7857 0.4822 -0.3874
vn -0.2325 0.9722 0.0280
vn 0.5813 0.8136 0.0074
vn -0.7254 0.6877 0.0301
vn 0.4421 0.8966 0.0248
vn 0.2813 0.7552 0.5921
vn -0.1897 0.6889 0.6996
vn -0.3188 0.9460 0.0593
vn -0.6972 0.7150 0.0524
vn -0.4506 0.6371 0.6254
vn -0.2482 -0.7677 0.5908
vn -0.2289 -0.9129 0.3381
vn -0.7395 -0.6214 0.2590
vn -0.6462 -0.5930 0.4804
vn -0.2030 -0.2637 0.9430
vn -0.3253 -0.3068 0.8944
vn 0.5703 -0.7841 0.2447
vn 0.4543 -0.7404 0.4955
vn 0.1613 -0.3312 0.9297
vn -0.1593 -0.9313 0.3276
vn 0.6670 -0.7186 0.1968
vn -0.7473 -0.6120 0.2588
vn -0.0407 -0.9626 0.2679
vn 0.7624 -0.6469 0.0121
vn -0.6958 -0.6453 0.3153
vn 0.0129 -0.9879 0.1548
vn 0.6972 -0.5911 -0.4057
vn -0.5703 -0.6593 0.4900
vn 0.0389 -0.9899 0.1361
vn 0.4171 -0.5646 -0.7122
vn -0.0807 0.0526 0.9953
vn 0.2105 0.1120 0.9712
vn -0.1859 0.0019 0.9826
vn 0.3113 0.7401 -0.5962
vn -0.8483 -0.5202 0.0988
vn -0.5561 -0.4235 -0.7151
vn -0.6981 -0.5479 0.4610
vn -0.4450 0.7233 -0.5280
vn -0.2974 -0.6767 -0.6736
vn -0.7681 0.2644 -0.5832
vn -0.9325 0.3487 0.0945
vn 0.9182 0.3230 -0.2294
vn 0.2483 -0.3636 -0.8978
vn 0.4691 0.1435 -0.8714
vn 0.6142 0.7045 0.3556
vn 0.2225 0.9258 0.3055
vn 0.1324 0.9228 0.3618
vn 0.8603 0.1992 0.4692
vn 0.8910 0.4130 -0.1887
vn 0.0269 -0.9516 0.3062
vn 0.1146 -0.9934 0.0045
vn -0.6555 -0.6658 -0.3564
vn -0.1084 -0.7793 -0.6172
vn 0.1645 -0.9832 -0.0796
vn -0.1038 -0.9664 0.2351
vn 0.7638 -0.4945 0.4148
vn 0.7091 -0.6845 -0.1695
vn 0.4066 0.8016 0.4383
vn -0.0747 0.9448 0.3191
vn -0.6553 0.2339 0.7182
vn -0.8827 0.4573 0.1082
vn 0.1018 -0.9618 0.2541
vn -0.8687 -0.4108 -0.2768
vn -0.5585 -0.3963 0.7287
vn -0.7598 -0.6422 0.1016
vn -0.1508 0.9227 0.3548
vn -0.2979 0.9254 0.2344
vn 0.3136 0.8121 -0.4922
vn -0.4740 0.7336 -0.4870
vn -0.6623 -0.3782 -0.6468
vn 0.0924 -0.9646 0.2468
vn 0.4678 -0.6541 -0.5945
vn -0.2881 -0.7791 -0.5567
vn 0.4759 0.8786 -0.0395
vn 0.2841 0.9076 0.3092
vn -0.4237 0.8375 -0.3452
vn 0.3361 0.7159 -0.6120
vn 0.6756 0.0517 0.7354
vn 0.6505 0.0814 0.7551
vn 0.6100 0.2323 0.7576
vn 0.9583 0.0795 0.2744
vn 0.9764 0.0411 -0.2118
vn 0.9756 0.2125 -0.0554
vn 0.9826 0.0871 0.1641
vn 0.8511 0.2406 0.4666
vn 0.9105 0.0783 0.4059
vn 0.8939 0.0549 0.4448
vn 0.3764 0.0680 0.9240
vn -0.2085 0.0871 0.9741
vn -0.0854 0.0215 0.9961
vn 0.3443 0.0674 0.9364
vn 0.6413 -0.1349 0.7553
vn 0.6407 0.0242 0.7674
vn 0.9708 0.0232 0.2389
vn 0.9779 -0.1049 -0.1809
vn 0.9906 0.0166 0.1355
vn 0.9286 0.0363 0.3694
vn 0.9104 -0.1319 0.3921
vn 0.4352 0.0180 0.9001
vn -0.0780 -0.0784 0.9939
vn 0.3798 0.0116 0.9250
vn -0.6600 -0.0988 0.7447
vn -0.7176 0.0372 0.6954
vn -0.7100 0.0586 0.7018
vn -0.0828 0.0411 0.9957
vn 0.4178 -0.0531 0.9070
vn 0.4350 0.0210 0.9002
vn 0.0050 0.0361 0.9993
vn -0.3421 0.0616 0.9377
vn -0.2793 0.0582 0.9584
vn -0.2667 -0.0813 0.9603
vn -0.7984 0.0474 0.6003
vn -0.9888 0.0488 0.1413
vn -0.9743 -0.0760 0.2119
vn -0.8620 0.0381 0.5055
vn -0.7221 0.0781 0.6874
vn -0.6329 0.2175 0.7430
vn -0.0547 0.0509 0.9972
vn 0.5190 0.0519 0.8532
vn -0.0094 0.0467 0.9989
vn -0.3766 0.2085 0.9026
vn -0.3766 0.0858 0.9224
vn -0.8046 0.0759 0.5890
vn -0.9366 0.2052 0.2842
vn -0.8742 0.0832 0.4784
vn 0.2547 0.6704 0.6969
vn 0.7046 0.6774 0.2115
vn 0.6278 0.7631 0.1532
vn 0.5433 0.7241 0.4249
vn -0.1466 0.4534 0.8792
vn -0.0060 0.5076 0.8616
vn 0.4199 -0.6296 0.6537
vn 0.8213 -0.5674 0.0583
vn 0.7697 -0.6374 0.0346
vn 0.6704 -0.6532 0.3521
vn 0.0598 -0.4963 0.8661
vn 0.1328 -0.5326 0.8359
vn -0.3075 0.6962 0.6487
vn 0.4403 0.4084 0.7996
vn 0.2831 0.4727 0.8345
vn -0.0606 0.6659 0.7436
vn -0.6052 0.6534 0.4547
vn -0.5311 0.7567 0.3813
vn -0.1414 -0.5731 0.8072
vn -0.7297 -0.5404 0.4188
vn -0.7271 -0.5902 0.3506
vn -0.4986 -0.6246 0.6010
vn 0.2035 -0.4824 0.8520
vn 0.2010 -0.5139 0.8340
vn 0.7175 0.6963 0.0188
vn 0.0847 -0.9620 0.2597
vn 0.0146 -0.9788 0.2041
vn 0.0372 -0.9713 0.2348
vn 0.3764 0.7749 0.5077
vn 0.8225 -0.0370 0.5676
vn -0.0150 0.9642 0.2646
vn 0.8264 0.3621 0.4312
vn 0.6533 0.3737 0.6584
vn -0.2094 0.9340 0.2896
vn 0.1374 0.7851 0.6039
vn -0.2410 0.9210 0.3061
vn -0.0895 -0.7649 0.6379
vn 0.0207 -0.9596 0.2805
vn 0.0115 -0.9830 0.1833
vn -0.4299 0.0893 0.8985
vn -0.3543 -0.8297 0.4313
vn -0.0678 -0.9749 0.2119
vn -0.3335 0.6562 0.6769
vn 0.1956 0.9326 0.3032
vn 0.2984 0.9362 0.1855
vn 0.1339 0.8760 0.4633
vn -0.3863 0.3994 0.8314
vn 0.3277 0.9174 0.2256
vn 0.7917 -0.1770 0.5847
vn 0.9448 -0.1152 0.3068
vn 0.8079 0.0535 0.5868
vn 0.9365 0.0604 0.3454
vn 0.5609 -0.1177 0.8195
vn 0.6149 0.0580 0.7865
vn 0.5566 0.2317 0.7978
vn 0.7402 0.2779 0.6122
vn 0.9075 0.2303 0.3513
vn -0.7384 0.0570 0.6719
vn -0.6645 0.2359 0.7091
vn -0.5465 0.0596 0.8353
vn -0.5109 0.2472 0.8233
vn -0.3413 0.2514 0.9057
vn -0.3196 0.0897 0.9433
vn -0.4704 -0.1283 0.8731
vn -0.2401 -0.0564 0.9691
vn -0.7179 -0.1241 0.6850
vn -0.3846 -0.9152 0.1205
vn -0.4019 -0.8641 -0.3031
vn -0.6479 0.7413 0.1754
vn -0.5916 0.7279 -0.3467
vn -0.6717 0.6131 0.4158
vn -0.7610 -0.5244 -0.3821
vn -0.6419 -0.4701 0.6058
vn -0.7597 0.2297 0.6084
vn -0.8860 0.3004 -0.3533
vn -0.8744 -0.2504 -0.4156
vn -0.4358 -0.1766 0.8825
vn -0.5097 0.4035 0.7598
vn -0.8961 -0.3057 -0.3219
vn -0.9600 0.0974 -0.2624
vn -0.1033 -0.9297 0.3534
vn -0.0296 -0.9448 0.3264
vn -0.0074 -0.9448 0.3275
vn -0.0392 -0.9174 -0.3961
vn -0.1516 -0.9115 -0.3823
vn -0.4711 0.8072 0.3556
vn -0.2291 0.8878 0.3991
vn -0.0581 0.9076 0.4159
vn -0.0878 0.8818 -0.4634
vn -0.3037 0.8522 -0.4260
vn -0.0381 -0.2811 0.9589
vn -0.1626 -0.2810 0.9458
vn -0.0496 0.3801 0.9236
vn -0.2164 0.4103 0.8859
vn -0.7512 -0.2750 -0.6000
vn -0.3839 0.0744 -0.9204
vn -0.1143 0.1894 -0.9752
vn -0.7893 0.0340 -0.6131
vn -0.3803 0.4238 -0.8221
vn -0.1105 0.4840 -0.8681
vn -0.0000 0.3402 -0.9404
vn -0.2332 0.2865 -0.9293
vn -0.5819 0.0207 -0.8130
vn -0.0000 -0.3833 -0.9236
vn -0.2065 -0.3952 -0.8951
vn -0.5042 -0.4731 -0.7225
vn -0.2989 0.1142 0.9474
vn -0.1141 0.0983 0.9886
vn -0.0000 0.0917 0.9958
vn -0.1351 -0.6725 0.7277
vn -0.0643 -0.6935 0.7176
vn -0.0000 -0.6945 0.7195
vn -0.3322 0.6856 0.6478
vn -0.1373 0.6854 0.7151
vn -0.0000 0.6746 0.7382
vn -0.0000 0.7268 -0.6869
vn -0.2173 0.7267 -0.6516
vn -0.5106 0.6273 -0.5881
vn -0.4113 0.8661 -0.2840
vn -0.1756 0.9320 -0.3172
vn -0.0000 0.9501 -0.3119
vn 0.0155 -0.9982 0.0577
vn -0.0028 -0.9972 0.0744
vn -0.0000 -0.9973 0.0738
vn -0.4465 -0.8785 -0.1699
vn -0.3456 -0.9349 -0.0803
vn -0.3268 -0.9444 -0.0365
vn -0.7600 0.6212 -0.1910
vn -0.7703 0.6200 -0.1493
vn -0.7316 0.6816 -0.0132
vn -0.9418 0.0842 0.3255
vn -0.9972 0.0143 -0.0730
vn -0.9669 -0.1302 -0.2192
vn -0.8255 0.5134 0.2346
vn -0.8510 0.5231 -0.0467
vn -0.9006 0.3946 -0.1823
vn -0.3467 0.9143 0.2092
vn -0.3795 0.9250 0.0194
vn -0.4164 0.9039 -0.0979
vn -0.1299 0.9720 0.1959
vn -0.1207 0.9923 0.0261
vn -0.1321 0.9897 -0.0560
vn -0.0000 0.9820 0.1891
vn -0.0000 0.9997 0.0256
vn -0.0000 0.9989 -0.0476
vn -0.0513 -0.9954 -0.0812
vn -0.0091 -1.0000 -0.0036
vn -0.0052 -1.0000 -0.0021
vn -0.0149 -0.9967 -0.0798
vn -0.0006 -1.0000 -0.0028
vn -0.0002 -1.0000 0.0012
vn -0.0000 -0.9970 -0.0776
vn -0.0000 -1.0000 -0.0025
vn -0.0000 -1.0000 0.0012
vn 0.0038 -1.0000 0.0074
vn 0.0040 -1.0000 0.0007
vn 0.0034 -0.9999 -0.0147
vn -0.0011 -1.0000 0.0047
vn -0.0051 -1.0000 0.0003
vn -0.0085 -0.9998 -0.0156
vn -0.0443 -0.9989 -0.0147
vn -0.0655 -0.9978 -0.0100
vn -0.0846 -0.9960 -0.0295
vn -0.0534 0.9952 0.0826
vn -0.0530 0.9986 -0.0023
vn -0.0633 0.9844 -0.1642
vn -0.2165 0.9717 0.0949
vn -0.2246 0.9743 -0.0163
vn -0.2650 0.9473 -0.1801
vn -0.5505 0.8297 0.0923
vn -0.6120 0.7878 -0.0694
vn -0.6112 0.7727 -0.1715
vn -0.9639 0.0895 -0.2507
vn -0.9413 0.3050 -0.1445
vn -0.9134 0.4010 0.0704
vn -0.7578 -0.6145 -0.2193
vn -0.7809 -0.6104 -0.1327
vn -0.8538 -0.5188 0.0427
vn -0.8758 0.4467 -0.1829
vn -0.8326 0.5428 -0.1100
vn -0.7719 0.6329 0.0599
vn 0.3846 -0.9152 0.1205
vn 0.4019 -0.8641 -0.3031
vn 0.6479 0.7413 0.1754
vn 0.5916 0.7279 -0.3467
vn 0.6717 0.6131 0.4158
vn 0.7610 -0.5244 -0.3821
vn 0.6419 -0.4701 0.6058
vn 0.7597 0.2297 0.6084
vn 0.8860 0.3004 -0.3533
vn 0.8744 -0.2504 -0.4156
vn 0.4358 -0.1766 0.8825
vn 0.5097 0.4035 0.7598
vn 0.8961 -0.3057 -0.3219
vn 0.9600 0.0974 -0.2624
vn 0.1033 -0.9297 0.3534
vn 0.0296 -0.9448 0.3264
vn 0.0074 -0.9448 0.3275
vn 0.0392 -0.9174 -0.3961
vn 0.1516 -0.9115 -0.3823
vn 0.4711 0.8072 0.3556
vn 0.2291 0.8878 0.3991
vn 0.0581 0.9076 0.4159
vn 0.0878 0.8818 -0.4634
vn 0.3037 0.8522 -0.4260
vn 0.0381 -0.2811 0.9589
vn 0.1626 -0.2810 0.9458
vn 0.0496 0.3801 0.9236
vn 0.2164 0.4103 0.8859
vn 0.7512 -0.2750 -0.6000
vn 0.3839 0.0744 -0.9204
vn 0.1143 0.1894 -0.9752
vn 0.7893 0.0340 -0.6131
vn 0.3803 0.4238 -0.8221
vn 0.1105 0.4840 -0.8681
vn 0.2332 0.2865 -0.9293
vn 0.5819 0.0207 -0.8130
vn 0.2065 -0.3952 -0.8951
vn 0.5042 -0.4731 -0.7225
vn 0.2989 0.1142 0.9474
vn 0.1141 0.0983 0.9886
vn 0.1351 -0.6725 0.7277
vn 0.0643 -0.6935 0.7176
vn 0.3322 0.6856 0.6478
vn 0.1373 0.6854 0.7151
vn 0.2173 0.7267 -0.6516
vn 0.5106 0.6273 -0.5881
vn 0.4113 0.8661 -0.2840
vn 0.1756 0.9320 -0.3172
vn -0.0155 -0.9982 0.0577
vn 0.0028 -0.9972 0.0744
vn 0.4465 -0.8785 -0.1699
vn 0.3456 -0.9349 -0.0803
vn 0.3268 -0.9444 -0.0365
vn 0.7600 0.6212 -0.1910
vn 0.7703 0.6200 -0.1493
vn 0.7316 0.6816 -0.0132
vn 0.9418 0.0842 0.3255
vn 0.9972 0.0143 -0.0730
vn 0.9669 -0.1302 -0.2192
vn 0.8255 0.5134 0.2346
vn 0.8510 0.5231 -0.0467
vn 0.9006 0.3946 -0.1823
vn 0.3467 0.9143 0.2092
vn 0.3795 0.9250 0.0194
vn 0.4164 0.9039 -0.0979
vn 0.1299 0.9720 0.1959
vn 0.1207 0.9923 0.0261
vn 0.1321 0.9897 -0.0560
vn 0.0513 -0.9954 -0.0812
vn 0.0091 -1.0000 -0.0036
vn 0.0052 -1.0000 -0.0021
vn 0.0149 -0.9967 -0.0798
vn 0.0006 -1.0000 -0.0028
vn 0.0002 -1.0000 0.0012
vn -0.0038 -1.0000 0.0074
vn -0.0040 -1.0000 0.0007
vn -0.0034 -0.9999 -0.0147
vn 0.0011 -1.0000 0.0047
vn 0.0051 -1.0000 0.0003
vn 0.0085 -0.9998 -0.0156
vn 0.0443 -0.9989 -0.0147
vn 0.0655 -0.9978 -0.0100
vn 0.0846 -0.9960 -0.0295
vn 0.0534 0.9952 0.0826
vn 0.0530 0.9986 -0.0023
vn 0.0633 0.9844 -0.1642
vn 0.2165 0.9717 0.0949
vn 0.2246 0.9743 -0.0163
vn 0.2650 0.9473 -0.1801
vn 0.5505 0.8297 0.0923
vn 0.6120 0.7878 -0.0694
vn 0.6112 0.7727 -0.1715
vn 0.9639 0.0895 -0.2507
vn 0.9413 0.3050 -0.1445
vn 0.9134 0.4010 0.0704
vn 0.7578 -0.6145 -0.2193
vn 0.7809 -0.6104 -0.1327
vn 0.8538 -0.5188 0.0427
vn 0.8758 0.4467 -0.1829
vn 0.8326 0.5428 -0.1100
vn 0.7719 0.6329 0.0599
vn -0.5426 0.7047 -0.4572
vn 0.4298 0.7233 -0.5404
vn -0.9891 -0.0016 0.1472
vn 0.9936 -0.1118 0.0142
vn 0.0747 0.1704 0.9825
vn 0.5820 0.1284 0.8030
vn -0.4983 0.0485 0.8656
vn -0.8480 0.0702 0.5254
vn -0.9591 0.1175 -0.2575
vn -0.9799 0.0032 -0.1997
vn 0.5127 0.7419 0.4320
vn 0.2682 0.5782 -0.7705
vn 0.9973 -0.0706 0.0193
vn 0.9764 0.1269 0.1746
vn 0.9173 0.2692 -0.2934
vn 0.8730 0.1018 0.4770
vn -0.4597 0.7233 0.5152
vn 0.5609 0.2985 -0.7722
vn -0.7983 0.2164 -0.5621
vn -0.3069 0.3774 -0.8737
vn -0.9907 0.0529 0.1255
vn -0.7675 0.0821 -0.6357
vn -0.1012 0.1968 -0.9752
vn 0.6377 0.1148 -0.7617
vn 0.9852 0.1359 -0.1041
vn 0.7622 0.1177 0.6366
vn 0.1355 0.0763 0.9878
vn -0.6416 0.0837 0.7625
vn -0.9928 0.0861 0.0838
vn -0.7624 0.0793 -0.6423
vn -0.0871 0.0891 -0.9922
vn 0.6385 0.1062 -0.7622
vn 0.9883 0.1256 -0.0867
vn 0.7579 0.1327 0.6387
vn 0.0823 0.1235 0.9889
vn -0.6429 0.1057 0.7586
vn -0.9924 0.0905 0.0828
vn -0.7612 0.0956 -0.6414
vn -0.0866 0.0905 -0.9921
vn 0.6370 0.1224 -0.7611
vn 0.9879 0.1284 -0.0866
vn 0.7562 0.1491 0.6372
vn 0.0821 0.1284 0.9883
vn -0.6420 0.1224 0.7568
vn -0.9663 0.2454 0.0777
vn -0.0873 0.2454 -0.9655
vn 0.9554 0.2822 -0.0868
vn 0.0764 0.2822 0.9563
vn -0.2181 -0.1276 -0.9676
vn 0.9756 -0.0016 -0.2197
vn 0.2182 0.1243 0.9680
vn -0.9755 -0.0016 0.2201
vn -0.8440 -0.0915 -0.5285
vn -0.2181 -0.1286 -0.9674
vn 0.9756 -0.0027 -0.2196
vn 0.8441 0.0866 0.5291
vn 0.2182 0.1232 0.9681
vn -0.5355 0.0866 0.8401
vn -0.9754 -0.0027 0.2202
vn -0.9754 -0.0027 0.2203
vn -0.2177 -0.1279 -0.9676
vn 0.9756 -0.0029 -0.2194
vn 0.2180 0.1234 0.9681
vn -0.9755 -0.0020 0.2199
vn -0.8422 -0.0850 -0.5325
vn -0.1928 -0.1288 -0.9728
vn 0.5366 -0.0887 -0.8392
vn 0.9797 -0.0153 -0.2000
vn 0.8420 0.0850 0.5327
vn 0.2067 0.1350 0.9691
vn -0.5380 0.0916 0.8380
vn -0.9785 0.0169 0.2056
vn -0.8336 -0.1741 -0.5242
vn -0.1141 -0.8892 -0.4431
vn 0.6040 -0.2562 -0.7547
vn 0.8137 0.1041 0.5718
vn -0.5808 0.1273 0.8040
vn -0.0684 -0.9283 0.3656
vn 0.9936 -0.0361 0.1068
vn 0.0719 0.9282 -0.3650
vn -0.9939 0.0318 -0.1053
vn -0.7497 -0.6316 0.1977
vn 0.6467 -0.6693 0.3657
vn -0.0773 -0.8903 0.4488
vn 0.7567 0.6248 -0.1925
vn 0.9902 -0.0302 0.1365
vn -0.6513 0.6664 -0.3629
vn 0.0798 0.8923 -0.4443
vn -0.9916 0.0170 -0.1283
vn -0.0701 -0.9533 0.2938
vn 0.9941 -0.0395 0.1012
vn 0.0615 0.9536 -0.2946
vn -0.9944 0.0354 -0.0999
vn -0.7525 -0.6368 0.1679
vn 0.6548 -0.7062 0.2692
vn -0.0677 -0.9465 0.3157
vn 0.7511 0.6382 -0.1688
vn 0.9970 -0.0516 0.0577
vn -0.6599 0.7019 -0.2682
vn 0.0668 0.9465 -0.3158
vn -0.9970 0.0511 -0.0577
vn -0.7525 -0.6322 0.1844
vn 0.6576 -0.7058 0.2634
vn -0.0670 -0.9459 0.3174
vn 0.7525 0.6322 -0.1845
vn 0.9970 -0.0520 0.0567
vn -0.6576 0.7058 -0.2634
vn 0.0674 0.9459 -0.3174
vn -0.9971 0.0517 -0.0565
vn -0.7514 -0.6335 0.1846
vn 0.6573 -0.7030 0.2717
vn -0.0659 -0.9403 0.3340
vn 0.7536 0.6311 -0.1836
vn 0.9960 -0.0474 0.0751
vn -0.6572 0.7031 -0.2716
vn 0.0696 0.9402 -0.3335
vn -0.9963 0.0443 -0.0738
vn -0.7504 -0.6350 0.1835
vn 0.6550 -0.6890 0.3103
vn 0.7545 0.6307 -0.1815
vn -0.6548 0.6891 -0.3104
vn -0.0801 -0.9669 0.2424
vn 0.9462 0.0214 0.3229
vn 0.0464 0.9659 -0.2546
vn -0.9467 -0.0286 -0.3210
vn -0.7437 -0.6670 0.0446
vn 0.6379 -0.6920 0.3379
vn -0.0705 -0.9572 0.2806
vn 0.7354 0.6755 -0.0532
vn 0.9885 -0.0226 0.1496
vn -0.6532 0.6778 -0.3375
vn 0.0672 0.9570 -0.2821
vn -0.9880 0.0218 -0.1530
vn -0.7459 -0.6593 0.0947
vn 0.6535 -0.6952 0.2993
vn -0.0652 -0.9588 0.2765
vn 0.7456 0.6593 -0.0966
vn 0.9896 -0.0247 0.1419
vn -0.6529 0.6957 -0.2996
vn 0.0645 0.9587 -0.2769
vn -0.9896 0.0251 -0.1420
vn -0.7472 -0.6560 0.1065
vn 0.6531 -0.6994 0.2904
vn 0.7456 0.6577 -0.1071
vn -0.6575 0.6955 -0.2896
vn -0.0546 -0.9797 0.1929
vn 0.8234 0.0823 0.5614
vn 0.0343 0.9773 -0.2089
vn -0.8237 -0.0858 -0.5604
vn -0.6722 -0.7202 -0.1716
vn 0.5832 -0.6574 0.4772
vn 0.6597 0.7338 0.1623
vn -0.6037 0.6349 -0.4822
vn -0.0043 -0.9888 0.1494
vn 0.2392 0.1523 0.9590
vn -0.0004 0.9857 -0.1683
vn -0.2394 -0.1564 -0.9582
vn -0.2310 -0.8012 -0.5520
vn 0.2045 -0.5961 0.7765
vn -0.0285 -0.9859 0.1649
vn 0.2305 0.8058 0.5455
vn 0.3414 0.1480 0.9282
vn -0.2070 0.5855 -0.7838
vn 0.0278 0.9855 -0.1674
vn -0.3400 -0.1498 -0.9284
vn -0.2694 -0.8006 -0.5352
vn 0.2207 -0.5926 0.7747
vn -0.0392 -0.9853 0.1665
vn 0.2690 0.8001 0.5361
vn 0.3584 0.1471 0.9219
vn -0.2215 0.5917 -0.7751
vn 0.0363 0.9844 -0.1721
vn -0.3622 -0.1471 -0.9204
vn -0.3301 -0.7880 -0.5197
vn 0.2738 -0.6058 0.7470
vn -0.0373 -0.9868 0.1577
vn 0.3243 0.8018 0.5020
vn 0.5314 0.1322 0.8368
vn -0.2824 0.5892 -0.7571
vn 0.0232 0.9837 -0.1782
vn -0.5269 -0.1316 -0.8397
vn -0.4543 -0.7746 -0.4399
vn 0.4106 -0.6147 0.6734
vn -0.0399 -0.9848 0.1689
vn 0.4496 0.7838 0.4283
vn 0.6819 0.1135 0.7226
vn -0.4188 0.6017 -0.6802
vn 0.0227 0.9826 -0.1843
vn -0.6829 -0.1154 -0.7213
vn -0.5666 -0.7534 -0.3339
vn 0.5067 -0.6274 0.5913
vn 0.5581 0.7643 0.3230
vn -0.5205 0.6101 -0.5974
vn 1.0000 0.0029 0.0056
vn 0.3796 -0.9159 0.1306
vn 0.3765 0.1463 0.9148
vn 1.0000 -0.0016 0.0028
vn 0.3814 0.9106 -0.1594
vn -0.5538 -0.1276 -0.8228
vn -0.0440 -0.8068 -0.5891
vn 0.0624 -0.5867 0.8074
vn 0.0141 -0.9881 0.1530
vn 0.0460 0.8081 0.5872
vn 0.0946 0.1562 0.9832
vn -0.0593 0.5855 -0.8085
vn -0.0139 0.9872 -0.1589
vn -0.0912 -0.1553 -0.9836
vn -0.0714 -0.8069 -0.5863
vn 0.0968 -0.5892 0.8022
vn 0.0186 -0.9880 0.1533
vn 0.0712 0.8101 0.5819
vn 0.1374 0.1561 0.9781
vn -0.0962 0.5860 -0.8046
vn -0.0193 0.9875 -0.1564
vn -0.1389 -0.1564 -0.9779
vn -0.1130 -0.8061 -0.5809
vn 0.1289 -0.5925 0.7952
vn 0.1106 0.8106 0.5751
vn -0.1309 0.5830 -0.8018
vn -0.7544 -0.6033 0.2586
vn 0.6320 -0.6212 0.4633
vn -0.0750 -0.8344 0.5460
vn 0.7646 0.5929 -0.2527
vn 0.9853 -0.0219 0.1692
vn -0.6391 0.6194 -0.4560
vn 0.0987 0.8184 -0.5661
vn -0.9866 0.0084 -0.1631
vn -0.7916 -0.5964 0.1329
vn 0.6722 -0.6265 0.3945
vn 0.8113 0.4951 -0.3109
vn -0.6403 0.5099 -0.5744
vn -0.2182 -0.1249 -0.9679
vn 0.9755 0.0010 -0.2200
vn 0.2181 0.1269 0.9676
vn -0.9755 0.0010 0.2198
vn -0.2182 -0.1245 -0.9679
vn 0.9755 0.0015 -0.2201
vn 0.2181 0.1274 0.9676
vn -0.9756 0.0015 0.2197
vn 0.9755 0.0014 -0.2201
vn 0.2181 0.1273 0.9676
vn -0.9756 0.0014 0.2197
vn -0.8441 -0.0879 -0.5289
vn -0.2182 -0.1255 -0.9678
vn 0.5355 -0.0879 -0.8399
vn 0.9755 0.0004 -0.2200
vn 0.8440 0.0902 0.5287
vn 0.2182 0.1263 0.9677
vn -0.5356 0.0902 0.8397
vn -0.9755 0.0004 0.2199
vn -0.8440 -0.0897 -0.5287
vn 0.5355 -0.0897 -0.8397
vn 0.8441 0.0884 0.5289
vn -0.5355 0.0884 0.8399
vn 0.5425 0.7047 -0.4572
vn -0.4298 0.7233 -0.5404
vn 0.9890 -0.0017 0.1478
vn -0.9939 -0.1090 0.0141
vn -0.0750 0.1694 0.9827
vn -0.5820 0.1284 0.8030
vn 0.4983 0.0485 0.8656
vn 0.8480 0.0702 0.5254
vn 0.9591 0.1175 -0.2575
vn 0.9799 0.0032 -0.1997
vn -0.5127 0.7419 0.4320
vn -0.2682 0.5782 -0.7705
vn -0.9973 -0.0706 0.0193
vn -0.9764 0.1269 0.1746
vn -0.9173 0.2692 -0.2934
vn -0.8730 0.1018 0.4770
vn 0.4597 0.7233 0.5152
vn -0.5609 0.2985 -0.7722
vn 0.7983 0.2164 -0.5621
vn 0.3069 0.3774 -0.8737
vn 0.9907 0.0529 0.1255
vn 0.7675 0.0821 -0.6357
vn 0.1012 0.1968 -0.9752
vn -0.6377 0.1147 -0.7617
vn -0.9852 0.1359 -0.1041
vn -0.7622 0.1177 0.6366
vn -0.1355 0.0763 0.9878
vn 0.6416 0.0837 0.7625
vn 0.9928 0.0861 0.0838
vn 0.7624 0.0793 -0.6423
vn 0.0871 0.0891 -0.9922
vn -0.6385 0.1062 -0.7622
vn -0.9883 0.1256 -0.0867
vn -0.7580 0.1327 0.6387
vn -0.0823 0.1235 0.9889
vn 0.6429 0.1057 0.7586
vn 0.9924 0.0905 0.0828
vn 0.7612 0.0956 -0.6414
vn 0.0866 0.0905 -0.9921
vn -0.6370 0.1224 -0.7611
vn -0.9879 0.1284 -0.0867
vn -0.7562 0.1492 0.6372
vn -0.0821 0.1284 0.9883
vn 0.6420 0.1224 0.7568
vn 0.9663 0.2454 0.0777
vn 0.0873 0.2454 -0.9655
vn -0.9554 0.2822 -0.0868
vn -0.0764 0.2822 0.9563
vn 0.2181 -0.1265 -0.9677
vn -0.9755 -0.0006 -0.2198
vn -0.2182 0.1253 0.9678
vn 0.9755 -0.0006 0.2200
vn 0.8440 -0.0911 -0.5285
vn 0.2181 -0.1286 -0.9674
vn -0.5356 -0.0911 -0.8395
vn -0.9756 -0.0026 -0.2196
vn -0.8441 0.0869 0.5291
vn -0.2182 0.1233 0.9681
vn 0.5355 0.0869 0.8401
vn 0.9754 -0.0026 0.2202
vn -0.9756 -0.0027 -0.2196
vn -0.2182 0.1232 0.9681
vn 0.9754 -0.0027 0.2203
vn 0.2176 -0.1282 -0.9676
vn -0.9756 -0.0029 -0.2193
vn -0.2180 0.1233 0.9681
vn 0.9755 -0.0023 0.2199
vn 0.8417 -0.0878 -0.5327
vn 0.1920 -0.1297 -0.9728
vn -0.5376 -0.0898 -0.8384
vn -0.9796 -0.0117 -0.2008
vn -0.8420 0.0856 0.5327
vn -0.2066 0.1321 0.9695
vn 0.5380 0.0894 0.8382
vn 0.9786 0.0111 0.2057
vn 0.8333 -0.1716 -0.5255
vn 0.1160 -0.8846 -0.4517
vn -0.6024 -0.2464 -0.7592
vn -0.8138 0.1038 0.5718
vn 0.5807 0.1229 0.8048
vn 0.0684 -0.9283 0.3656
vn -0.9936 -0.0361 0.1068
vn -0.0719 0.9282 -0.3650
vn 0.9939 0.0318 -0.1053
vn 0.7497 -0.6316 0.1977
vn -0.6467 -0.6693 0.3657
vn 0.0773 -0.8903 0.4488
vn -0.7567 0.6248 -0.1925
vn -0.9902 -0.0302 0.1365
vn 0.6513 0.6664 -0.3629
vn -0.0798 0.8923 -0.4443
vn 0.9916 0.0170 -0.1283
vn 0.0701 -0.9533 0.2938
vn -0.9941 -0.0395 0.1012
vn -0.0615 0.9536 -0.2946
vn 0.9944 0.0354 -0.0999
vn 0.7525 -0.6368 0.1679
vn -0.6548 -0.7062 0.2692
vn 0.0677 -0.9465 0.3157
vn -0.7511 0.6382 -0.1688
vn -0.9970 -0.0516 0.0577
vn 0.6599 0.7019 -0.2682
vn -0.0668 0.9465 -0.3158
vn 0.9970 0.0511 -0.0577
vn 0.7525 -0.6322 0.1844
vn -0.6576 -0.7058 0.2634
vn 0.0670 -0.9459 0.3174
vn -0.7525 0.6322 -0.1845
vn -0.9970 -0.0520 0.0566
vn 0.6576 0.7058 -0.2634
vn -0.0674 0.9459 -0.3174
vn 0.9971 0.0517 -0.0565
vn 0.7514 -0.6335 0.1846
vn -0.6573 -0.7030 0.2717
vn 0.0659 -0.9403 0.3340
vn -0.7536 0.6311 -0.1836
vn -0.9960 -0.0474 0.0751
vn 0.6572 0.7031 -0.2716
vn -0.0696 0.9402 -0.3335
vn 0.9963 0.0443 -0.0738
vn 0.7504 -0.6350 0.1835
vn -0.6550 -0.6890 0.3103
vn -0.7545 0.6307 -0.1815
vn 0.6548 0.6891 -0.3104
vn 0.0801 -0.9669 0.2424
vn -0.9462 0.0214 0.3229
vn -0.0464 0.9659 -0.2546
vn 0.9467 -0.0286 -0.3210
vn 0.7437 -0.6670 0.0446
vn -0.6379 -0.6920 0.3379
vn 0.0705 -0.9572 0.2806
vn -0.7354 0.6755 -0.0532
vn -0.9885 -0.0226 0.1496
vn 0.6532 0.6778 -0.3375
vn -0.0672 0.9570 -0.2821
vn 0.9880 0.0218 -0.1530
vn 0.7459 -0.6593 0.0947
vn -0.6535 -0.6952 0.2993
vn 0.0652 -0.9588 0.2765
vn -0.7456 0.6593 -0.0967
vn -0.9896 -0.0247 0.1419
vn 0.6529 0.6957 -0.2996
vn -0.0645 0.9587 -0.2770
vn 0.9896 0.0251 -0.1420
vn 0.7472 -0.6560 0.1065
vn -0.6531 -0.6994 0.2904
vn -0.7456 0.6577 -0.1071
vn 0.6575 0.6955 -0.2896
vn 0.0546 -0.9797 0.1929
vn -0.8234 0.0823 0.5614
vn -0.0343 0.9773 -0.2089
vn 0.8237 -0.0858 -0.5604
vn 0.6722 -0.7202 -0.1716
vn -0.5832 -0.6574 0.4772
vn -0.6597 0.7338 0.1623
vn 0.6037 0.6349 -0.4822
vn 0.0173 -0.9875 0.1566
vn -0.2907 0.1506 0.9449
vn -0.0146 0.9857 -0.1676
vn 0.2892 -0.1541 -0.9448
vn 0.2520 -0.8008 -0.5434
vn -0.2113 -0.5941 0.7762
vn 0.0361 -0.9855 0.1655
vn -0.2515 0.8028 0.5406
vn -0.3531 0.1473 0.9239
vn 0.2131 0.5882 -0.7801
vn -0.0335 0.9847 -0.1712
vn 0.3560 -0.1478 -0.9227
vn 0.3261 -0.7884 -0.5216
vn -0.2710 -0.6058 0.7480
vn 0.0375 -0.9868 0.1573
vn -0.3203 0.8022 0.5039
vn -0.5295 0.1324 0.8379
vn 0.2796 0.5886 -0.7585
vn -0.0229 0.9837 -0.1786
vn 0.5252 -0.1318 -0.8407
vn 0.4543 -0.7746 -0.4399
vn -0.4106 -0.6147 0.6734
vn 0.0399 -0.9848 0.1689
vn -0.4496 0.7838 0.4283
vn -0.6819 0.1135 0.7225
vn 0.4188 0.6017 -0.6802
vn -0.0227 0.9826 -0.1843
vn 0.6829 -0.1154 -0.7213
vn 0.5666 -0.7534 -0.3339
vn -0.5067 -0.6274 0.5913
vn -0.5581 0.7643 0.3230
vn 0.5205 0.6101 -0.5974
vn 0.0470 -0.8064 -0.5895
vn -0.0662 -0.5872 0.8067
vn -0.0149 -0.9882 0.1522
vn -0.0488 0.8085 0.5864
vn -0.1054 0.1562 0.9821
vn 0.0632 0.5850 -0.8085
vn 0.0150 0.9871 -0.1594
vn 0.1026 -0.1554 -0.9825
vn 0.0895 -0.8062 -0.5849
vn -0.1105 -0.5909 0.7992
vn -0.0084 -0.9886 0.1505
vn -0.0882 0.8106 0.5790
vn -0.1863 0.1550 0.9702
vn 0.1110 0.5841 -0.8040
vn 0.0111 0.9868 -0.1615
vn 0.1881 -0.1570 -0.9695
vn 0.1709 -0.8039 -0.5696
vn -0.1670 -0.5933 0.7874
vn -0.1695 0.8084 0.5637
vn 0.1693 0.5830 -0.7947
vn 0.7544 -0.6033 0.2586
vn -0.6320 -0.6212 0.4633
vn 0.0750 -0.8344 0.5460
vn -0.7646 0.5929 -0.2527
vn -0.9853 -0.0219 0.1692
vn 0.6391 0.6194 -0.4560
vn -0.0987 0.8184 -0.5661
vn 0.9866 0.0084 -0.1631
vn 0.7916 -0.5964 0.1329
vn -0.6722 -0.6265 0.3945
vn -0.8113 0.4951 -0.3109
vn 0.6403 0.5099 -0.5744
vn 0.2182 -0.1251 -0.9679
vn -0.9755 0.0009 -0.2200
vn -0.2181 0.1268 0.9676
vn 0.9755 0.0009 0.2198
vn 0.2182 -0.1245 -0.9679
vn -0.9755 0.0015 -0.2201
vn -0.2181 0.1274 0.9676
vn 0.9756 0.0015 0.2197
vn -0.9755 0.0014 -0.2201
vn -0.2181 0.1273 0.9676
vn 0.9756 0.0014 0.2197
vn 0.8441 -0.0883 -0.5289
vn -0.5355 -0.0883 -0.8399
vn -0.8440 0.0898 0.5287
vn 0.5356 0.0898 0.8397
vn -0.7128 -0.0000 -0.7013
vn -0.7160 -0.6981 -0.0033
vn -0.7192 -0.0000 0.6948
vn -0.7160 0.6981 -0.0033
vn 0.7261 -0.0000 -0.6876
vn 0.7229 0.6909 0.0033
vn 0.7198 -0.0000 0.6942
vn 0.7229 -0.6909 0.0033
vn -0.1840 -0.6946 -0.6955
vn -0.0163 -0.9999 -0.0001
vn -0.1903 -0.6946 0.6938
vn -0.0208 -0.0000 0.9998
vn -0.1903 0.6946 0.6938
vn -0.0163 0.9999 -0.0001
vn -0.1840 0.6946 -0.6955
vn -0.0118 -0.0000 -0.9999
vn -0.0000 -1.0000 -0.0000
vn -0.0045 -0.0000 1.0000
vn -0.0000 1.0000 -0.0000
vn 0.0045 -0.0000 -1.0000
vn 0.0213 -0.9998 0.0001
vn 0.0168 -0.0000 0.9999
vn 0.0213 0.9998 0.0001
vn 0.0259 -0.0000 -0.9997
vn 0.2053 -0.6925 -0.6916
vn 0.1990 -0.6925 0.6934
vn 0.1990 0.6925 0.6934
vn 0.2053 0.6925 -0.6916
vn 0.4696 0.0019 -0.8829
vn -0.2002 -0.6950 -0.6906
vn -0.8690 0.0019 -0.4948
vn -0.1992 0.6988 -0.6871
vn 0.8633 -0.0019 0.5047
vn 0.2042 0.6836 0.7007
vn -0.4521 -0.0019 0.8920
vn 0.2032 -0.6875 0.6971
vn 0.6141 -0.6940 -0.3760
vn -0.0053 -0.9998 -0.0183
vn -0.7199 -0.6940 0.0108
vn -0.9649 -0.0000 0.2626
vn -0.7189 0.6950 0.0143
vn -0.0038 0.9999 -0.0132
vn 0.6151 0.6950 -0.3724
vn 0.9558 -0.0000 -0.2942
vn -0.0007 -1.0000 -0.0025
vn -0.9605 -0.0000 0.2784
vn 0.0007 1.0000 0.0025
vn 0.9605 -0.0000 -0.2784
vn -0.0011 -1.0000 -0.0025
vn -0.9600 -0.0000 0.2799
vn 0.0004 1.0000 0.0027
vn 0.9600 -0.0000 -0.2799
vn 0.6740 -0.7086 -0.2086
vn -0.0086 -1.0000 0.0002
vn -0.6782 -0.7055 0.2058
vn -0.9407 -0.0001 0.3392
vn -0.6770 0.7055 0.2095
vn -0.0068 1.0000 0.0064
vn 0.6751 0.7087 -0.2048
vn 0.9403 0.0003 -0.3402
vn 0.6495 -0.7075 -0.2787
vn 0.0147 -0.9998 0.0166
vn -0.6553 -0.7034 0.2755
vn -0.9197 -0.0004 0.3926
vn -0.6537 0.7029 0.2804
vn 0.0167 0.9996 0.0234
vn 0.6510 0.7081 -0.2736
vn 0.9390 0.0001 -0.3438
vn 0.7225 -0.6913 -0.0126
vn -0.5923 -0.6916 0.4133
vn -0.5912 0.6903 0.4172
vn 0.7236 0.6901 -0.0087
vn -0.4696 0.0019 -0.8829
vn 0.2002 -0.6950 -0.6906
vn 0.8690 0.0019 -0.4948
vn 0.1992 0.6988 -0.6871
vn -0.8633 -0.0019 0.5047
vn -0.2042 0.6836 0.7007
vn 0.4521 -0.0019 0.8920
vn -0.2032 -0.6875 0.6971
vn -0.6141 -0.6940 -0.3759
vn 0.0053 -0.9998 -0.0183
vn 0.7199 -0.6940 0.0108
vn 0.9649 -0.0000 0.2626
vn 0.7189 0.6950 0.0143
vn 0.0038 0.9999 -0.0132
vn -0.6151 0.6950 -0.3724
vn -0.9558 -0.0000 -0.2942
vn 0.0007 -1.0000 -0.0025
vn 0.9605 -0.0000 0.2784
vn -0.0007 1.0000 0.0025
vn -0.9605 -0.0000 -0.2784
vn 0.0011 -1.0000 -0.0025
vn 0.9600 -0.0000 0.2799
vn -0.0004 1.0000 0.0027
vn -0.9600 -0.0000 -0.2799
vn -0.6740 -0.7086 -0.2086
vn 0.0086 -1.0000 0.0002
vn 0.6782 -0.7055 0.2058
vn 0.9407 -0.0001 0.3392
vn 0.6770 0.7055 0.2095
vn 0.0068 1.0000 0.0064
vn -0.6751 0.7087 -0.2048
vn -0.9403 0.0003 -0.3402
vn -0.6495 -0.7075 -0.2787
vn -0.0147 -0.9998 0.0166
vn 0.6553 -0.7034 0.2755
vn 0.9197 -0.0004 0.3926
vn 0.6537 0.7029 0.2804
vn -0.0167 0.9996 0.0234
vn -0.6510 0.7081 -0.2736
vn -0.9390 0.0001 -0.3438
vn -0.7225 -0.6913 -0.0126
vn 0.5923 -0.6916 0.4133
vn 0.5912 0.6903 0.4172
vn -0.7236 0.6901 -0.0087
vn -0.1608 -0.0499 -0.9857
vn 0.5957 -0.0479 -0.8018
vn 0.8883 -0.4206 -0.1842
vn 0.3262 -0.6199 -0.7137
vn -0.2399 -0.8419 -0.4834
vn 0.1250 -0.9708 -0.2046
vn -0.1716 -0.9604 -0.2196
vn 0.7534 -0.3179 0.5756
vn 0.0558 -0.4206 0.9055
vn 0.4471 -0.8267 0.3416
vn -0.1645 -0.9708 0.1744
vn -0.1604 -0.9794 -0.1226
vn -0.6170 -0.0479 0.7855
vn -0.9933 -0.0499 0.1040
vn -0.6028 -0.6199 0.5024
vn -0.5295 -0.8419 -0.1044
vn -0.2570 -0.9604 -0.1078
vn -0.7748 0.2220 -0.5919
vn -0.7237 -0.4130 -0.5529
vn -0.2681 -0.9414 -0.2048
vn 0.2399 -0.8419 -0.4834
vn 0.1716 -0.9604 -0.2196
vn -0.1250 -0.9708 -0.2046
vn -0.3262 -0.6199 -0.7137
vn 0.1608 -0.0499 -0.9857
vn -0.8883 -0.4206 -0.1842
vn -0.5957 -0.0479 -0.8018
vn 0.1604 -0.9794 -0.1226
vn 0.1645 -0.9708 0.1744
vn -0.4471 -0.8267 0.3416
vn -0.0558 -0.4206 0.9055
vn -0.7534 -0.3179 0.5756
vn 0.2570 -0.9604 -0.1078
vn 0.5295 -0.8419 -0.1044
vn 0.6028 -0.6199 0.5024
vn 0.9933 -0.0499 0.1040
vn 0.6170 -0.0479 0.7855
vn 0.2681 -0.9414 -0.2048
vn 0.7237 -0.4130 -0.5529
vn 0.7748 0.2220 -0.5919
vn 0.8355 -0.0891 0.5422
vn 0.2188 0.1004 0.9706
vn -0.5220 -0.0891 0.8483
vn 0.1915 -0.4915 0.8496
vn 0.3207 -0.8985 0.2998
vn -0.1611 -0.8985 0.4084
vn 0.0444 -0.9794 0.1968
vn 0.5319 -0.2643 -0.8045
vn 0.9759 -0.0255 -0.2167
vn 0.7990 -0.5925 -0.1030
vn 0.2130 -0.9607 -0.1782
vn 0.1025 -0.9891 0.1056
vn -0.8256 -0.2643 -0.4985
vn -0.2174 -0.1514 -0.9643
vn -0.1584 -0.6935 -0.7029
vn -0.2688 -0.9607 -0.0696
vn 0.0109 -0.9988 0.0481
vn -0.9745 -0.0255 0.2230
vn -0.7659 -0.5925 0.2497
vn -0.0473 -0.9891 0.1394
vn -0.3207 -0.8985 0.2998
vn -0.0444 -0.9794 0.1968
vn 0.1611 -0.8985 0.4084
vn -0.1878 -0.5201 0.8332
vn -0.8298 -0.1292 0.5429
vn 0.5166 -0.1292 0.8464
vn -0.2191 0.0879 0.9717
vn -0.2130 -0.9607 -0.1782
vn -0.1025 -0.9891 0.1056
vn -0.7800 -0.6185 -0.0954
vn -0.5287 -0.3029 -0.7929
vn -0.9759 -0.0379 -0.2151
vn 0.2688 -0.9607 -0.0696
vn -0.0108 -0.9988 0.0481
vn 0.1533 -0.7169 -0.6801
vn 0.8178 -0.3029 -0.4894
vn 0.2169 -0.1637 -0.9624
vn 0.0473 -0.9891 0.1394
vn 0.7454 -0.6185 0.2485
vn 0.9737 -0.0379 0.2244
vn -0.1135 0.1831 -0.9765
vn 0.9684 -0.1992 -0.1499
vn 0.1099 -0.1992 0.9738
vn -0.9720 0.1831 0.1472
vn 0.1135 0.1831 -0.9765
vn -0.9684 -0.1992 -0.1499
vn -0.1099 -0.1992 0.9738
vn 0.9720 0.1831 0.1472
vn -0.8440 -0.0921 -0.5284
vn 0.5356 -0.0921 -0.8394
vn -0.5354 0.0860 0.8402
vn 0.8441 0.0860 0.5292
vn 0.8439 -0.0943 -0.5281
vn -0.5357 -0.0943 -0.8391
vn 0.5354 0.0838 0.8404
vn -0.8442 0.0838 0.5294
vn 0.2148 0.9628 0.1641
vn 0.7916 -0.0875 0.6048
vn -0.5569 0.1782 0.8113
vn -0.7121 0.4438 -0.5440
vn 0.6364 0.1782 -0.7505
vn -0.2148 0.9628 0.1641
vn -0.7916 -0.0875 0.6048
vn 0.5569 0.1782 0.8113
vn 0.7121 0.4438 -0.5440
vn -0.6364 0.1782 -0.7505
vn 0.1302 0.1092 0.9855
vn -0.1309 -0.1460 -0.9806
vn -0.9050 -0.0159 -0.4252
vn 0.9926 0.0831 0.0881
vn -0.9855 -0.1486 -0.0822
vn 0.9938 0.1087 0.0254
vn -0.9825 -0.1861 -0.0045
vn 0.9974 -0.0702 0.0157
vn -0.9832 0.1814 -0.0217
vn 0.9946 0.1037 -0.0042
vn -0.9791 -0.1990 0.0407
vn 0.9991 -0.0258 0.0330
vn -0.9933 0.1095 -0.0376
vn 0.9939 0.0239 0.1078
vn -0.9925 0.0418 -0.1153
vn -0.9119 -0.1098 -0.3955
vn 0.1897 0.1619 0.9684
vn -0.1941 -0.1166 -0.9740
vn 0.9954 0.0302 0.0909
vn -0.9703 -0.1531 0.1872
vn 0.9962 -0.0465 0.0739
vn -0.9742 0.2182 0.0571
vn -0.1288 0.1093 0.9856
vn 0.1309 -0.1460 -0.9806
vn -0.9042 0.0709 0.4212
vn 0.9050 -0.0159 -0.4252
vn -0.9925 0.0823 0.0907
vn 0.9857 -0.1473 -0.0814
vn -0.9938 0.1086 0.0252
vn 0.9826 -0.1858 -0.0042
vn -0.9976 -0.0679 0.0166
vn 0.9835 0.1795 -0.0225
vn -0.9946 0.1041 -0.0042
vn 0.9791 -0.1994 0.0407
vn -0.9991 -0.0255 0.0333
vn 0.9933 0.1093 -0.0379
vn -0.9935 0.0245 0.1111
vn 0.9925 0.0418 -0.1153
vn -0.9200 0.0513 0.3887
vn 0.9115 -0.1090 -0.3965
vn -0.1883 0.1621 0.9686
vn 0.1941 -0.1166 -0.9740
vn -0.9954 0.0308 0.0902
vn 0.9701 -0.1535 0.1877
vn -0.9965 -0.0434 0.0711
vn 0.9746 0.2159 0.0597
vn 0.4070 0.1084 0.9070
vn -0.4276 -0.0610 -0.9019
vn -0.6833 -0.0332 -0.7294
vn 0.3300 0.0705 0.9413
vn -0.3392 -0.1125 -0.9340
vn -0.6631 -0.0875 -0.7434
vn 0.6833 -0.0332 -0.7294
vn 0.4276 -0.0610 -0.9019
vn 0.3392 -0.1125 -0.9340
vn 0.6629 -0.0874 -0.7436
vn -0.4542 0.1600 0.8764
vn 0.6737 0.2461 0.6969
vn 0.2341 0.2356 0.9432
vn -0.8182 -0.0145 0.5748
vn -0.3640 -0.5273 0.7678
vn 0.5303 -0.5410 0.6528
vn -0.1635 -0.5736 0.8027
vn -0.8685 -0.2230 0.4428
vn -0.4046 0.8925 0.1992
vn 0.4937 0.8584 0.1391
vn -0.2290 0.9533 0.1967
vn -0.9038 0.4060 0.1355
vn -0.5022 0.0002 0.8648
vn 0.6196 -0.0327 0.7843
vn 0.1408 -0.0407 0.9892
vn -0.8310 0.0324 0.5553
vn 0.1846 0.9575 0.2218
vn -0.5852 0.6760 0.4478
vn 0.0152 0.9629 0.2694
vn 0.7596 0.6377 -0.1280
vn 0.0293 -0.9973 0.0672
vn -0.0562 -0.5756 0.8158
vn 0.0122 -0.9703 0.2414
vn 0.0871 -0.7722 -0.6293
vn -0.2174 0.9750 0.0452
vn -0.8864 0.4618 0.0318
vn -0.3789 0.9247 0.0367
vn 0.5135 0.8578 0.0236
vn 0.0562 -0.9808 0.1865
vn -0.7033 -0.5963 0.3870
vn -0.1378 -0.9606 0.2414
vn 0.6632 -0.7418 -0.0990
vn -0.0291 -0.9492 0.3133
vn -0.7970 -0.5514 0.2467
vn -0.2225 -0.9245 0.3094
vn 0.6516 -0.7374 0.1781
vn -0.1395 -0.9319 0.3349
vn -0.8507 -0.4813 0.2113
vn -0.3086 -0.8942 0.3244
vn 0.5818 -0.7770 0.2406
vn -0.1824 -0.8934 0.4106
vn -0.8747 -0.4209 0.2401
vn -0.3463 -0.8497 0.3976
vn 0.5341 -0.7835 0.3176
vn -0.1118 0.9930 0.0383
vn -0.8368 0.5470 0.0234
vn -0.2801 0.9596 0.0280
vn 0.6044 0.7964 0.0213
vn 0.0209 0.9908 0.1337
vn -0.7533 0.6395 0.1532
vn -0.1529 0.9789 0.1358
vn 0.7053 0.7084 0.0260
vn 0.1542 0.9733 -0.1700
vn -0.0820 0.7567 0.6486
vn 0.1019 0.9947 0.0160
vn 0.2575 0.6166 -0.7440
vn -0.2341 0.2360 0.9431
vn 0.8174 -0.0159 0.5759
vn 0.4542 0.1592 0.8766
vn -0.6738 0.2474 0.6962
vn 0.1635 -0.5736 0.8027
vn 0.8685 -0.2229 0.4428
vn 0.3640 -0.5273 0.7677
vn -0.5303 -0.5410 0.6528
vn 0.2287 0.9532 0.1977
vn 0.9040 0.4042 0.1394
vn 0.4047 0.8921 0.2010
vn -0.4924 0.8595 0.1371
vn -0.1408 -0.0407 0.9892
vn 0.8310 0.0324 0.5553
vn 0.5022 0.0002 0.8648
vn -0.6196 -0.0327 0.7842
vn -0.0152 0.9629 0.2694
vn -0.7596 0.6377 -0.1280
vn -0.0122 -0.9703 0.2415
vn -0.0871 -0.7722 -0.6293
vn -0.0286 -0.9970 0.0716
vn 0.0559 -0.5812 0.8118
vn 0.3790 0.9247 0.0359
vn -0.5136 0.8577 0.0247
vn 0.2174 0.9750 0.0447
vn 0.8864 0.4619 0.0299
vn 0.1293 -0.9578 0.2569
vn -0.6698 -0.7374 -0.0873
vn 0.2244 -0.9275 0.2989
vn -0.6516 -0.7394 0.1694
vn 0.0250 -0.9530 0.3019
vn 0.8020 -0.5476 0.2387
vn 0.3089 -0.8952 0.3213
vn -0.5815 -0.7780 0.2380
vn 0.1398 -0.9330 0.3317
vn 0.8509 -0.4817 0.2095
vn 0.3463 -0.8497 0.3976
vn -0.5342 -0.7834 0.3176
vn 0.1825 -0.8934 0.4106
vn 0.8748 -0.4208 0.2401
vn 0.2801 0.9596 0.0278
vn -0.6044 0.7964 0.0216
vn 0.1118 0.9930 0.0382
vn 0.8368 0.5470 0.0229
vn 0.1528 0.9789 0.1358
vn -0.7053 0.7084 0.0260
vn -0.0139 0.9910 0.1331
vn 0.7606 0.6312 0.1523
vn -0.1019 0.9947 0.0160
vn -0.2575 0.6166 -0.7440
vn -0.1503 0.9770 -0.1516
vn 0.0807 0.7595 0.6455
vn 0.0157 -0.9701 0.2421
vn 0.2489 -0.7628 -0.5967
vn 0.2788 0.9422 0.1860
vn 0.5732 0.5917 -0.5669
vn -0.0157 -0.9701 0.2421
vn -0.2489 -0.7631 -0.5964
vn -0.0688 -0.9947 0.0770
vn 0.1838 -0.5826 0.7917
vn -0.0590 -0.9717 0.2286
vn 0.4813 -0.7554 -0.4446
vn 0.1988 0.9351 0.2934
vn 0.6924 0.6129 -0.3806
vn -0.2788 0.9422 0.1860
vn -0.5732 0.5917 -0.5669
vn -0.3755 0.9261 0.0374
vn 0.1180 0.6933 0.7110
vn -0.1988 0.9351 0.2934
vn -0.6924 0.6129 -0.3806
vn 0.0546 -0.9709 0.2333
vn -0.4842 -0.7563 -0.4399
vn -0.1365 0.9851 -0.1045
vn -0.2593 0.3748 -0.8901
vn 0.1362 0.9852 -0.1036
vn 0.2593 0.3748 -0.8901
vn 0.0623 0.7738 0.6304
vn -0.0629 0.7742 0.6298
vn -0.3411 0.9360 0.0874
vn -0.5676 0.4215 -0.7073
vn 0.0823 0.7066 0.7028
vn -0.8279 0.5124 -0.2281
vn -0.1340 0.9630 0.2339
vn 0.0384 0.9904 0.1329
vn -0.7765 0.6300 -0.0075
vn 0.6806 0.7148 0.1608
vn 0.1738 0.9842 0.0328
vn 0.7179 0.6952 0.0356
vn -0.6547 0.7558 0.0072
vn 0.6268 0.7619 0.1630
vn 0.3132 0.9253 0.2139
vn 0.2817 0.9586 0.0402
vn 0.7221 0.6906 0.0400
vn -0.5096 0.8603 0.0134
vn -0.3567 0.9223 0.1485
vn 0.2424 -0.8799 0.4086
vn -0.5233 -0.7911 0.3168
vn 0.2393 -0.5548 0.7969
vn -0.3352 -0.6033 0.7237
vn 0.7096 -0.6287 0.3181
vn 0.5190 -0.4966 0.6957
vn 0.2028 -0.9226 0.3281
vn 0.7489 -0.6128 0.2521
vn -0.6146 -0.7573 0.2208
vn 0.1030 -0.9481 0.3007
vn 0.7309 -0.6279 0.2673
vn -0.7176 -0.6838 0.1319
vn 0.0025 -0.9749 0.2228
vn -0.7656 -0.6185 -0.1772
vn -0.0290 -0.9895 0.1413
vn -0.5725 -0.5747 -0.5848
vn -0.0662 -0.5158 0.8542
vn 0.0233 -0.9915 0.1277
vn -0.0234 -0.9917 0.1265
vn 0.0672 -0.5160 0.8539
vn -0.0999 -0.5486 -0.8301
vn 0.0999 -0.5486 -0.8301
vn -0.0509 -0.9903 0.1290
vn 0.1896 -0.5707 0.7990
vn -0.2859 -0.5582 -0.7789
vn -0.2843 0.9335 0.2184
vn -0.7222 0.4624 -0.5144
vn 0.1492 -0.0069 0.9888
vn 0.2336 -0.0955 0.9676
vn -0.1691 -0.0414 0.9847
vn 0.2367 0.2112 0.9483
vn 0.0513 0.2041 0.9776
vn -0.2512 0.3260 0.9114
vn 0.3372 0.9367 0.0946
vn 0.5676 0.4215 -0.7073
vn -0.5131 0.7265 0.4571
vn 0.1421 0.9627 0.2304
vn -0.0372 0.9904 0.1328
vn -0.6790 0.7155 0.1643
vn 0.7765 0.6300 -0.0075
vn 0.8279 0.5124 -0.2281
vn -0.1739 0.9842 0.0329
vn 0.6547 0.7558 0.0069
vn -0.7179 0.6952 0.0359
vn 0.3579 0.9217 0.1495
vn -0.3136 0.9255 0.2125
vn -0.2818 0.9586 0.0407
vn 0.5106 0.8597 0.0124
vn -0.7212 0.6915 0.0414
vn -0.6262 0.7629 0.1607
vn -0.2424 -0.8799 0.4086
vn -0.7096 -0.6287 0.3181
vn -0.2393 -0.5548 0.7968
vn -0.5190 -0.4966 0.6957
vn 0.5233 -0.7911 0.3168
vn 0.3352 -0.6033 0.7237
vn -0.2026 -0.9215 0.3312
vn 0.6154 -0.7560 0.2231
vn -0.7493 -0.6116 0.2540
vn -0.0998 -0.9450 0.3114
vn 0.7208 -0.6792 0.1384
vn -0.7304 -0.6249 0.2757
vn -0.0031 -0.9790 0.2036
vn 0.7632 -0.6183 -0.1875
vn -0.6428 -0.6605 0.3880
vn 0.0244 -0.9903 0.1366
vn 0.5703 -0.5736 -0.5879
vn 0.0483 -0.9893 0.1373
vn 0.2859 -0.5582 -0.7789
vn 0.2839 0.9336 0.2189
vn 0.7222 0.4624 -0.5144
vn -0.1491 -0.0069 0.9888
vn 0.1688 -0.0415 0.9848
vn -0.2337 -0.0955 0.9676
vn 0.2498 0.3253 0.9120
vn -0.0512 0.2043 0.9776
vn -0.2379 0.2118 0.9479
vn -0.2321 0.3703 0.8994
vn 0.9884 0.1120 0.1022
vn -0.1508 -0.6045 0.7822
vn -0.2220 -0.3501 -0.9100
vn -0.5424 -0.4160 0.7299
vn 0.9596 -0.0765 -0.2706
vn 0.3596 0.2523 0.8983
vn -0.8916 0.1556 0.4252
vn -0.9936 -0.0502 -0.1014
vn -0.8195 -0.3596 0.4463
vn 0.5852 0.5002 0.6382
vn -0.1038 0.6857 -0.7205
vn -0.4660 -0.1817 -0.8659
vn 0.0694 -0.6100 -0.7894
vn -0.2343 0.5680 0.7890
vn -0.0885 0.6939 -0.7146
vn 0.6697 0.0822 0.7381
vn 0.9876 0.0699 -0.1406
vn 0.8888 0.0820 0.4510
vn -0.1348 0.0332 0.9903
vn 0.6664 0.0206 0.7453
vn 0.9775 0.0168 -0.2101
vn 0.9114 0.0276 0.4106
vn -0.0637 0.0053 0.9980
vn -0.6950 0.0423 0.7178
vn 0.4166 0.0250 0.9087
vn -0.2972 0.0510 0.9534
vn -0.9868 0.0302 0.1590
vn -0.7027 0.0752 0.7075
vn 0.4686 0.0113 0.8834
vn -0.3918 0.0734 0.9171
vn -0.9765 0.0729 0.2026
vn 0.2927 0.6678 0.6843
vn 0.7691 0.6116 -0.1854
vn 0.5087 0.7146 0.4802
vn -0.3787 0.2102 0.9013
vn 0.4558 -0.6280 0.6307
vn 0.8355 -0.4435 -0.3244
vn 0.6589 -0.6460 0.3855
vn -0.2478 -0.2856 0.9258
vn -0.2813 0.6855 0.6716
vn 0.6509 0.1739 0.7390
vn -0.0910 0.6498 0.7546
vn -0.7779 0.6191 0.1072
vn -0.1582 -0.5773 0.8011
vn -0.9111 -0.4104 0.0390
vn -0.4809 -0.6095 0.6303
vn 0.5520 -0.3035 0.7767
vn -0.1697 -0.9678 0.1860
vn -0.3953 -0.9135 -0.0964
vn -0.1166 -0.9928 0.0291
vn 0.8820 -0.2504 0.3993
vn 0.6110 -0.2428 0.7535
vn -0.0539 0.9676 0.2467
vn 0.7776 0.4297 0.4591
vn -0.5994 0.7994 -0.0414
vn -0.3517 0.9208 0.1683
vn 0.4545 0.4971 0.7391
vn 0.0819 -0.9958 0.0418
vn 0.2232 -0.9525 -0.2071
vn -0.2600 -0.2046 0.9437
vn -0.6262 -0.1252 0.7695
vn 0.0876 -0.9944 0.0592
vn 0.2893 0.9336 0.2112
vn 0.4121 0.9085 -0.0694
vn -0.2457 0.5384 0.8061
vn -0.4936 0.4292 0.7564
vn 0.5982 0.7666 -0.2334
vn 0.5245 -0.6916 0.4965
vn 0.6698 -0.6554 0.3490
vn 0.8129 0.0154 0.5822
vn 0.9480 0.0524 0.3139
vn 0.3826 -0.6284 0.6773
vn 0.5950 0.0342 0.8030
vn 0.6185 0.0816 0.7815
vn 0.8076 0.0915 0.5826
vn 0.3614 0.7358 0.5727
vn 0.2187 0.6813 0.6986
vn 0.5739 0.7250 0.3808
vn 0.9361 0.0665 0.3453
vn -0.7300 0.0811 0.6787
vn -0.5752 0.0788 0.8142
vn -0.1497 0.7113 0.6868
vn -0.3121 0.6973 0.6453
vn -0.0614 0.7041 0.7074
vn -0.3647 0.1090 0.9247
vn -0.3026 -0.6591 0.6885
vn -0.1462 -0.5602 0.8154
vn -0.5096 0.0417 0.8594
vn -0.2744 0.0732 0.9588
vn -0.5068 -0.6433 0.5739
vn -0.7370 0.0328 0.6751
vn -0.7514 0.6312 0.1923
vn -0.7317 0.4440 -0.5172
vn -0.6616 -0.5251 -0.5353
vn -0.7625 -0.1977 -0.6160
vn -0.8543 -0.4444 0.2696
vn -0.8925 0.3463 0.2890
vn -0.1117 0.3262 -0.9387
vn -0.3821 0.2029 -0.9016
vn -0.1012 -0.3856 -0.9171
vn -0.3342 -0.4200 -0.8438
vn -0.4960 0.1403 0.8569
vn -0.1974 0.1052 0.9747
vn -0.0445 0.0935 0.9946
vn -0.2983 -0.5955 0.7459
vn -0.0999 -0.6922 0.7147
vn -0.0250 -0.6936 0.7199
vn -0.4862 0.6462 0.5883
vn -0.2300 0.6920 0.6843
vn -0.0561 0.6779 0.7330
vn -0.1015 0.7270 -0.6791
vn -0.3413 0.7132 -0.6122
vn -0.5673 0.7911 -0.2289
vn -0.2877 0.9056 -0.3116
vn -0.0756 0.9464 -0.3141
vn -0.1399 -0.9861 -0.0899
vn -0.0301 -0.9963 -0.0803
vn -0.0027 -0.9969 -0.0786
vn 0.0020 -0.9972 0.0743
vn 0.0039 -1.0000 0.0013
vn 0.0040 -1.0000 -0.0025
vn -0.0006 -0.9975 0.0707
vn -0.0041 -1.0000 0.0004
vn -0.0057 -1.0000 -0.0031
vn -0.0272 -0.9988 0.0414
vn -0.0575 -0.9983 -0.0100
vn -0.0718 -0.9973 -0.0162
vn -0.0559 0.9801 0.1905
vn -0.0523 0.9983 0.0258
vn -0.0558 0.9972 -0.0493
vn -0.2217 0.9533 0.2051
vn -0.2166 0.9759 0.0252
vn -0.2413 0.9679 -0.0711
vn -0.5023 0.8426 0.1943
vn -0.5866 0.8099 0.0055
vn -0.6252 0.7699 -0.1283
vn -0.9464 -0.1036 -0.3059
vn -0.9537 0.2196 -0.2054
vn -0.9253 0.3744 -0.0599
vn -0.7638 -0.5837 -0.2757
vn -0.7648 -0.6194 -0.1771
vn -0.8111 -0.5805 -0.0718
vn -0.9110 0.3522 -0.2147
vn -0.8507 0.4991 -0.1650
vn -0.8041 0.5936 -0.0315
vn 0.7514 0.6312 0.1923
vn 0.7317 0.4440 -0.5172
vn 0.6616 -0.5251 -0.5353
vn 0.7625 -0.1977 -0.6160
vn 0.8543 -0.4444 0.2696
vn 0.8925 0.3463 0.2890
vn 0.1117 0.3262 -0.9387
vn 0.3821 0.2029 -0.9016
vn 0.1012 -0.3856 -0.9171
vn 0.3342 -0.4200 -0.8438
vn 0.4960 0.1403 0.8569
vn 0.1974 0.1052 0.9747
vn 0.0445 0.0935 0.9946
vn 0.2983 -0.5955 0.7459
vn 0.0999 -0.6922 0.7147
vn 0.0250 -0.6936 0.7199
vn 0.4862 0.6462 0.5883
vn 0.2300 0.6920 0.6843
vn 0.0561 0.6779 0.7330
vn 0.1015 0.7270 -0.6791
vn 0.3413 0.7132 -0.6122
vn 0.5673 0.7911 -0.2289
vn 0.2877 0.9056 -0.3116
vn 0.0756 0.9464 -0.3141
vn 0.1399 -0.9861 -0.0899
vn 0.0301 -0.9963 -0.0803
vn 0.0027 -0.9969 -0.0786
vn -0.0020 -0.9972 0.0743
vn -0.0039 -1.0000 0.0013
vn -0.0040 -1.0000 -0.0025
vn 0.0006 -0.9975 0.0707
vn 0.0041 -1.0000 0.0004
vn 0.0057 -1.0000 -0.0031
vn 0.0272 -0.9988 0.0414
vn 0.0575 -0.9983 -0.0100
vn 0.0718 -0.9973 -0.0162
vn 0.0559 0.9801 0.1905
vn 0.0523 0.9983 0.0258
vn 0.0558 0.9972 -0.0493
vn 0.2217 0.9533 0.2051
vn 0.2166 0.9759 0.0252
vn 0.2413 0.9679 -0.0711
vn 0.5023 0.8426 0.1943
vn 0.5866 0.8099 0.0055
vn 0.6252 0.7699 -0.1283
vn 0.9464 -0.1036 -0.3059
vn 0.9537 0.2196 -0.2054
vn 0.9253 0.3744 -0.0599
vn 0.7638 -0.5837 -0.2757
vn 0.7648 -0.6194 -0.1771
vn 0.8111 -0.5805 -0.0718
vn 0.9110 0.3522 -0.2147
vn 0.8507 0.4991 -0.1650
vn 0.8041 0.5936 -0.0315
vn 0.7585 0.1294 0.6387
vn 0.6385 0.1049 -0.7624
vn -0.7630 0.0773 -0.6418
vn -0.6202 0.0433 0.7833
vn 0.7913 0.0961 0.6038
vn 0.6241 0.1810 -0.7601
vn -0.2078 0.1177 0.9711
vn 0.4280 0.4084 -0.8063
vn 0.9968 -0.0671 0.0426
vn -0.7874 0.1269 -0.6032
vn 0.9428 0.1416 0.3017
vn -0.9997 0.0183 0.0189
vn -0.7784 0.2708 -0.5664
vn -0.0206 0.9996 -0.0174
vn -0.6430 0.1012 0.7591
vn -0.7623 0.0796 -0.6423
vn 0.6385 0.1064 -0.7622
vn 0.7579 0.1332 0.6386
vn -0.6429 0.1064 0.7585
vn -0.7438 0.2322 -0.6268
vn 0.6172 0.2582 -0.7432
vn 0.7332 0.2843 0.6178
vn -0.6278 0.2582 0.7343
vn 0.9755 -0.0006 -0.2198
vn 0.2182 0.1253 0.9678
vn -0.9755 -0.0006 0.2200
vn -0.2181 -0.1283 -0.9675
vn 0.9756 -0.0024 -0.2196
vn 0.2182 0.1235 0.9680
vn -0.9754 -0.0024 0.2202
vn -0.2181 -0.1288 -0.9674
vn -0.2132 -0.1221 -0.9693
vn 0.9761 -0.0048 -0.2174
vn 0.2156 0.1255 0.9684
vn -0.9763 0.0042 0.2165
vn -0.1467 -0.3065 -0.9405
vn 0.9914 -0.0617 -0.1157
vn 0.1822 0.1649 0.9693
vn -0.9821 0.0177 0.1878
vn 0.9950 -0.0417 0.0911
vn 0.0706 0.9347 -0.3484
vn -0.9952 0.0383 -0.0899
vn -0.0718 -0.9152 0.3966
vn 0.9920 -0.0329 0.1222
vn 0.0746 0.9161 -0.3939
vn -0.9928 0.0239 -0.1177
vn -0.0808 -0.8586 0.5063
vn 0.9882 -0.0249 0.1512
vn 0.0866 0.8597 -0.5035
vn -0.9898 0.0134 -0.1417
vn -0.0696 -0.9486 0.3088
vn 0.9963 -0.0483 0.0712
vn 0.0643 0.9488 -0.3093
vn -0.9965 0.0456 -0.0706
vn -0.0672 -0.9461 0.3167
vn 0.9971 -0.0521 0.0558
vn 0.0672 0.9461 -0.3167
vn -0.9971 0.0520 -0.0559
vn -0.0662 -0.9443 0.3224
vn 0.9968 -0.0510 0.0623
vn 0.0684 0.9442 -0.3222
vn -0.9969 0.0492 -0.0615
vn -0.0792 -0.9594 0.2706
vn 0.9794 -0.0097 0.2019
vn 0.0588 0.9596 -0.2753
vn -0.9788 0.0048 -0.2048
vn -0.0665 -0.9580 0.2789
vn 0.9894 -0.0242 0.1431
vn 0.0667 0.9578 -0.2796
vn -0.9892 0.0248 -0.1445
vn -0.0671 -0.9576 0.2802
vn 0.9911 -0.0295 0.1299
vn 0.0622 0.9577 -0.2809
vn -0.9913 0.0275 -0.1291
vn -0.0467 -0.9827 0.1791
vn 0.7552 0.1004 0.6478
vn 0.0278 0.9804 -0.1952
vn -0.7558 -0.1030 -0.6466
vn -0.0669 -0.9748 0.2127
vn 0.8876 0.0567 0.4572
vn 0.0399 0.9727 -0.2286
vn -0.8890 -0.0618 -0.4538
vn -0.0198 -0.9874 0.1571
vn 0.3094 0.1495 0.9391
vn 0.0160 0.9855 -0.1689
vn -0.3077 -0.1526 -0.9391
vn -0.0348 -0.9861 0.1627
vn -0.0345 -0.9852 0.1681
vn 0.3461 0.1477 0.9265
vn 0.0343 0.9851 -0.1682
vn -0.3471 -0.1489 -0.9259
vn -0.0415 -0.9867 0.1570
vn 0.4278 0.1422 0.8926
vn 0.0295 0.9831 -0.1805
vn -0.4282 -0.1408 -0.8926
vn 0.6117 0.1229 0.7815
vn 0.0216 0.9839 -0.1773
vn -0.6096 -0.1238 -0.7830
vn 0.0117 -0.9886 0.1501
vn 0.9995 -0.0324 0.0003
vn -1.0000 0.0003 0.0030
vn 0.0116 -0.9878 0.1554
vn 0.0769 0.1555 0.9848
vn -0.0110 0.9874 -0.1577
vn -0.0725 -0.1552 -0.9852
vn 0.0177 -0.9882 0.1524
vn 0.1190 0.1565 0.9805
vn -0.0181 0.9873 -0.1580
vn -0.1182 -0.1556 -0.9807
vn 0.1698 0.1549 0.9732
vn -0.0138 0.9868 -0.1614
vn -0.1717 -0.1573 -0.9725
vn -0.0571 -0.9198 0.3881
vn 0.9907 -0.0422 0.1290
vn 0.1494 0.7412 -0.6544
vn -0.9789 0.0028 -0.2044
vn 0.9756 -0.0029 -0.2195
vn 0.2182 0.1230 0.9681
vn -0.9754 -0.0029 0.2203
vn -0.2182 -0.1248 -0.9679
vn 0.9755 0.0011 -0.2201
vn 0.2181 0.1270 0.9676
vn -0.9756 0.0011 0.2198
vn -0.7585 0.1294 0.6387
vn -0.6385 0.1049 -0.7624
vn 0.7630 0.0773 -0.6418
vn 0.6202 0.0433 0.7833
vn -0.7913 0.0961 0.6038
vn -0.6241 0.1810 -0.7601
vn 0.2078 0.1177 0.9711
vn -0.4280 0.4084 -0.8063
vn -0.9968 -0.0671 0.0426
vn 0.7874 0.1269 -0.6032
vn -0.9428 0.1416 0.3017
vn 0.9997 0.0183 0.0189
vn 0.7783 0.2708 -0.5664
vn 0.0206 0.9996 -0.0174
vn 0.6430 0.1012 0.7591
vn 0.7623 0.0796 -0.6423
vn -0.6385 0.1064 -0.7622
vn -0.7579 0.1332 0.6386
vn 0.6429 0.1064 0.7585
vn 0.7438 0.2322 -0.6268
vn -0.6172 0.2582 -0.7432
vn -0.7332 0.2843 0.6178
vn 0.6278 0.2583 0.7343
vn -0.9756 -0.0020 -0.2197
vn -0.2182 0.1239 0.9680
vn 0.9755 -0.0020 0.2202
vn 0.2125 -0.1246 -0.9692
vn -0.9762 -0.0038 -0.2169
vn -0.2156 0.1246 0.9685
vn 0.9763 0.0014 0.2165
vn 0.0667 -0.9349 0.3487
vn 0.1471 -0.2971 -0.9434
vn -0.9914 -0.0568 -0.1178
vn -0.1822 0.1618 0.9699
vn 0.9819 0.0142 0.1888
vn -0.9950 -0.0417 0.0911
vn -0.0706 0.9347 -0.3484
vn 0.9952 0.0383 -0.0899
vn 0.0718 -0.9152 0.3966
vn -0.9920 -0.0329 0.1222
vn -0.0746 0.9161 -0.3938
vn 0.9928 0.0239 -0.1177
vn 0.0808 -0.8586 0.5063
vn -0.9882 -0.0249 0.1512
vn -0.0866 0.8597 -0.5035
vn 0.9898 0.0134 -0.1417
vn 0.0696 -0.9486 0.3088
vn -0.9963 -0.0483 0.0712
vn -0.0643 0.9488 -0.3093
vn 0.9965 0.0456 -0.0706
vn 0.0672 -0.9461 0.3167
vn -0.9971 -0.0521 0.0558
vn -0.0672 0.9461 -0.3167
vn 0.9971 0.0520 -0.0558
vn 0.0662 -0.9443 0.3224
vn -0.9968 -0.0510 0.0623
vn -0.0684 0.9442 -0.3222
vn 0.9969 0.0492 -0.0615
vn 0.0792 -0.9594 0.2706
vn -0.9794 -0.0097 0.2019
vn -0.0588 0.9596 -0.2753
vn 0.9788 0.0048 -0.2048
vn 0.0665 -0.9580 0.2789
vn -0.9894 -0.0242 0.1431
vn -0.0667 0.9578 -0.2796
vn 0.9892 0.0248 -0.1445
vn 0.0671 -0.9576 0.2802
vn -0.9911 -0.0295 0.1299
vn -0.0622 0.9577 -0.2809
vn 0.9913 0.0275 -0.1291
vn 0.0467 -0.9827 0.1791
vn -0.7552 0.1004 0.6478
vn -0.0278 0.9804 -0.1952
vn 0.7558 -0.1030 -0.6466
vn 0.0669 -0.9748 0.2127
vn -0.8876 0.0567 0.4572
vn -0.0399 0.9727 -0.2286
vn 0.8890 -0.0618 -0.4538
vn 0.0031 -0.9883 0.1523
vn -0.2388 0.1532 0.9589
vn -0.0001 0.9865 -0.1640
vn 0.2390 -0.1562 -0.9584
vn 0.0293 -0.9862 0.1632
vn -0.3279 0.1487 0.9329
vn -0.0273 0.9852 -0.1692
vn 0.3279 -0.1509 -0.9326
vn 0.0348 -0.9861 0.1627
vn 0.0405 -0.9869 0.1564
vn -0.4230 0.1424 0.8949
vn -0.0287 0.9832 -0.1805
vn 0.4235 -0.1414 -0.8948
vn -0.6117 0.1229 0.7815
vn -0.0216 0.9839 -0.1773
vn 0.6096 -0.1238 -0.7830
vn -0.0148 -0.9885 0.1508
vn -0.0122 -0.9879 0.1546
vn -0.0816 0.1556 0.9844
vn 0.0118 0.9873 -0.1584
vn 0.0773 -0.1551 -0.9849
vn -0.1410 0.1559 0.9777
vn 0.0162 0.9870 -0.1600
vn 0.1411 -0.1564 -0.9776
vn 0.2181 -0.1279 -0.9675
vn 0.0571 -0.9198 0.3881
vn -0.9907 -0.0422 0.1290
vn -0.1494 0.7412 -0.6544
vn 0.9789 0.0028 -0.2044
vn 0.2182 -0.1252 -0.9678
vn -0.9755 0.0008 -0.2200
vn -0.2181 0.1267 0.9677
vn 0.9755 0.0008 0.2198
vn -1.0000 -0.0000 -0.0045
vn 1.0000 -0.0000 0.0045
vn -0.1836 -0.9830 -0.0008
vn -0.1881 -0.0000 0.9822
vn -0.1836 0.9830 -0.0008
vn -0.1791 -0.0000 -0.9838
vn 0.1985 -0.9801 0.0009
vn 0.1941 -0.0000 0.9810
vn 0.1985 0.9801 0.0009
vn 0.2030 -0.0000 -0.9792
vn -0.2784 0.0026 -0.9605
vn 0.2784 -0.0026 0.9605
vn -0.0522 -0.9823 -0.1799
vn -0.9954 0.0005 0.0962
vn -0.0507 0.9833 -0.1749
vn 0.8925 0.0005 -0.4510
vn -0.0033 -1.0000 -0.0018
vn -0.9561 -0.0000 0.2930
vn -0.0018 1.0000 0.0035
vn 0.9561 0.0001 -0.2931
vn -0.0046 -1.0000 -0.0016
vn -0.9206 -0.0003 0.3904
vn -0.0025 1.0000 0.0056
vn 0.9203 0.0004 -0.3913
vn 0.0626 -0.9786 0.1962
vn -0.8660 -0.0007 0.5001
vn 0.0642 0.9773 0.2017
vn 0.9948 -0.0005 -0.1022
vn 0.2784 0.0026 -0.9605
vn -0.2784 -0.0026 0.9605
vn 0.0522 -0.9823 -0.1799
vn 0.9954 0.0005 0.0962
vn 0.0507 0.9833 -0.1749
vn -0.8925 0.0005 -0.4510
vn 0.0033 -1.0000 -0.0018
vn 0.9561 -0.0000 0.2930
vn 0.0018 1.0000 0.0035
vn -0.9561 0.0001 -0.2931
vn 0.0046 -1.0000 -0.0016
vn 0.9206 -0.0003 0.3904
vn 0.0025 1.0000 0.0056
vn -0.9203 0.0004 -0.3913
vn -0.0626 -0.9786 0.1962
vn 0.8660 -0.0007 0.5001
vn -0.0642 0.9773 0.2017
vn -0.9948 -0.0005 -0.1022
vn 0.5378 -0.2311 -0.8108
vn 0.0035 -0.9059 -0.4236
vn 0.6911 -0.4935 0.5280
vn 0.0570 -0.9974 0.0436
vn -0.6409 -0.2311 0.7320
vn -0.4077 -0.9059 0.1147
vn -0.7942 0.0313 -0.6068
vn -0.4612 -0.8143 -0.3524
vn -0.0035 -0.9059 -0.4236
vn -0.5378 -0.2311 -0.8108
vn -0.0570 -0.9974 0.0436
vn -0.6911 -0.4935 0.5280
vn 0.4077 -0.9059 0.1147
vn 0.6409 -0.2311 0.7320
vn 0.4612 -0.8143 -0.3524
vn 0.7942 0.0313 -0.6068
vn 0.2196 -0.0492 0.9743
vn 0.1025 -0.8848 0.4546
vn 0.9654 -0.1732 -0.1951
vn 0.3682 -0.9290 0.0379
vn -0.2100 -0.2972 -0.9315
vn -0.0506 -0.9732 -0.2245
vn -0.9557 -0.1732 0.2380
vn -0.3163 -0.9290 0.1922
vn -0.1025 -0.8848 0.4546
vn -0.2190 -0.0890 0.9716
vn -0.3682 -0.9290 0.0379
vn -0.9589 -0.2120 -0.1886
vn 0.0506 -0.9732 -0.2245
vn 0.2072 -0.3350 -0.9191
vn 0.3163 -0.9290 0.1922
vn 0.9471 -0.2120 0.2411
vn 0.6053 -0.0078 -0.7959
vn -0.2148 -0.9628 -0.1641
vn 0.7633 -0.2781 0.5832
vn -0.6088 -0.0078 0.7933
vn -0.7668 0.2625 -0.5858
vn -0.6053 -0.0078 -0.7959
vn 0.2148 -0.9628 -0.1641
vn -0.7633 -0.2781 0.5832
vn 0.6088 -0.0078 0.7933
vn 0.7668 0.2625 -0.5858
vn 0.0277 -0.9920 0.1228
vn 0.2180 -0.1310 -0.9671
vn -0.0277 -0.9920 0.1228
vn 0.9754 -0.0051 0.2205
vn -0.9756 -0.0051 -0.2193
vn -0.2183 0.1208 0.9684
vn -0.2181 -0.1265 -0.9677
vn -0.0667 -0.9349 0.3487
vt 0.000000 0.000000
vt 0.461641 0.440392
vt 0.467682 0.480619
vt 0.440423 0.484004
vt 0.435243 0.444104
vt 0.474690 0.526934
vt 0.446320 0.530004
vt 0.418091 0.530537
vt 0.413388 0.485594
vt 0.409137 0.446711
vt 0.500015 0.042917
vt 0.535058 0.044495
vt 0.533813 0.092769
vt 0.500009 0.091799
vt 0.569685 0.049184
vt 0.567441 0.095615
vt 0.564061 0.153126
vt 0.531918 0.151782
vt 0.500008 0.151222
vt 0.728511 0.159263
vt 0.723226 0.203685
vt 0.696628 0.204118
vt 0.701868 0.158904
vt 0.718290 0.238130
vt 0.691716 0.238937
vt 0.668859 0.239766
vt 0.673379 0.204547
vt 0.678355 0.158347
vt 0.240267 0.518558
vt 0.212793 0.518456
vt 0.211756 0.488882
vt 0.239416 0.486886
vt 0.180505 0.518376
vt 0.179501 0.491289
vt 0.178407 0.467852
vt 0.210735 0.463366
vt 0.238725 0.459622
vt 0.731404 0.115866
vt 0.764583 0.117230
vt 0.761739 0.159476
vt 0.732595 0.083301
vt 0.766068 0.085615
vt 0.804742 0.088864
vt 0.802862 0.119123
vt 0.800300 0.159604
vt 0.145662 0.518225
vt 0.144941 0.493806
vt 0.111260 0.518039
vt 0.111021 0.496381
vt 0.110451 0.477525
vt 0.144022 0.472610
vt 0.843249 0.122141
vt 0.841336 0.159662
vt 0.845347 0.094094
vt 0.882626 0.100955
vt 0.880928 0.126052
vt 0.880269 0.159468
vt 0.053966 0.518188
vt 0.080160 0.517933
vt 0.079532 0.536723
vt 0.052935 0.534162
vt 0.111260 0.518039
vt 0.111185 0.539647
vt 0.110777 0.558425
vt 0.078621 0.553046
vt 0.051668 0.547923
vt 0.939060 0.158371
vt 0.943456 0.181224
vt 0.916480 0.187949
vt 0.913001 0.158915
vt 0.948098 0.199005
vt 0.920649 0.210759
vt 0.884048 0.221460
vt 0.881682 0.194136
vt 0.880269 0.159468
vt 0.055249 0.488186
vt 0.080391 0.482625
vt 0.080527 0.499066
vt 0.054942 0.502106
vt 0.110451 0.477525
vt 0.111021 0.496381
vt 0.935065 0.117794
vt 0.936137 0.135517
vt 0.911760 0.130507
vt 0.912187 0.108875
vt 0.880928 0.126052
vt 0.882626 0.100955
vt 0.181533 0.568859
vt 0.146090 0.563762
vt 0.146063 0.542611
vt 0.181203 0.545443
vt 0.110777 0.558426
vt 0.111185 0.539647
vt 0.795192 0.234261
vt 0.797374 0.201492
vt 0.840472 0.198652
vt 0.840546 0.229299
vt 0.881682 0.194136
vt 0.884048 0.221460
vt 0.241568 0.577491
vt 0.214067 0.573527
vt 0.213569 0.548015
vt 0.240956 0.550216
vt 0.723226 0.203685
vt 0.757252 0.202987
vt 0.753278 0.236886
vt 0.732595 0.083301
vt 0.704725 0.114306
vt 0.705923 0.080659
vt 0.681390 0.112126
vt 0.682958 0.076967
vt 0.481635 0.572081
vt 0.452063 0.574924
vt 0.487529 0.609845
vt 0.456797 0.612560
vt 0.426104 0.611585
vt 0.422572 0.574578
vt 0.529476 0.203303
vt 0.500018 0.202520
vt 0.559748 0.204671
vt 0.556115 0.240857
vt 0.527406 0.238735
vt 0.500030 0.237486
vt 0.055249 0.488186
vt 0.054942 0.502106
vt 0.035263 0.505514
vt 0.036207 0.494280
vt 0.053966 0.518188
vt 0.033685 0.518979
vt 0.019214 0.519888
vt 0.021687 0.508026
vt 0.025285 0.499383
vt 0.935065 0.117794
vt 0.952907 0.127306
vt 0.955186 0.140826
vt 0.963783 0.134621
vt 0.968525 0.144643
vt 0.972641 0.158141
vt 0.958847 0.158185
vt 0.939060 0.158371
vt 0.052935 0.534162
vt 0.032697 0.532289
vt 0.051668 0.547923
vt 0.031725 0.543298
vt 0.020886 0.539578
vt 0.018922 0.531493
vt 0.962308 0.175302
vt 0.943456 0.181224
vt 0.974232 0.171342
vt 0.973568 0.180843
vt 0.965407 0.188321
vt 0.948098 0.199005
vt 0.527286 0.513493
vt 0.502101 0.521144
vt 0.494162 0.475327
vt 0.518650 0.468852
vt 0.474690 0.526934
vt 0.467682 0.480619
vt 0.461641 0.440392
vt 0.487429 0.435535
vt 0.511433 0.430113
vt 0.435933 0.153103
vt 0.432544 0.095509
vt 0.466198 0.092718
vt 0.468095 0.151771
vt 0.430292 0.049002
vt 0.464962 0.044407
vt 0.500015 0.042917
vt 0.500008 0.091799
vt 0.675508 0.567180
vt 0.679370 0.528269
vt 0.697377 0.527123
vt 0.693649 0.565303
vt 0.683337 0.479654
vt 0.701249 0.479527
vt 0.723215 0.479447
vt 0.719357 0.524879
vt 0.715831 0.561455
vt 0.331073 0.239587
vt 0.308276 0.238749
vt 0.303365 0.204002
vt 0.326576 0.204438
vt 0.281742 0.237995
vt 0.276793 0.203598
vt 0.271504 0.159187
vt 0.298115 0.158833
vt 0.321588 0.158285
vt 0.791472 0.415435
vt 0.790140 0.443249
vt 0.754510 0.439124
vt 0.755433 0.408290
vt 0.788366 0.479259
vt 0.752668 0.479371
vt 0.723215 0.479447
vt 0.724969 0.435771
vt 0.725457 0.402483
vt 0.195226 0.088600
vt 0.233971 0.085333
vt 0.235441 0.117056
vt 0.197121 0.118965
vt 0.267454 0.083061
vt 0.268624 0.115714
vt 0.271504 0.159187
vt 0.238276 0.159405
vt 0.199701 0.159550
vt 0.866936 0.429830
vt 0.865689 0.451462
vt 0.828931 0.447473
vt 0.830507 0.422782
vt 0.865129 0.478637
vt 0.827435 0.479056
vt 0.117303 0.100865
vt 0.154585 0.093910
vt 0.156712 0.122032
vt 0.119032 0.125998
vt 0.158655 0.159632
vt 0.119720 0.159459
vt 0.866555 0.529844
vt 0.865375 0.506630
vt 0.899397 0.500869
vt 0.902361 0.519955
vt 0.865129 0.478637
vt 0.897171 0.477969
vt 0.923014 0.477444
vt 0.926582 0.495156
vt 0.930501 0.509955
vt 0.115967 0.221504
vt 0.079388 0.210773
vt 0.083540 0.187956
vt 0.118325 0.194159
vt 0.051955 0.198990
vt 0.056575 0.181215
vt 0.060943 0.158368
vt 0.086995 0.158912
vt 0.119720 0.159459
vt 0.865689 0.451462
vt 0.895891 0.455153
vt 0.866936 0.429830
vt 0.895990 0.436517
vt 0.918768 0.443895
vt 0.919962 0.459225
vt 0.088207 0.130489
vt 0.119032 0.125998
vt 0.063841 0.135517
vt 0.064896 0.117794
vt 0.087756 0.108846
vt 0.117303 0.100865
vt 0.826164 0.511923
vt 0.866555 0.529844
vt 0.825793 0.538956
vt 0.784338 0.547392
vt 0.785987 0.516792
vt 0.159536 0.198669
vt 0.118325 0.194159
vt 0.202645 0.201483
vt 0.204843 0.234257
vt 0.159472 0.229337
vt 0.115967 0.221504
vt 0.749354 0.521280
vt 0.746575 0.555201
vt 0.715831 0.561455
vt 0.719357 0.524879
vt 0.242773 0.202940
vt 0.276793 0.203598
vt 0.281742 0.237995
vt 0.246766 0.236819
vt 0.685169 0.433020
vt 0.702823 0.433775
vt 0.685468 0.397732
vt 0.702985 0.399020
vt 0.725457 0.402483
vt 0.724969 0.435771
vt 0.295230 0.114200
vt 0.318479 0.112040
vt 0.268624 0.115714
vt 0.267454 0.083061
vt 0.294004 0.080496
vt 0.316826 0.076831
vt 0.544021 0.593690
vt 0.517061 0.603202
vt 0.510102 0.565824
vt 0.536137 0.557120
vt 0.487529 0.609845
vt 0.443884 0.240919
vt 0.440250 0.204702
vt 0.470553 0.203320
vt 0.472641 0.238769
vt 0.500018 0.202520
vt 0.957818 0.477531
vt 0.943065 0.477399
vt 0.939194 0.463953
vt 0.953479 0.467222
vt 0.923013 0.477444
vt 0.919962 0.459224
vt 0.918768 0.443895
vt 0.937045 0.452405
vt 0.948698 0.458779
vt 0.027358 0.158146
vt 0.031470 0.144651
vt 0.044803 0.140833
vt 0.041156 0.158185
vt 0.036207 0.134634
vt 0.047072 0.127318
vt 0.064896 0.117794
vt 0.060943 0.158368
vt 0.958481 0.494972
vt 0.949184 0.500913
vt 0.946274 0.490246
vt 0.959400 0.487345
vt 0.930501 0.509955
vt 0.926582 0.495156
vt 0.026444 0.180845
vt 0.025772 0.171347
vt 0.037712 0.175296
vt 0.034629 0.188309
vt 0.056575 0.181215
vt 0.396767 0.607648
vt 0.394423 0.571712
vt 0.422572 0.574578
vt 0.370546 0.602142
vt 0.369324 0.567564
vt 0.367180 0.526684
vt 0.391174 0.529091
vt 0.418091 0.530537
vt 0.556115 0.240857
vt 0.559748 0.204671
vt 0.591085 0.205415
vt 0.586764 0.241851
vt 0.564061 0.153126
vt 0.596271 0.154786
vt 0.626763 0.156356
vt 0.621460 0.205471
vt 0.617029 0.241679
vt 0.648830 0.205078
vt 0.644437 0.240810
vt 0.653912 0.157532
vt 0.673379 0.204547
vt 0.387632 0.485796
vt 0.413388 0.485594
vt 0.364645 0.485361
vt 0.361964 0.449869
vt 0.384258 0.448471
vt 0.409137 0.446711
vt 0.567441 0.095615
vt 0.600397 0.100074
vt 0.603189 0.056634
vt 0.633689 0.064824
vt 0.630907 0.104945
vt 0.657521 0.109034
vt 0.659759 0.071730
vt 0.682958 0.076967
vt 0.321588 0.158285
vt 0.346012 0.157474
vt 0.351086 0.205026
vt 0.326576 0.204438
vt 0.373166 0.156303
vt 0.378446 0.205482
vt 0.382820 0.241711
vt 0.355430 0.240731
vt 0.331073 0.239587
vt 0.403689 0.154746
vt 0.408860 0.205451
vt 0.435933 0.153103
vt 0.440250 0.204702
vt 0.443884 0.240919
vt 0.413147 0.241924
vt 0.366102 0.064525
vt 0.396698 0.056360
vt 0.399532 0.099914
vt 0.368965 0.104768
vt 0.432544 0.095509
vt 0.339983 0.071513
vt 0.342322 0.108904
vt 0.318479 0.112040
vt 0.014742 0.157770
vt 0.015038 0.170186
vt 0.013153 0.170298
vt 0.012410 0.157720
vt 0.019821 0.182878
vt 0.018231 0.183172
vt 0.015776 0.182269
vt 0.011757 0.170428
vt 0.007685 0.158381
vt 0.010720 0.170749
vt 0.006696 0.158411
vt 0.014764 0.183069
vt 0.013752 0.183869
vt 0.009729 0.171154
vt 0.005706 0.158440
vt 0.966642 0.499805
vt 0.972628 0.488336
vt 0.974965 0.488984
vt 0.968502 0.501073
vt 0.973700 0.477354
vt 0.976748 0.477342
vt 0.982189 0.477948
vt 0.976490 0.489217
vt 0.970790 0.500486
vt 0.010144 0.184090
vt 0.006624 0.171235
vt 0.007773 0.171247
vt 0.011363 0.184038
vt 0.003105 0.158381
vt 0.004183 0.158455
vt 0.005261 0.158530
vt 0.008921 0.171258
vt 0.012582 0.183986
vt 0.062927 0.105500
vt 0.044431 0.117996
vt 0.043243 0.116871
vt 0.061958 0.104132
vt 0.029921 0.131283
vt 0.028226 0.130447
vt 0.024912 0.129859
vt 0.042221 0.116151
vt 0.059500 0.102590
vt 0.041451 0.115421
vt 0.059104 0.101669
vt 0.023817 0.129193
vt 0.022722 0.128527
vt 0.040715 0.114637
vt 0.058708 0.100747
vt 0.957924 0.453427
vt 0.942365 0.440805
vt 0.944195 0.438834
vt 0.960352 0.451906
vt 0.922827 0.429122
vt 0.924320 0.426794
vt 0.926641 0.424525
vt 0.945333 0.437936
vt 0.964025 0.451348
vt 0.019857 0.126033
vt 0.038382 0.111904
vt 0.039139 0.112777
vt 0.020764 0.126887
vt 0.056908 0.097775
vt 0.057514 0.098666
vt 0.058120 0.099557
vt 0.039896 0.113650
vt 0.021671 0.127742
vt 0.028875 0.196760
vt 0.027528 0.197608
vt 0.045888 0.211621
vt 0.044681 0.212988
vt 0.044052 0.213700
vt 0.026616 0.197966
vt 0.025481 0.198391
vt 0.014369 0.182411
vt 0.042674 0.214419
vt 0.034124 0.215209
vt 0.023543 0.198882
vt 0.012962 0.182554
vt 0.938009 0.526138
vt 0.956311 0.512693
vt 0.958160 0.514781
vt 0.940370 0.528862
vt 0.959887 0.515515
vt 0.948985 0.530544
vt 0.030597 0.218771
vt 0.020371 0.201430
vt 0.021962 0.200454
vt 0.038920 0.217492
vt 0.010931 0.183244
vt 0.011718 0.182398
vt 0.022070 0.199521
vt 0.032423 0.216645
vt 0.019820 0.144723
vt 0.017838 0.144276
vt 0.016371 0.144028
vt 0.015379 0.143638
vt 0.024026 0.128971
vt 0.006748 0.158320
vt 0.005810 0.158260
vt 0.014475 0.143171
vt 0.023140 0.128083
vt 0.968653 0.465743
vt 0.971386 0.464907
vt 0.973107 0.464648
vt 0.011481 0.142207
vt 0.012576 0.142486
vt 0.004251 0.158310
vt 0.020901 0.126662
vt 0.021945 0.127291
vt 0.013671 0.142765
vt 0.005397 0.158239
vt 0.673769 0.595393
vt 0.692803 0.593570
vt 0.692984 0.596564
vt 0.673826 0.598303
vt 0.715663 0.589136
vt 0.715570 0.592308
vt 0.709626 0.595550
vt 0.692584 0.597941
vt 0.675541 0.600331
vt 0.330474 0.269994
vt 0.310343 0.269745
vt 0.310416 0.268460
vt 0.330467 0.268725
vt 0.290211 0.269497
vt 0.290365 0.268195
vt 0.290518 0.266893
vt 0.310490 0.267175
vt 0.330461 0.267457
vt 0.283730 0.259760
vt 0.310286 0.260533
vt 0.310260 0.262337
vt 0.284176 0.261627
vt 0.332883 0.261340
vt 0.332600 0.263043
vt 0.330837 0.263630
vt 0.310641 0.263371
vt 0.290659 0.262813
vt 0.310710 0.264525
vt 0.290589 0.264167
vt 0.330831 0.264853
vt 0.330824 0.266076
vt 0.310671 0.265798
vt 0.290518 0.265521
vt 0.503538 0.386120
vt 0.479927 0.390357
vt 0.478370 0.381214
vt 0.501949 0.377253
vt 0.454711 0.394735
vt 0.453263 0.385478
vt 0.452678 0.380367
vt 0.477628 0.376165
vt 0.502578 0.371962
vt 0.425824 0.008754
vt 0.462935 0.004845
vt 0.463097 0.006476
vt 0.426126 0.010131
vt 0.500046 0.000936
vt 0.500066 0.004566
vt 0.500090 0.003832
vt 0.463259 0.007671
vt 0.426428 0.011509
vt 0.500028 0.013605
vt 0.463923 0.015442
vt 0.463740 0.013384
vt 0.500031 0.011437
vt 0.428365 0.021122
vt 0.427987 0.019010
vt 0.427110 0.015634
vt 0.463573 0.011836
vt 0.500035 0.008139
vt 0.463440 0.010485
vt 0.500079 0.006715
vt 0.426804 0.014286
vt 0.426498 0.012938
vt 0.463310 0.009114
vt 0.500122 0.005291
vt 0.870520 0.550966
vt 0.908525 0.539019
vt 0.910118 0.541940
vt 0.871719 0.553950
vt 0.911782 0.543105
vt 0.874579 0.555666
vt 0.105077 0.251894
vt 0.067837 0.235332
vt 0.069599 0.233890
vt 0.109264 0.248113
vt 0.069115 0.232992
vt 0.105806 0.249338
vt 0.074317 0.226667
vt 0.073267 0.228391
vt 0.112780 0.239883
vt 0.111739 0.241918
vt 0.106982 0.245413
vt 0.072384 0.229522
vt 0.071621 0.230523
vt 0.106627 0.246662
vt 0.106273 0.247910
vt 0.070198 0.231560
vt 0.726559 0.378515
vt 0.703340 0.374486
vt 0.703313 0.372031
vt 0.726390 0.375928
vt 0.685126 0.373208
vt 0.684825 0.370775
vt 0.683917 0.368384
vt 0.702685 0.370810
vt 0.721454 0.373236
vt 0.270598 0.056201
vt 0.291475 0.052698
vt 0.291173 0.053726
vt 0.265901 0.056813
vt 0.312353 0.049195
vt 0.312591 0.050282
vt 0.312829 0.051369
vt 0.291834 0.054843
vt 0.270838 0.058317
vt 0.314939 0.055558
vt 0.292529 0.060095
vt 0.292302 0.058620
vt 0.314504 0.054130
vt 0.266169 0.063215
vt 0.266363 0.061755
vt 0.271449 0.061439
vt 0.292562 0.057924
vt 0.313930 0.054735
vt 0.292489 0.057012
vt 0.313729 0.053675
vt 0.271253 0.060373
vt 0.271057 0.059308
vt 0.292293 0.055961
vt 0.313529 0.052614
vt 0.793762 0.393589
vt 0.757171 0.385278
vt 0.757410 0.382761
vt 0.794053 0.391045
vt 0.756732 0.381672
vt 0.792010 0.390108
vt 0.194017 0.059915
vt 0.232307 0.058058
vt 0.231803 0.059271
vt 0.192615 0.062750
vt 0.232573 0.060229
vt 0.194308 0.062140
vt 0.232573 0.065871
vt 0.232436 0.064353
vt 0.193482 0.069694
vt 0.193201 0.068142
vt 0.193057 0.067263
vt 0.232786 0.063524
vt 0.232837 0.062553
vt 0.271374 0.060395
vt 0.193066 0.066167
vt 0.194526 0.063245
vt 0.232913 0.061299
vt 0.271299 0.059352
vt 0.870158 0.410751
vt 0.833311 0.402194
vt 0.833975 0.399604
vt 0.871398 0.408188
vt 0.834547 0.398700
vt 0.877084 0.407291
vt 0.106132 0.076127
vt 0.150075 0.068021
vt 0.150696 0.069359
vt 0.111827 0.077944
vt 0.150554 0.070202
vt 0.106801 0.078265
vt 0.152407 0.076042
vt 0.152045 0.074496
vt 0.193201 0.068142
vt 0.114923 0.084489
vt 0.114451 0.082985
vt 0.114197 0.082164
vt 0.151857 0.073638
vt 0.193057 0.067263
vt 0.151857 0.073638
vt 0.151569 0.072681
vt 0.114197 0.082164
vt 0.113395 0.081243
vt 0.107221 0.079515
vt 0.150874 0.071380
vt 0.899529 0.419379
vt 0.900688 0.416931
vt 0.901863 0.415908
vt 0.081520 0.086951
vt 0.082453 0.088049
vt 0.057367 0.098752
vt 0.082313 0.088997
vt 0.057826 0.099729
vt 0.114923 0.084489
vt 0.085601 0.094326
vt 0.084959 0.092885
vt 0.114451 0.082985
vt 0.084437 0.092034
vt 0.083881 0.091191
vt 0.058930 0.101750
vt 0.058360 0.100910
vt 0.082791 0.090212
vt 0.785645 0.572076
vt 0.828142 0.561889
vt 0.828872 0.564832
vt 0.786028 0.575030
vt 0.829128 0.565962
vt 0.783677 0.576258
vt 0.206782 0.266875
vt 0.155929 0.259385
vt 0.156552 0.257810
vt 0.206897 0.265504
vt 0.156409 0.256736
vt 0.207012 0.264133
vt 0.158139 0.249429
vt 0.157687 0.251399
vt 0.205069 0.255384
vt 0.205041 0.257434
vt 0.207591 0.260251
vt 0.157301 0.252870
vt 0.157026 0.254137
vt 0.106614 0.246717
vt 0.207445 0.261528
vt 0.207299 0.262806
vt 0.156772 0.255413
vt 0.106245 0.248021
vt 0.747088 0.581580
vt 0.747441 0.584599
vt 0.746652 0.585904
vt 0.248496 0.268186
vt 0.248586 0.266846
vt 0.290210 0.268116
vt 0.206961 0.265576
vt 0.207141 0.264276
vt 0.248675 0.265505
vt 0.290209 0.266735
vt 0.248145 0.258432
vt 0.248165 0.260359
vt 0.248915 0.261630
vt 0.249053 0.262865
vt 0.207465 0.261591
vt 0.290641 0.264109
vt 0.290623 0.265405
vt 0.248981 0.264168
vt 0.207340 0.262931
vt 0.494131 0.651020
vt 0.525474 0.644006
vt 0.527570 0.651821
vt 0.495537 0.658941
vt 0.554416 0.633878
vt 0.557759 0.641877
vt 0.561447 0.646832
vt 0.529144 0.656131
vt 0.496841 0.665429
vt 0.500053 0.260699
vt 0.474097 0.265103
vt 0.474029 0.264240
vt 0.500005 0.259860
vt 0.448141 0.269506
vt 0.448053 0.268620
vt 0.447966 0.267734
vt 0.473961 0.263377
vt 0.499956 0.259021
vt 0.445639 0.261643
vt 0.473680 0.258882
vt 0.473741 0.260112
vt 0.445833 0.263053
vt 0.500039 0.257284
vt 0.500041 0.258293
vt 0.500049 0.256343
vt 0.473951 0.260685
vt 0.447923 0.264761
vt 0.474040 0.261431
vt 0.447939 0.265727
vt 0.500139 0.257115
vt 0.500229 0.257887
vt 0.474091 0.262290
vt 0.447954 0.266693
vt 0.004851 0.520715
vt 0.005942 0.533517
vt 0.003676 0.534280
vt 0.002047 0.520789
vt 0.013110 0.545177
vt 0.011328 0.546821
vt 0.006656 0.548623
vt 0.001919 0.534828
vt -0.002819 0.521033
vt 0.996895 0.158381
vt 0.993359 0.171233
vt 0.992213 0.171244
vt 0.995817 0.158455
vt 0.989823 0.184084
vt 0.988608 0.184032
vt 0.987393 0.183980
vt 0.991066 0.171255
vt 0.994739 0.158529
vt 0.980182 0.182875
vt 0.984954 0.170177
vt 0.986836 0.170290
vt 0.981768 0.183168
vt 0.985254 0.157763
vt 0.987587 0.157714
vt 0.992315 0.158381
vt 0.988230 0.170419
vt 0.984197 0.182249
vt 0.989267 0.170741
vt 0.985209 0.183051
vt 0.993305 0.158411
vt 0.994294 0.158441
vt 0.990258 0.171147
vt 0.986221 0.183854
vt 0.053269 0.471915
vt 0.032980 0.482533
vt 0.031867 0.479974
vt 0.052467 0.468256
vt 0.018175 0.494514
vt 0.016298 0.492969
vt 0.012217 0.491494
vt 0.030782 0.478226
vt 0.049347 0.464957
vt 0.943036 0.097743
vt 0.961592 0.111877
vt 0.960836 0.112751
vt 0.942431 0.098636
vt 0.980148 0.126010
vt 0.979240 0.126865
vt 0.978333 0.127720
vt 0.960079 0.113625
vt 0.941825 0.099529
vt 0.970071 0.131267
vt 0.955543 0.117978
vt 0.956731 0.116852
vt 0.971767 0.130430
vt 0.937022 0.105494
vt 0.937990 0.104123
vt 0.940448 0.102566
vt 0.957754 0.116130
vt 0.975090 0.129840
vt 0.958524 0.115398
vt 0.976186 0.129172
vt 0.940844 0.101643
vt 0.941239 0.100720
vt 0.959261 0.114613
vt 0.977282 0.128505
vt 0.027326 0.555254
vt 0.026333 0.557914
vt 0.048627 0.564273
vt 0.047849 0.568008
vt 0.044092 0.570782
vt 0.025374 0.559703
vt 0.979669 0.201467
vt 0.978074 0.200487
vt 0.989033 0.183241
vt 0.969516 0.218849
vt 0.961158 0.217532
vt 0.967693 0.216718
vt 0.977968 0.199558
vt 0.988243 0.182397
vt 0.954181 0.211644
vt 0.971167 0.196778
vt 0.972513 0.197627
vt 0.955388 0.213012
vt 0.973422 0.197986
vt 0.956017 0.213725
vt 0.974556 0.198413
vt 0.957399 0.214450
vt 0.985603 0.182393
vt 0.987009 0.182537
vt 0.976499 0.198910
vt 0.965988 0.215283
vt 0.008894 0.507468
vt 0.006535 0.506801
vt 0.004699 0.506264
vt 0.988522 0.142195
vt 0.987426 0.142475
vt 0.979104 0.126640
vt 0.995749 0.158310
vt 0.994603 0.158239
vt 0.986331 0.142754
vt 0.978059 0.127270
vt 0.980179 0.144713
vt 0.982162 0.144266
vt 0.983630 0.144018
vt 0.984622 0.143628
vt 0.993253 0.158320
vt 0.975977 0.128951
vt 0.976863 0.128062
vt 0.985527 0.143161
vt 0.994190 0.158260
vt 0.667026 0.261574
vt 0.689709 0.260777
vt 0.689736 0.262590
vt 0.667307 0.263293
vt 0.716321 0.259933
vt 0.715882 0.261803
vt 0.709433 0.262997
vt 0.689359 0.263636
vt 0.669073 0.263981
vt 0.689292 0.264796
vt 0.669077 0.265209
vt 0.709509 0.264353
vt 0.709584 0.265709
vt 0.689333 0.266074
vt 0.669081 0.266438
vt 0.571623 0.021351
vt 0.536122 0.015554
vt 0.536313 0.013498
vt 0.572010 0.019243
vt 0.536489 0.011950
vt 0.572945 0.015861
vt 0.536628 0.010600
vt 0.573256 0.014517
vt 0.499996 0.006715
vt 0.499957 0.005291
vt 0.536762 0.009232
vt 0.573567 0.013172
vt 0.429032 0.398880
vt 0.427649 0.389710
vt 0.403606 0.402761
vt 0.402157 0.393872
vt 0.400966 0.388952
vt 0.426822 0.384660
vt 0.537156 0.004953
vt 0.536951 0.006808
vt 0.574266 0.008969
vt 0.573202 0.012610
vt 0.573721 0.011715
vt 0.536906 0.007774
vt 0.887244 0.239826
vt 0.925734 0.226650
vt 0.926784 0.228374
vt 0.888284 0.241857
vt 0.927665 0.229502
vt 0.893013 0.245314
vt 0.928428 0.230504
vt 0.893367 0.246562
vt 0.929855 0.231547
vt 0.893721 0.247810
vt 0.076536 0.572871
vt 0.076165 0.577394
vt 0.109458 0.581162
vt 0.109064 0.586303
vt 0.107309 0.589688
vt 0.075701 0.580235
vt 0.932220 0.235320
vt 0.930457 0.233877
vt 0.894923 0.251791
vt 0.890761 0.248047
vt 0.894192 0.249236
vt 0.930943 0.232977
vt 0.733905 0.063469
vt 0.707394 0.060271
vt 0.707625 0.058789
vt 0.733728 0.062000
vt 0.684801 0.055726
vt 0.685225 0.054291
vt 0.685696 0.054805
vt 0.707368 0.058082
vt 0.728791 0.061685
vt 0.707438 0.057161
vt 0.728983 0.060617
vt 0.685889 0.053729
vt 0.686083 0.052653
vt 0.707629 0.056101
vt 0.729175 0.059549
vt 0.806470 0.070009
vt 0.767477 0.066188
vt 0.767619 0.064664
vt 0.806748 0.068454
vt 0.767284 0.063832
vt 0.806890 0.067574
vt 0.767238 0.062862
vt 0.806874 0.066483
vt 0.728878 0.060643
vt 0.728966 0.059600
vt 0.767159 0.061617
vt 0.805352 0.063635
vt 0.239083 0.427988
vt 0.209659 0.433526
vt 0.209683 0.427062
vt 0.240429 0.421113
vt 0.176742 0.440141
vt 0.176374 0.434025
vt 0.176656 0.430058
vt 0.210071 0.423151
vt 0.243486 0.416244
vt 0.729666 0.056432
vt 0.767762 0.058373
vt 0.767790 0.059629
vt 0.729547 0.057501
vt 0.805857 0.060313
vt 0.807314 0.063078
vt 0.805567 0.062537
vt 0.767497 0.060554
vt 0.729427 0.058571
vt 0.884981 0.084594
vt 0.847497 0.076265
vt 0.847854 0.074718
vt 0.885449 0.083089
vt 0.806470 0.070009
vt 0.806748 0.068454
vt 0.848040 0.073858
vt 0.885701 0.082267
vt 0.848040 0.073858
vt 0.848323 0.072902
vt 0.886499 0.081341
vt 0.849007 0.071605
vt 0.892661 0.079575
vt 0.142298 0.447261
vt 0.141858 0.441585
vt 0.108862 0.454783
vt 0.108385 0.449630
vt 0.106346 0.446100
vt 0.141501 0.438079
vt 0.849799 0.068248
vt 0.849186 0.069583
vt 0.893740 0.076182
vt 0.888058 0.078036
vt 0.893077 0.078323
vt 0.849322 0.070430
vt 0.914321 0.094354
vt 0.914962 0.092912
vt 0.884980 0.084594
vt 0.885449 0.083089
vt 0.915482 0.092059
vt 0.916036 0.091213
vt 0.941017 0.101724
vt 0.917124 0.090229
vt 0.941587 0.100883
vt 0.078803 0.462824
vt 0.078381 0.458366
vt 0.077847 0.455529
vt 0.918388 0.086963
vt 0.917458 0.088066
vt 0.942578 0.098722
vt 0.942120 0.099701
vt 0.917599 0.089012
vt 0.794983 0.255388
vt 0.841890 0.249380
vt 0.842344 0.251348
vt 0.795014 0.257436
vt 0.842728 0.252813
vt 0.792472 0.260234
vt 0.843004 0.254078
vt 0.792620 0.261511
vt 0.893382 0.246617
vt 0.893751 0.247919
vt 0.843260 0.255354
vt 0.792769 0.262788
vt 0.145325 0.589112
vt 0.144999 0.594744
vt 0.181282 0.596619
vt 0.181135 0.602720
vt 0.182134 0.606641
vt 0.144722 0.598165
vt 0.844108 0.259323
vt 0.843486 0.257752
vt 0.793292 0.266854
vt 0.793174 0.265484
vt 0.793057 0.264114
vt 0.843625 0.256675
vt 0.751921 0.258516
vt 0.751906 0.260444
vt 0.751162 0.261714
vt 0.751028 0.262949
vt 0.709456 0.264295
vt 0.792600 0.261574
vt 0.792728 0.262914
vt 0.751104 0.264254
vt 0.709480 0.265594
vt 0.214546 0.603513
vt 0.214834 0.610057
vt 0.243393 0.609423
vt 0.245143 0.616551
vt 0.248693 0.621381
vt 0.215414 0.614011
vt 0.751598 0.268261
vt 0.751505 0.266920
vt 0.793110 0.265556
vt 0.709905 0.269668
vt 0.709901 0.268284
vt 0.709896 0.266901
vt 0.751412 0.265579
vt 0.792929 0.264257
vt 0.526382 0.258836
vt 0.526324 0.260064
vt 0.554359 0.261559
vt 0.554169 0.262966
vt 0.552124 0.264661
vt 0.526121 0.260635
vt 0.526034 0.261379
vt 0.499960 0.257115
vt 0.552110 0.265624
vt 0.552096 0.266587
vt 0.525984 0.262237
vt 0.499872 0.257888
vt 0.429059 0.652206
vt 0.461606 0.653699
vt 0.462420 0.661488
vt 0.429256 0.660080
vt 0.462795 0.665820
vt 0.428748 0.666211
vt 0.551914 0.269396
vt 0.525984 0.265047
vt 0.526221 0.264072
vt 0.553876 0.267551
vt 0.500099 0.259860
vt 0.500146 0.259021
vt 0.526074 0.263279
vt 0.552003 0.267537
vt 0.394199 0.030227
vt 0.393685 0.028389
vt 0.363447 0.040332
vt 0.362663 0.038737
vt 0.358868 0.039083
vt 0.393040 0.027244
vt 0.392636 0.026076
vt 0.426863 0.014280
vt 0.358418 0.037901
vt 0.357969 0.036718
vt 0.392293 0.024822
vt 0.426617 0.012926
vt 0.384678 0.263260
vt 0.415101 0.263153
vt 0.415068 0.264605
vt 0.384401 0.264836
vt 0.415060 0.265553
vt 0.382165 0.266183
vt 0.415087 0.266482
vt 0.382115 0.267244
vt 0.448057 0.265696
vt 0.448191 0.266630
vt 0.415128 0.267467
vt 0.382066 0.268305
vt 0.636292 0.040706
vt 0.605668 0.030569
vt 0.606182 0.028739
vt 0.637069 0.039127
vt 0.606828 0.027607
vt 0.640813 0.039587
vt 0.607233 0.026444
vt 0.641260 0.038407
vt 0.573196 0.014511
vt 0.573448 0.013160
vt 0.607577 0.025193
vt 0.641707 0.037226
vt 0.379115 0.406459
vt 0.377327 0.398012
vt 0.356516 0.410132
vt 0.353635 0.402242
vt 0.350605 0.397797
vt 0.375785 0.393375
vt 0.608486 0.021202
vt 0.608027 0.022710
vt 0.642707 0.033434
vt 0.642219 0.034625
vt 0.641731 0.035817
vt 0.607726 0.023766
vt 0.337612 0.048976
vt 0.337070 0.047410
vt 0.336448 0.046724
vt 0.336059 0.045770
vt 0.358544 0.037881
vt 0.313582 0.053685
vt 0.313234 0.052636
vt 0.335727 0.044657
vt 0.358219 0.036679
vt 0.357193 0.262428
vt 0.356994 0.264075
vt 0.356587 0.265031
vt 0.356452 0.266066
vt 0.330735 0.264904
vt 0.382169 0.267202
vt 0.382172 0.268220
vt 0.356403 0.267199
vt 0.330633 0.266179
vt 0.584783 0.263057
vt 0.584812 0.264503
vt 0.615122 0.263219
vt 0.615387 0.264788
vt 0.617534 0.266058
vt 0.584814 0.265442
vt 0.584784 0.266366
vt 0.551992 0.265593
vt 0.617578 0.267116
vt 0.617622 0.268174
vt 0.584741 0.267349
vt 0.551860 0.266524
vt 0.369107 0.640270
vt 0.397714 0.647242
vt 0.397100 0.654866
vt 0.366924 0.647553
vt 0.396111 0.659045
vt 0.363474 0.651879
vt 0.617675 0.271539
vt 0.584795 0.270468
vt 0.584983 0.269384
vt 0.617625 0.270484
vt 0.584789 0.268483
vt 0.617574 0.269430
vt 0.642630 0.262534
vt 0.642823 0.264184
vt 0.643219 0.265144
vt 0.643349 0.266181
vt 0.617525 0.267074
vt 0.669172 0.265261
vt 0.669272 0.266542
vt 0.643394 0.267316
vt 0.617516 0.268089
vt 0.662068 0.049251
vt 0.662602 0.047691
vt 0.663209 0.047008
vt 0.663595 0.046051
vt 0.686048 0.053741
vt 0.641135 0.038388
vt 0.641456 0.037188
vt 0.663928 0.044932
vt 0.686400 0.052676
vt 0.499947 0.257317
vt 0.526079 0.261606
vt 0.526060 0.262827
vt 0.499949 0.258509
vt 0.552210 0.265896
vt 0.552171 0.267144
vt 0.552132 0.268392
vt 0.526041 0.264047
vt 0.499950 0.259702
vt 0.554359 0.261559
vt 0.526382 0.258836
vt 0.526519 0.254672
vt 0.554577 0.257248
vt 0.500037 0.253179
vt 0.500030 0.237486
vt 0.527406 0.238735
vt 0.500153 0.259702
vt 0.474037 0.264103
vt 0.474016 0.262881
vt 0.500153 0.258509
vt 0.447921 0.268504
vt 0.447880 0.267252
vt 0.447839 0.266000
vt 0.473996 0.261658
vt 0.500152 0.257317
vt 0.472641 0.238769
vt 0.473539 0.254714
vt 0.445420 0.257325
vt 0.500037 0.253179
vt 0.473680 0.258882
vt 0.445639 0.261643
vt 0.456797 0.612560
vt 0.459892 0.638397
vt 0.428160 0.637057
vt 0.487529 0.609845
vt 0.491630 0.635722
vt 0.494131 0.651020
vt 0.461606 0.653699
vt 0.429059 0.652206
vt 0.525474 0.644006
vt 0.522133 0.628814
vt 0.550039 0.618818
vt 0.491630 0.635722
vt 0.551862 0.265775
vt 0.584702 0.266581
vt 0.584706 0.267937
vt 0.551826 0.267022
vt 0.617543 0.267386
vt 0.617586 0.268851
vt 0.617630 0.270316
vt 0.584710 0.269293
vt 0.551790 0.268270
vt 0.615122 0.263219
vt 0.584783 0.263057
vt 0.584984 0.258558
vt 0.615257 0.258527
vt 0.586764 0.241851
vt 0.396767 0.607648
vt 0.397753 0.632441
vt 0.370407 0.626026
vt 0.397714 0.647242
vt 0.369107 0.640270
vt 0.716321 0.259933
vt 0.689709 0.260777
vt 0.689774 0.255697
vt 0.716359 0.254805
vt 0.667026 0.261574
vt 0.667083 0.256580
vt 0.668859 0.239766
vt 0.691716 0.238937
vt 0.669173 0.265389
vt 0.689290 0.265030
vt 0.689409 0.266747
vt 0.669278 0.267090
vt 0.709407 0.264671
vt 0.709541 0.266405
vt 0.709676 0.268138
vt 0.689529 0.268464
vt 0.669382 0.268791
vt 0.709620 0.264464
vt 0.751087 0.263177
vt 0.751269 0.264910
vt 0.709758 0.266199
vt 0.792555 0.261891
vt 0.792780 0.263621
vt 0.793004 0.265352
vt 0.751450 0.266643
vt 0.709895 0.267934
vt 0.751921 0.258516
vt 0.751831 0.253378
vt 0.794646 0.250304
vt 0.753278 0.236886
vt 0.181533 0.568859
vt 0.214067 0.573527
vt 0.214350 0.591870
vt 0.181507 0.585800
vt 0.241568 0.577491
vt 0.242303 0.597020
vt 0.243393 0.609423
vt 0.214546 0.603513
vt 0.181282 0.596619
vt 0.792744 0.261685
vt 0.843119 0.254298
vt 0.843484 0.256011
vt 0.792969 0.263416
vt 0.893494 0.246912
vt 0.893999 0.248606
vt 0.894504 0.250301
vt 0.843849 0.257724
vt 0.793195 0.265147
vt 0.146090 0.563762
vt 0.145762 0.579178
vt 0.110082 0.572204
vt 0.145325 0.589113
vt 0.109458 0.581162
vt 0.887244 0.239826
vt 0.841890 0.249380
vt 0.841178 0.244449
vt 0.885989 0.235173
vt 0.840546 0.229299
vt 0.884048 0.221460
vt 0.048627 0.564273
vt 0.029398 0.550687
vt 0.050000 0.557873
vt 0.016371 0.542567
vt 0.051668 0.547923
vt 0.989354 0.182289
vt 0.978882 0.199937
vt 0.976699 0.198964
vt 0.987914 0.181893
vt 0.968409 0.217586
vt 0.959700 0.215834
vt 0.965450 0.214584
vt 0.975962 0.198040
vt 0.986474 0.181497
vt 0.893384 0.246776
vt 0.929417 0.230680
vt 0.929687 0.232252
vt 0.893890 0.248470
vt 0.959700 0.215834
vt 0.931403 0.233875
vt 0.894396 0.250164
vt 0.077457 0.565042
vt 0.076536 0.572871
vt 0.048627 0.564273
vt 0.954181 0.211644
vt 0.925734 0.226650
vt 0.923801 0.222450
vt 0.951773 0.208223
vt 0.920649 0.210759
vt 0.968676 0.194588
vt 0.951773 0.208223
vt 0.977352 0.182099
vt 0.941388 0.101621
vt 0.916914 0.090971
vt 0.916958 0.089670
vt 0.942082 0.100306
vt 0.892440 0.080320
vt 0.887581 0.079664
vt 0.893352 0.077434
vt 0.918064 0.088212
vt 0.942777 0.098990
vt 0.884981 0.084594
vt 0.914322 0.094354
vt 0.913267 0.098057
vt 0.884060 0.088632
vt 0.937023 0.105494
vt 0.935743 0.108741
vt 0.912187 0.108875
vt 0.942117 0.098666
vt 0.960719 0.112956
vt 0.959717 0.114101
vt 0.941413 0.099980
vt 0.979321 0.127247
vt 0.978021 0.128221
vt 0.976720 0.129195
vt 0.958715 0.115245
vt 0.940709 0.101294
vt 0.953741 0.120562
vt 0.967238 0.132789
vt 0.935065 0.117794
vt 0.935743 0.108741
vt 0.080391 0.482625
vt 0.079625 0.470602
vt 0.109603 0.463728
vt 0.054408 0.478219
vt 0.053269 0.471916
vt 0.078803 0.462824
vt 0.108862 0.454783
vt 0.018175 0.494514
vt 0.032980 0.482533
vt 0.034832 0.486949
vt 0.021313 0.496849
vt 0.053269 0.471916
vt 0.054408 0.478219
vt 0.036207 0.494280
vt 0.848838 0.072429
vt 0.848639 0.071073
vt 0.805236 0.064537
vt 0.805445 0.063112
vt 0.805654 0.061688
vt 0.849503 0.069561
vt 0.143064 0.457193
vt 0.177450 0.450934
vt 0.142298 0.447261
vt 0.847497 0.076265
vt 0.846749 0.080528
vt 0.805881 0.074395
vt 0.845347 0.094094
vt 0.804742 0.088864
vt 0.805292 0.064419
vt 0.767111 0.062444
vt 0.767338 0.061047
vt 0.805500 0.062994
vt 0.728930 0.060470
vt 0.729175 0.059101
vt 0.729419 0.057732
vt 0.767564 0.059650
vt 0.805709 0.061569
vt 0.210016 0.445079
vt 0.238564 0.440192
vt 0.209660 0.433526
vt 0.239083 0.427988
vt 0.733905 0.063469
vt 0.767477 0.066188
vt 0.766956 0.070615
vt 0.733362 0.067923
vt 0.766068 0.085615
vt 0.732595 0.083301
vt 0.729032 0.060352
vt 0.707554 0.056910
vt 0.707862 0.055363
vt 0.729276 0.058982
vt 0.686076 0.053469
vt 0.686225 0.050802
vt 0.686935 0.050488
vt 0.708227 0.054050
vt 0.729519 0.057612
vt 0.684801 0.055726
vt 0.707394 0.060271
vt 0.706763 0.064806
vt 0.684047 0.060414
vt 0.705923 0.080659
vt 0.663650 0.045795
vt 0.663757 0.044004
vt 0.641224 0.038122
vt 0.638471 0.035309
vt 0.642203 0.034888
vt 0.664569 0.042688
vt 0.636292 0.040706
vt 0.661200 0.054172
vt 0.635378 0.045939
vt 0.659759 0.071730
vt 0.454711 0.394735
vt 0.479927 0.390357
vt 0.482773 0.407514
vt 0.457369 0.412077
vt 0.503538 0.386120
vt 0.506524 0.402818
vt 0.511433 0.430113
vt 0.487429 0.435535
vt 0.461641 0.440392
vt 0.426173 0.010394
vt 0.463090 0.006529
vt 0.463320 0.008811
vt 0.427186 0.014437
vt 0.500006 0.002664
vt 0.500012 0.006702
vt 0.500000 0.006429
vt 0.463410 0.010213
vt 0.426820 0.013998
vt 0.573241 0.014229
vt 0.536621 0.010329
vt 0.536715 0.008923
vt 0.572820 0.014670
vt 0.500012 0.006702
vt 0.536958 0.006635
vt 0.573909 0.010605
vt 0.435243 0.444104
vt 0.431465 0.416049
vt 0.457369 0.412077
vt 0.405870 0.419426
vt 0.403606 0.402761
vt 0.429032 0.398880
vt 0.454711 0.394735
vt 0.536122 0.015554
vt 0.535768 0.021701
vt 0.500022 0.019821
vt 0.570975 0.027289
vt 0.464962 0.044407
vt 0.464265 0.021595
vt 0.500022 0.019821
vt 0.430292 0.049002
vt 0.429005 0.027071
vt 0.428365 0.021122
vt 0.463923 0.015442
vt 0.607233 0.026175
vt 0.607245 0.024567
vt 0.608056 0.022747
vt 0.381402 0.422355
vt 0.359269 0.425117
vt 0.356516 0.410132
vt 0.379115 0.406459
vt 0.605668 0.030569
vt 0.604826 0.036172
vt 0.603189 0.056634
vt 0.617580 0.267219
vt 0.643345 0.266400
vt 0.643419 0.267983
vt 0.617625 0.268684
vt 0.669111 0.265581
vt 0.669213 0.267282
vt 0.669314 0.268982
vt 0.643492 0.269566
vt 0.617670 0.270150
vt 0.642630 0.262534
vt 0.642710 0.257672
vt 0.644437 0.240810
vt 0.978663 0.126421
vt 0.986989 0.142270
vt 0.985822 0.142747
vt 0.977359 0.127365
vt 0.995315 0.158120
vt 0.994285 0.158130
vt 0.993255 0.158141
vt 0.984655 0.143225
vt 0.976054 0.128308
vt 0.004851 0.520715
vt 0.008894 0.507468
vt 0.013441 0.508226
vt 0.010004 0.520464
vt 0.021687 0.508026
vt 0.972641 0.158141
vt 0.968525 0.144643
vt 0.976224 0.145331
vt 0.980942 0.157972
vt 0.005942 0.533517
vt 0.010512 0.532327
vt 0.018922 0.531493
vt 0.995580 0.158633
vt 0.991919 0.171749
vt 0.990708 0.171577
vt 0.994551 0.158623
vt 0.988258 0.184866
vt 0.986865 0.184531
vt 0.985472 0.184196
vt 0.989496 0.171405
vt 0.993521 0.158613
vt 0.981235 0.170170
vt 0.448264 0.268381
vt 0.415154 0.269426
vt 0.415161 0.268062
vt 0.448226 0.267130
vt 0.382044 0.270472
vt 0.382097 0.268994
vt 0.382149 0.267516
vt 0.415169 0.266697
vt 0.448189 0.265878
vt 0.414907 0.258647
vt 0.384557 0.258565
vt 0.415101 0.263153
vt 0.384678 0.263260
vt 0.715664 0.589136
vt 0.692474 0.585694
vt 0.715000 0.581259
vt 0.673937 0.587694
vt 0.693649 0.565303
vt 0.330519 0.268410
vt 0.310476 0.268190
vt 0.310594 0.266474
vt 0.330626 0.266721
vt 0.290434 0.267970
vt 0.290563 0.266227
vt 0.290692 0.264485
vt 0.310713 0.264758
vt 0.330734 0.265032
vt 0.290214 0.267766
vt 0.248641 0.266569
vt 0.248818 0.264831
vt 0.290346 0.266022
vt 0.207067 0.265372
vt 0.207289 0.263640
vt 0.207511 0.261908
vt 0.248995 0.263093
vt 0.290478 0.264278
vt 0.785645 0.572076
vt 0.747088 0.581580
vt 0.746213 0.573885
vt 0.784577 0.564645
vt 0.746575 0.555201
vt 0.248227 0.253298
vt 0.205400 0.250300
vt 0.283684 0.254641
vt 0.283730 0.259760
vt 0.248145 0.258432
vt 0.205069 0.255384
vt 0.308276 0.238749
vt 0.310219 0.255466
vt 0.332832 0.256361
vt 0.332883 0.261340
vt 0.310286 0.260533
vt 0.206875 0.265167
vt 0.156186 0.257785
vt 0.156549 0.256071
vt 0.207099 0.263435
vt 0.105496 0.250403
vt 0.105999 0.248708
vt 0.106502 0.247012
vt 0.156912 0.254357
vt 0.207322 0.261703
vt 0.158847 0.244495
vt 0.114030 0.235227
vt 0.158139 0.249429
vt 0.870520 0.550966
vt 0.828142 0.561889
vt 0.826775 0.554702
vt 0.868586 0.544001
vt 0.825793 0.538956
vt 0.866555 0.529844
vt 0.028875 0.196760
vt 0.031365 0.194573
vt 0.048292 0.208203
vt 0.019821 0.182878
vt 0.022654 0.182103
vt 0.034629 0.188309
vt 0.051955 0.198990
vt 0.013500 0.181506
vt 0.024083 0.198010
vt 0.023341 0.198933
vt 0.012058 0.181897
vt 0.034666 0.214514
vt 0.040379 0.215796
vt 0.031706 0.217511
vt 0.021160 0.199900
vt 0.010615 0.182288
vt 0.105604 0.250267
vt 0.068655 0.233889
vt 0.070366 0.232271
vt 0.106108 0.248572
vt 0.040379 0.215796
vt 0.070639 0.230695
vt 0.106613 0.246877
vt 0.051955 0.198990
vt 0.079388 0.210773
vt 0.076245 0.222467
vt 0.048292 0.208203
vt 0.074317 0.226667
vt 0.045888 0.211621
vt 0.938009 0.526138
vt 0.908525 0.539019
vt 0.905740 0.532346
vt 0.934662 0.520178
vt 0.902361 0.519955
vt 0.949184 0.500913
vt 0.953046 0.508196
vt 0.934662 0.520178
vt 0.963074 0.497255
vt 0.057168 0.099020
vt 0.081846 0.088199
vt 0.082956 0.089651
vt 0.057864 0.100334
vt 0.106524 0.077377
vt 0.112307 0.079571
vt 0.107444 0.080258
vt 0.083002 0.090953
vt 0.058560 0.101648
vt 0.870158 0.410751
vt 0.899529 0.419379
vt 0.897615 0.425086
vt 0.868647 0.416941
vt 0.922827 0.429123
vt 0.920356 0.434180
vt 0.918768 0.443895
vt 0.895990 0.436517
vt 0.866936 0.429830
vt 0.059238 0.101320
vt 0.041261 0.115268
vt 0.040258 0.114125
vt 0.058533 0.100008
vt 0.023283 0.129216
vt 0.021984 0.128242
vt 0.020684 0.127269
vt 0.039256 0.112982
vt 0.057827 0.098696
vt 0.939105 0.445026
vt 0.953469 0.456282
vt 0.920356 0.434180
vt 0.086662 0.098026
vt 0.115852 0.088528
vt 0.064209 0.108745
vt 0.085601 0.094326
vt 0.044431 0.117996
vt 0.046234 0.120577
vt 0.032754 0.132804
vt 0.062927 0.105500
vt 0.064209 0.108745
vt 0.064896 0.117794
vt 0.047072 0.127318
vt 0.150368 0.069335
vt 0.151237 0.070846
vt 0.194211 0.061294
vt 0.194425 0.062723
vt 0.194639 0.064153
vt 0.151042 0.072205
vt 0.195226 0.088600
vt 0.154585 0.093910
vt 0.153164 0.080311
vt 0.194078 0.074085
vt 0.793762 0.393589
vt 0.833311 0.402194
vt 0.832084 0.408612
vt 0.792751 0.400081
vt 0.830507 0.422782
vt 0.194181 0.061169
vt 0.232525 0.059322
vt 0.232752 0.060721
vt 0.194394 0.062598
vt 0.270870 0.057476
vt 0.271110 0.058843
vt 0.271349 0.060210
vt 0.232978 0.062119
vt 0.194607 0.064028
vt 0.233971 0.085333
vt 0.233091 0.070293
vt 0.266702 0.067657
vt 0.232573 0.065871
vt 0.726559 0.378515
vt 0.757171 0.385278
vt 0.756362 0.391811
vt 0.726001 0.385085
vt 0.755433 0.408290
vt 0.270704 0.057374
vt 0.291706 0.053908
vt 0.292078 0.055209
vt 0.270942 0.058742
vt 0.312708 0.050442
vt 0.313505 0.050661
vt 0.313575 0.053419
vt 0.292378 0.056764
vt 0.271180 0.060110
vt 0.293156 0.064623
vt 0.315699 0.060252
vt 0.292529 0.060095
vt 0.314939 0.055558
vt 0.685126 0.373208
vt 0.703340 0.374486
vt 0.703127 0.381074
vt 0.685350 0.379684
vt 0.702985 0.399020
vt 0.685468 0.397732
vt 0.335084 0.042394
vt 0.335915 0.043720
vt 0.357460 0.034346
vt 0.361252 0.034893
vt 0.358454 0.037616
vt 0.336015 0.045517
vt 0.366102 0.064525
vt 0.339983 0.071513
vt 0.338492 0.053911
vt 0.364372 0.045581
vt 0.337612 0.048976
vt 0.363447 0.040332
vt 0.391816 0.022370
vt 0.392625 0.024204
vt 0.392637 0.025807
vt 0.396698 0.056360
vt 0.395042 0.035844
vt 0.394199 0.030227
vt 0.382005 0.270304
vt 0.356295 0.269452
vt 0.356375 0.267869
vt 0.382059 0.268825
vt 0.330585 0.268601
vt 0.330691 0.266912
vt 0.330796 0.265224
vt 0.356454 0.266285
vt 0.382113 0.267346
vt 0.357126 0.257573
vt 0.023949 0.128329
vt 0.015347 0.143235
vt 0.014180 0.142758
vt 0.022645 0.127386
vt 0.006745 0.158141
vt 0.005716 0.158130
vt 0.004686 0.158120
vt 0.013013 0.142282
vt 0.021341 0.126444
vt 0.014742 0.157770
vt 0.019820 0.144723
vt 0.023774 0.145341
vt 0.019056 0.157978
vt 0.953479 0.467222
vt 0.962959 0.467165
vt 0.967812 0.477488
vt 0.018759 0.170179
vt 0.006479 0.158613
vt 0.010489 0.171414
vt 0.009277 0.171584
vt 0.005449 0.158623
vt 0.014499 0.184216
vt 0.013105 0.184545
vt 0.011711 0.184874
vt 0.008065 0.171754
vt 0.004420 0.158633
vt 0.959400 0.487345
vt 0.967793 0.487285
vt 0.639138 0.594980
vt 0.637215 0.597507
vt 0.630987 0.596987
vt 0.632502 0.594654
vt 0.628609 0.598265
vt 0.628666 0.597902
vt 0.628723 0.597538
vt 0.630073 0.596677
vt 0.631304 0.596035
vt 0.630029 0.596200
vt 0.630668 0.595543
vt 0.629378 0.596295
vt 0.630073 0.596677
vt 0.630033 0.595051
vt 0.539825 0.380306
vt 0.537984 0.372416
vt 0.545954 0.372902
vt 0.549285 0.379330
vt 0.540896 0.367168
vt 0.548058 0.370903
vt 0.537984 0.372416
vt 0.555220 0.374638
vt 0.549285 0.379330
vt 0.648740 0.376060
vt 0.649756 0.375068
vt 0.650217 0.375510
vt 0.649610 0.376500
vt 0.650772 0.374075
vt 0.650871 0.374936
vt 0.650854 0.374761
vt 0.650667 0.375850
vt 0.650480 0.376939
vt 0.657119 0.373944
vt 0.653319 0.374943
vt 0.652084 0.374933
vt 0.658677 0.375789
vt 0.654052 0.376567
vt 0.652922 0.375459
vt 0.652084 0.374933
vt 0.654052 0.376567
vt 0.652084 0.374933
vt 0.651629 0.375296
vt 0.652413 0.376044
vt 0.651904 0.376630
vt 0.651379 0.375695
vt 0.304440 0.632833
vt 0.288877 0.624887
vt 0.296514 0.624981
vt 0.303776 0.628069
vt 0.282461 0.616729
vt 0.291193 0.618030
vt 0.295596 0.621921
vt 0.298703 0.624065
vt 0.302686 0.626709
vt 0.299391 0.622583
vt 0.301397 0.622931
vt 0.297852 0.620537
vt 0.298703 0.624065
vt 0.300108 0.619154
vt 0.297852 0.620537
vt 0.280527 0.421908
vt 0.286236 0.414501
vt 0.295041 0.414468
vt 0.290317 0.420903
vt 0.300797 0.408188
vt 0.301709 0.412138
vt 0.301998 0.412567
vt 0.298179 0.415116
vt 0.295693 0.417054
vt 0.299352 0.416408
vt 0.298190 0.418298
vt 0.301342 0.416055
vt 0.298179 0.415116
vt 0.300686 0.419543
vt 0.301342 0.416055
vt 0.327364 0.626221
vt 0.320455 0.632151
vt 0.311430 0.627210
vt 0.317511 0.621530
vt 0.307646 0.624120
vt 0.312607 0.621530
vt 0.302182 0.617952
vt 0.302434 0.622331
vt 0.301347 0.621811
vt 0.300677 0.619362
vt 0.302686 0.626709
vt 0.300929 0.623741
vt 0.299172 0.620772
vt 0.300677 0.619362
vt 0.315803 0.410736
vt 0.308915 0.413877
vt 0.322709 0.417446
vt 0.314824 0.420251
vt 0.311055 0.419221
vt 0.306526 0.415894
vt 0.301998 0.412567
vt 0.301931 0.416730
vt 0.300996 0.416989
vt 0.300561 0.415038
vt 0.301865 0.420893
vt 0.300494 0.419200
vt 0.299124 0.417508
vt 0.300494 0.419200
vt 0.619483 0.624031
vt 0.605508 0.619686
vt 0.616440 0.610738
vt 0.623893 0.615323
vt 0.598369 0.611337
vt 0.609647 0.602935
vt 0.616837 0.599869
vt 0.622571 0.603242
vt 0.628304 0.606615
vt 0.628723 0.597538
vt 0.627028 0.597078
vt 0.627120 0.596473
vt 0.628014 0.596400
vt 0.625334 0.596618
vt 0.626319 0.595940
vt 0.627028 0.597078
vt 0.627304 0.595262
vt 0.333429 0.522457
vt 0.334039 0.559650
vt 0.324803 0.556852
vt 0.324587 0.521307
vt 0.333554 0.591307
vt 0.323998 0.587564
vt 0.318508 0.589478
vt 0.318794 0.555025
vt 0.319081 0.520573
vt 0.300989 0.520085
vt 0.300696 0.553126
vt 0.298687 0.555172
vt 0.299145 0.520032
vt 0.300403 0.586167
vt 0.298228 0.590313
vt 0.296054 0.594458
vt 0.296678 0.557218
vt 0.297302 0.519978
vt 0.277016 0.582549
vt 0.276208 0.553217
vt 0.285095 0.554161
vt 0.285784 0.584274
vt 0.275900 0.519061
vt 0.285016 0.519356
vt 0.291258 0.519694
vt 0.290678 0.555193
vt 0.290863 0.591219
vt 0.295102 0.555548
vt 0.294894 0.591254
vt 0.295390 0.519867
vt 0.299522 0.520041
vt 0.299223 0.555665
vt 0.298924 0.591289
vt 0.330169 0.453187
vt 0.332166 0.485134
vt 0.323635 0.485709
vt 0.321902 0.454855
vt 0.318072 0.486122
vt 0.317062 0.451672
vt 0.300671 0.453383
vt 0.300830 0.486734
vt 0.298877 0.484504
vt 0.298649 0.449065
vt 0.299104 0.519942
vt 0.297220 0.519800
vt 0.296924 0.482274
vt 0.296628 0.444748
vt 0.275729 0.484884
vt 0.285031 0.484502
vt 0.276073 0.455563
vt 0.285607 0.454349
vt 0.291463 0.447858
vt 0.290858 0.483954
vt 0.295299 0.483927
vt 0.295285 0.519894
vt 0.295416 0.447951
vt 0.299369 0.448044
vt 0.299340 0.484070
vt 0.299312 0.520095
vt 0.659643 0.398878
vt 0.657594 0.433588
vt 0.652396 0.433520
vt 0.655033 0.398185
vt 0.653515 0.480024
vt 0.647718 0.480105
vt 0.646039 0.480099
vt 0.651016 0.432389
vt 0.655475 0.385809
vt 0.649866 0.431957
vt 0.654143 0.385607
vt 0.644856 0.479858
vt 0.644390 0.477778
vt 0.648601 0.431591
vt 0.652811 0.385404
vt 0.565380 0.497936
vt 0.556125 0.456826
vt 0.566713 0.453565
vt 0.575967 0.492945
vt 0.548491 0.421149
vt 0.558901 0.418983
vt 0.564941 0.412721
vt 0.573911 0.451159
vt 0.582881 0.489597
vt 0.640413 0.477948
vt 0.645056 0.431962
vt 0.646302 0.432049
vt 0.641006 0.479962
vt 0.649699 0.385976
vt 0.650986 0.385693
vt 0.652273 0.385410
vt 0.647701 0.431746
vt 0.643128 0.478082
vt 0.647980 0.528855
vt 0.641743 0.529215
vt 0.643034 0.567863
vt 0.636440 0.569109
vt 0.632936 0.583210
vt 0.639798 0.530507
vt 0.638393 0.530757
vt 0.631203 0.583203
vt 0.629470 0.583196
vt 0.636930 0.530487
vt 0.584210 0.572609
vt 0.575136 0.538385
vt 0.585804 0.531770
vt 0.595080 0.565161
vt 0.593033 0.527119
vt 0.603185 0.564641
vt 0.625506 0.583961
vt 0.632960 0.530955
vt 0.634333 0.531381
vt 0.627048 0.584358
vt 0.635859 0.531418
vt 0.628589 0.584754
vt 0.331446 0.613263
vt 0.321598 0.608588
vt 0.315557 0.605504
vt 0.301292 0.602060
vt 0.299524 0.605008
vt 0.298105 0.589719
vt 0.300943 0.620296
vt 0.299704 0.622640
vt 0.297755 0.607956
vt 0.295807 0.593271
vt 0.278890 0.603411
vt 0.287710 0.604840
vt 0.292691 0.605983
vt 0.296224 0.605704
vt 0.298562 0.621353
vt 0.294003 0.590128
vt 0.297143 0.589036
vt 0.299336 0.604911
vt 0.301528 0.620786
vt 0.327174 0.430882
vt 0.319030 0.433597
vt 0.314059 0.435446
vt 0.301268 0.437138
vt 0.299639 0.434104
vt 0.300679 0.418338
vt 0.298599 0.449870
vt 0.296528 0.446357
vt 0.298011 0.431070
vt 0.299494 0.415782
vt 0.277492 0.434845
vt 0.287253 0.433839
vt 0.292881 0.432955
vt 0.296738 0.433329
vt 0.294893 0.448993
vt 0.298731 0.417609
vt 0.301769 0.418164
vt 0.300046 0.434146
vt 0.298322 0.450128
vt 0.640410 0.587902
vt 0.633803 0.588003
vt 0.632019 0.589225
vt 0.630943 0.589311
vt 0.631578 0.582824
vt 0.630337 0.595806
vt 0.629369 0.595576
vt 0.629795 0.589007
vt 0.630221 0.582437
vt 0.591759 0.596514
vt 0.602792 0.588190
vt 0.610011 0.582256
vt 0.625420 0.590290
vt 0.626966 0.589855
vt 0.626676 0.596148
vt 0.627256 0.583561
vt 0.629006 0.583161
vt 0.628512 0.589420
vt 0.628017 0.595678
vt 0.543244 0.395796
vt 0.553392 0.394675
vt 0.539825 0.380306
vt 0.560080 0.393679
vt 0.649220 0.381018
vt 0.650388 0.381222
vt 0.650982 0.386225
vt 0.649795 0.376218
vt 0.650850 0.376376
vt 0.651557 0.381425
vt 0.652264 0.386475
vt 0.658677 0.375789
vt 0.659686 0.381594
vt 0.655103 0.381981
vt 0.654052 0.376567
vt 0.654030 0.380989
vt 0.653198 0.380940
vt 0.652163 0.375773
vt 0.654260 0.386099
vt 0.653045 0.386389
vt 0.652224 0.381238
vt 0.651404 0.376086
vt 0.286236 0.414501
vt 0.266825 0.416853
vt 0.272142 0.412216
vt 0.280527 0.421908
vt 0.263234 0.424091
vt 0.239083 0.427987
vt 0.240429 0.421113
vt 0.299438 0.421280
vt 0.298418 0.420864
vt 0.299611 0.418099
vt 0.300718 0.416923
vt 0.297397 0.420449
vt 0.299697 0.416508
vt 0.337036 0.413876
vt 0.332038 0.406642
vt 0.322709 0.417446
vt 0.315803 0.410736
vt 0.325701 0.402993
vt 0.687277 0.049157
vt 0.708472 0.052794
vt 0.708241 0.053917
vt 0.687003 0.050334
vt 0.729479 0.057501
vt 0.729291 0.058569
vt 0.708010 0.055041
vt 0.686729 0.051512
vt 0.664992 0.041295
vt 0.664630 0.042515
vt 0.642356 0.034738
vt 0.686903 0.050292
vt 0.686529 0.051428
vt 0.664267 0.043736
vt 0.642005 0.036043
vt 0.266423 0.613943
vt 0.270606 0.621743
vt 0.282461 0.616729
vt 0.288877 0.624887
vt 0.276567 0.627107
vt 0.689664 0.270084
vt 0.689578 0.268706
vt 0.709744 0.268301
vt 0.669423 0.270500
vt 0.669413 0.269112
vt 0.669402 0.267724
vt 0.689492 0.267329
vt 0.709582 0.266934
vt 0.296492 0.617373
vt 0.297679 0.616852
vt 0.299348 0.620138
vt 0.299589 0.622041
vt 0.298865 0.616331
vt 0.300776 0.621520
vt 0.320455 0.632151
vt 0.340309 0.639447
vt 0.333957 0.642356
vt 0.327364 0.626221
vt 0.344952 0.632855
vt 0.369107 0.640270
vt 0.366924 0.647553
vt 0.643549 0.271019
vt 0.643505 0.269768
vt 0.669313 0.269164
vt 0.617698 0.270372
vt 0.617720 0.269205
vt 0.643462 0.268517
vt 0.669203 0.267829
vt 0.537984 0.372416
vt 0.522360 0.374133
vt 0.521737 0.369565
vt 0.539825 0.380306
vt 0.524157 0.382535
vt 0.652290 0.376530
vt 0.651086 0.376732
vt 0.651009 0.376075
vt 0.651572 0.375645
vt 0.649882 0.376935
vt 0.650368 0.375848
vt 0.650854 0.374761
vt 0.650368 0.375848
vt 0.356906 0.032797
vt 0.391365 0.020775
vt 0.391761 0.022151
vt 0.357421 0.034103
vt 0.426102 0.010198
vt 0.426380 0.011641
vt 0.392158 0.023526
vt 0.357936 0.035410
vt 0.334629 0.040996
vt 0.335027 0.042206
vt 0.312747 0.050274
vt 0.357306 0.034139
vt 0.357706 0.035481
vt 0.335424 0.043417
vt 0.313142 0.051353
vt 0.669617 0.374155
vt 0.668735 0.372025
vt 0.667345 0.371230
vt 0.637215 0.597507
vt 0.653545 0.598236
vt 0.652075 0.599298
vt 0.639138 0.594980
vt 0.654416 0.595541
vt 0.673769 0.595393
vt 0.673826 0.598303
vt 0.579498 0.622304
vt 0.584723 0.630573
vt 0.598369 0.611337
vt 0.590465 0.635432
vt 0.415067 0.270653
vt 0.415061 0.269576
vt 0.448082 0.268529
vt 0.381993 0.271799
vt 0.382041 0.270623
vt 0.382090 0.269448
vt 0.415056 0.268500
vt 0.448023 0.267553
vt 0.356233 0.270896
vt 0.356297 0.269662
vt 0.381990 0.270583
vt 0.330604 0.268741
vt 0.330734 0.267489
vt 0.356361 0.268427
vt 0.381988 0.269366
vt 0.626560 0.594860
vt 0.628378 0.594697
vt 0.628493 0.595644
vt 0.627642 0.596199
vt 0.630196 0.594533
vt 0.629460 0.596036
vt 0.628378 0.594697
vt 0.627641 0.596199
vt 0.300759 0.418220
vt 0.299484 0.435049
vt 0.298185 0.434698
vt 0.299738 0.417804
vt 0.298208 0.451878
vt 0.296632 0.451593
vt 0.295056 0.451307
vt 0.296887 0.434348
vt 0.298717 0.417388
vt 0.260608 0.457049
vt 0.261298 0.436801
vt 0.277492 0.434845
vt 0.263234 0.424091
vt 0.280527 0.421908
vt 0.298282 0.447613
vt 0.298636 0.483786
vt 0.296928 0.483565
vt 0.296699 0.447206
vt 0.298991 0.519958
vt 0.296943 0.519884
vt 0.295428 0.519909
vt 0.295273 0.483354
vt 0.295117 0.446799
vt 0.238725 0.459622
vt 0.260608 0.457049
vt 0.260764 0.485577
vt 0.275729 0.484884
vt 0.261279 0.518774
vt 0.240267 0.518558
vt 0.343617 0.451377
vt 0.340772 0.427963
vt 0.330169 0.453187
vt 0.327174 0.430883
vt 0.337036 0.413876
vt 0.347655 0.524319
vt 0.345875 0.485025
vt 0.333429 0.522457
vt 0.332166 0.485134
vt 0.349141 0.596458
vt 0.348905 0.563353
vt 0.333554 0.591307
vt 0.334039 0.559650
vt 0.298218 0.555981
vt 0.296478 0.556115
vt 0.297446 0.592003
vt 0.295801 0.592306
vt 0.294156 0.592609
vt 0.294792 0.556259
vt 0.297724 0.587707
vt 0.299367 0.604109
vt 0.297905 0.604406
vt 0.295988 0.587779
vt 0.301009 0.620511
vt 0.299822 0.621032
vt 0.298636 0.621553
vt 0.296444 0.604702
vt 0.294252 0.587851
vt 0.349141 0.596458
vt 0.347862 0.619326
vt 0.331446 0.613263
vt 0.344952 0.632855
vt 0.327364 0.626221
vt 0.262535 0.580507
vt 0.263912 0.600899
vt 0.277016 0.582549
vt 0.282461 0.616729
vt 0.266423 0.613943
vt 0.261792 0.551958
vt 0.276208 0.553217
vt 0.683338 0.479654
vt 0.679370 0.528269
vt 0.661723 0.528734
vt 0.666410 0.479847
vt 0.675508 0.567180
vt 0.657349 0.567819
vt 0.643034 0.567863
vt 0.645921 0.478025
vt 0.638773 0.531464
vt 0.636805 0.531687
vt 0.643939 0.478014
vt 0.631625 0.584903
vt 0.629670 0.585360
vt 0.627714 0.585817
vt 0.634836 0.531910
vt 0.641958 0.478003
vt 0.631366 0.581883
vt 0.630855 0.588879
vt 0.628942 0.589159
vt 0.629358 0.582279
vt 0.630344 0.595875
vt 0.628526 0.596039
vt 0.626708 0.596202
vt 0.627029 0.589439
vt 0.627350 0.582675
vt 0.654416 0.595541
vt 0.655210 0.588147
vt 0.640410 0.587902
vt 0.657349 0.567819
vt 0.573864 0.607346
vt 0.591759 0.596514
vt 0.566954 0.582821
vt 0.565380 0.497936
vt 0.575136 0.538385
vt 0.558335 0.547355
vt 0.548889 0.505206
vt 0.584210 0.572610
vt 0.566954 0.582821
vt 0.544021 0.593690
vt 0.527286 0.513493
vt 0.651208 0.386951
vt 0.650493 0.381542
vt 0.651844 0.381405
vt 0.652708 0.386880
vt 0.649777 0.376132
vt 0.650981 0.375930
vt 0.652185 0.375727
vt 0.653196 0.381268
vt 0.654207 0.386809
vt 0.524157 0.382535
vt 0.527273 0.398620
vt 0.506524 0.402818
vt 0.543244 0.395796
vt 0.532333 0.424942
vt 0.511433 0.430113
vt 0.654317 0.384414
vt 0.650054 0.431157
vt 0.648303 0.431175
vt 0.652797 0.384459
vt 0.645791 0.477900
vt 0.643809 0.477891
vt 0.641827 0.477882
vt 0.646552 0.431193
vt 0.651277 0.384504
vt 0.548491 0.421149
vt 0.556125 0.456826
vt 0.539824 0.462218
vt 0.532333 0.424942
vt 0.658677 0.375789
vt 0.669617 0.374156
vt 0.670317 0.380314
vt 0.685350 0.379684
vt 0.685468 0.397732
vt 0.670427 0.398038
vt 0.659643 0.398878
vt 0.685169 0.433020
vt 0.669310 0.433154
vt 0.671817 0.850830
vt 0.669732 0.896156
vt 0.660674 0.895492
vt 0.661756 0.851041
vt 0.668066 0.936017
vt 0.659929 0.934613
vt 0.651793 0.933209
vt 0.650930 0.895735
vt 0.650066 0.858260
vt 0.670686 0.504740
vt 0.675912 0.528425
vt 0.670452 0.530424
vt 0.667644 0.510469
vt 0.678980 0.554589
vt 0.672243 0.553829
vt 0.665961 0.548195
vt 0.665281 0.532197
vt 0.664602 0.516198
vt 0.711650 0.492155
vt 0.713161 0.528816
vt 0.700906 0.527349
vt 0.697407 0.496234
vt 0.714671 0.565477
vt 0.703413 0.559808
vt 0.693700 0.556113
vt 0.690100 0.526653
vt 0.683164 0.500314
vt 0.682186 0.527063
vt 0.676925 0.502527
vt 0.685832 0.554761
vt 0.708852 0.859538
vt 0.711761 0.896537
vt 0.698658 0.897271
vt 0.699343 0.853007
vt 0.714671 0.933536
vt 0.698067 0.936298
vt 0.681463 0.939060
vt 0.686832 0.897929
vt 0.689367 0.852506
vt 0.677873 0.897290
vt 0.680558 0.851777
vt 0.674765 0.937539
vt 0.043087 0.703600
vt 0.042173 0.745091
vt 0.030061 0.747126
vt 0.030884 0.703502
vt 0.040425 0.787347
vt 0.028765 0.790977
vt 0.019334 0.794115
vt 0.019972 0.748923
vt 0.020613 0.703515
vt 0.037956 0.830433
vt 0.027379 0.834840
vt 0.028765 0.790977
vt 0.033032 0.873333
vt 0.025736 0.878740
vt 0.018440 0.884147
vt 0.019118 0.838690
vt 0.019334 0.794115
vt 0.076868 0.703606
vt 0.075650 0.741960
vt 0.057787 0.743453
vt 0.058717 0.703732
vt 0.074432 0.780315
vt 0.055776 0.784295
vt 0.042173 0.745091
vt 0.043087 0.703600
vt 0.068999 0.823943
vt 0.052427 0.826967
vt 0.063565 0.867571
vt 0.048298 0.870452
vt 0.548259 0.981105
vt 0.547451 0.951569
vt 0.557468 0.950848
vt 0.555030 0.980677
vt 0.548135 0.917473
vt 0.559476 0.917210
vt 0.570930 0.916873
vt 0.566908 0.949922
vt 0.561800 0.980249
vt 0.548098 0.877107
vt 0.560498 0.877074
vt 0.547630 0.832601
vt 0.560812 0.832601
vt 0.574933 0.832601
vt 0.573516 0.877032
vt 0.570930 0.916873
vt 0.547312 0.786688
vt 0.560862 0.786688
vt 0.547219 0.740297
vt 0.560848 0.740298
vt 0.575754 0.740297
vt 0.575588 0.786688
vt 0.519867 0.988440
vt 0.523228 0.955397
vt 0.535658 0.953135
vt 0.534063 0.984773
vt 0.526589 0.922354
vt 0.536559 0.918247
vt 0.523102 0.877796
vt 0.535623 0.877257
vt 0.519616 0.833238
vt 0.534224 0.832654
vt 0.547630 0.832601
vt 0.548098 0.877106
vt 0.519787 0.786768
vt 0.533681 0.786702
vt 0.519959 0.740297
vt 0.533609 0.740297
vt 0.547219 0.740297
vt 0.547312 0.786688
vt 0.576750 0.947898
vt 0.569577 0.974824
vt 0.583097 0.916796
vt 0.596496 0.922354
vt 0.586924 0.945877
vt 0.577353 0.969400
vt 0.573516 0.877031
vt 0.587821 0.877108
vt 0.574933 0.832601
vt 0.591041 0.832654
vt 0.609708 0.833238
vt 0.603102 0.877796
vt 0.575588 0.786688
vt 0.592587 0.786702
vt 0.575754 0.740297
vt 0.593072 0.740297
vt 0.612607 0.740297
vt 0.611157 0.786768
vt 0.020613 0.703515
vt 0.019972 0.748923
vt 0.010094 0.749851
vt 0.010478 0.703637
vt 0.010285 0.795702
vt 0.000000 0.796999
vt 0.000000 0.750261
vt 0.000000 0.703523
vt 0.011856 0.840421
vt 0.014012 0.884655
vt 0.009585 0.885163
vt 0.004792 0.841081
vt 0.552518 0.357758
vt 0.570399 0.363668
vt 0.572758 0.402173
vt 0.554819 0.390724
vt 0.588280 0.369578
vt 0.596258 0.413378
vt 0.590298 0.457692
vt 0.573709 0.440691
vt 0.557120 0.423689
vt 0.628197 0.369385
vt 0.632387 0.423531
vt 0.672730 0.374087
vt 0.675397 0.431811
vt 0.675556 0.485225
vt 0.632927 0.471459
vt 0.719025 0.376013
vt 0.720960 0.435589
vt 0.766009 0.375556
vt 0.767394 0.436014
vt 0.768680 0.492155
vt 0.722118 0.488690
vt 0.183125 0.481953
vt 0.147557 0.467034
vt 0.121831 0.443100
vt 0.172130 0.453175
vt 0.111989 0.452114
vt 0.074265 0.435381
vt 0.036542 0.418648
vt 0.099062 0.414660
vt 0.158399 0.420387
vt 0.083756 0.377183
vt 0.147941 0.381057
vt 0.022125 0.376039
vt 0.007708 0.333430
vt 0.074268 0.336278
vt 0.141635 0.339080
vt 0.070040 0.296839
vt 0.139255 0.298801
vt 0.003854 0.295253
vt 0.000000 0.257075
vt 0.069279 0.258507
vt 0.139376 0.259955
vt 0.515775 0.360694
vt 0.463987 0.355695
vt 0.466431 0.310627
vt 0.517696 0.314254
vt 0.411169 0.352232
vt 0.412620 0.307727
vt 0.413611 0.265622
vt 0.467703 0.266740
vt 0.519616 0.267813
vt 0.411169 0.352232
vt 0.352531 0.350203
vt 0.353450 0.305857
vt 0.412620 0.307727
vt 0.286683 0.347794
vt 0.287089 0.304062
vt 0.287865 0.263024
vt 0.354312 0.264397
vt 0.413611 0.265622
vt 0.214281 0.343514
vt 0.213569 0.301475
vt 0.141635 0.339080
vt 0.139255 0.298801
vt 0.139376 0.259955
vt 0.214140 0.261500
vt 0.496129 0.449423
vt 0.454537 0.446901
vt 0.459485 0.402171
vt 0.505952 0.405059
vt 0.406894 0.446836
vt 0.409105 0.400140
vt 0.406894 0.446836
vt 0.350666 0.445399
vt 0.351550 0.398609
vt 0.409105 0.400140
vt 0.287936 0.440287
vt 0.286948 0.395186
vt 0.222309 0.430552
vt 0.217211 0.388242
vt 0.147941 0.381057
vt 0.484579 0.515285
vt 0.448158 0.523339
vt 0.450746 0.486335
vt 0.490354 0.482354
vt 0.411738 0.531394
vt 0.405709 0.488411
vt 0.350195 0.521370
vt 0.350130 0.485320
vt 0.288651 0.511345
vt 0.289335 0.477660
vt 0.350666 0.445399
vt 0.235888 0.496649
vt 0.228992 0.465772
vt 0.222309 0.430552
vt 0.664537 0.004257
vt 0.710971 0.002129
vt 0.710599 0.053220
vt 0.662504 0.056046
vt 0.757405 0.000000
vt 0.758589 0.051693
vt 0.759825 0.105611
vt 0.710563 0.106921
vt 0.660773 0.108813
vt 0.660773 0.108813
vt 0.710563 0.106921
vt 0.711291 0.166112
vt 0.660716 0.167494
vt 0.759825 0.105611
vt 0.761183 0.164903
vt 0.762707 0.231443
vt 0.713114 0.232568
vt 0.663062 0.233439
vt 0.716057 0.305614
vt 0.667846 0.305361
vt 0.764385 0.304700
vt 0.766009 0.375556
vt 0.719025 0.376013
vt 0.575877 0.025146
vt 0.620207 0.014701
vt 0.615062 0.060944
vt 0.573443 0.065833
vt 0.610008 0.110890
vt 0.555492 0.107739
vt 0.608818 0.168883
vt 0.555499 0.169615
vt 0.660716 0.167494
vt 0.663062 0.233439
vt 0.611789 0.233612
vt 0.555506 0.231490
vt 0.619825 0.303285
vt 0.571893 0.300534
vt 0.667846 0.305361
vt 0.529078 0.036473
vt 0.552478 0.030809
vt 0.545787 0.069863
vt 0.524347 0.073429
vt 0.537554 0.109062
vt 0.519616 0.110384
vt 0.631337 0.858879
vt 0.633602 0.797187
vt 0.650342 0.796805
vt 0.612607 0.859497
vt 0.615103 0.797694
vt 0.617600 0.735891
vt 0.636137 0.734868
vt 0.652813 0.735617
vt 0.638862 0.671129
vt 0.656187 0.674519
vt 0.619064 0.667902
vt 0.620528 0.599912
vt 0.642030 0.606837
vt 0.663532 0.613761
vt 0.693700 0.556113
vt 0.695170 0.590753
vt 0.687184 0.588628
vt 0.685832 0.554762
vt 0.695207 0.632739
vt 0.686973 0.630690
vt 0.679094 0.628905
vt 0.679800 0.587318
vt 0.678980 0.554589
vt 0.694485 0.683273
vt 0.686072 0.681764
vt 0.693201 0.739796
vt 0.684680 0.738826
vt 0.675974 0.737718
vt 0.677729 0.680204
vt 0.691447 0.798270
vt 0.682829 0.797491
vt 0.680558 0.851777
vt 0.673953 0.796583
vt 0.714532 0.600039
vt 0.704431 0.594931
vt 0.714393 0.634600
vt 0.704401 0.635629
vt 0.695207 0.632739
vt 0.695170 0.590753
vt 0.713492 0.686319
vt 0.703704 0.685018
vt 0.712591 0.738039
vt 0.702501 0.740252
vt 0.693201 0.739796
vt 0.694485 0.683273
vt 0.710722 0.798788
vt 0.700852 0.798526
vt 0.691447 0.798270
vt 0.679800 0.587318
vt 0.672291 0.585036
vt 0.679094 0.628905
vt 0.670939 0.625507
vt 0.664747 0.580978
vt 0.677729 0.680204
vt 0.668392 0.677922
vt 0.675974 0.737718
vt 0.665820 0.736630
vt 0.652813 0.735617
vt 0.656187 0.674519
vt 0.673953 0.796583
vt 0.663502 0.796247
vt 0.650342 0.796805
vt 0.757525 0.850830
vt 0.767587 0.851041
vt 0.768668 0.895492
vt 0.759610 0.896156
vt 0.779276 0.858260
vt 0.778413 0.895735
vt 0.777550 0.933209
vt 0.769413 0.934613
vt 0.761276 0.936017
vt 0.758656 0.504740
vt 0.761698 0.510469
vt 0.758890 0.530424
vt 0.753430 0.528424
vt 0.764740 0.516198
vt 0.764061 0.532196
vt 0.763381 0.548195
vt 0.757099 0.553829
vt 0.750362 0.554589
vt 0.717692 0.492155
vt 0.731935 0.496234
vt 0.728436 0.527349
vt 0.716182 0.528816
vt 0.746178 0.500314
vt 0.739242 0.526653
vt 0.735642 0.556113
vt 0.725929 0.559808
vt 0.714671 0.565477
vt 0.752417 0.502527
vt 0.747156 0.527063
vt 0.743510 0.554761
vt 0.720490 0.859538
vt 0.729999 0.853007
vt 0.730684 0.897271
vt 0.717581 0.896537
vt 0.739975 0.852506
vt 0.742510 0.897929
vt 0.747879 0.939060
vt 0.731275 0.936298
vt 0.714671 0.933536
vt 0.748784 0.851777
vt 0.751468 0.897290
vt 0.754577 0.937539
vt 0.030863 0.660408
vt 0.042935 0.662630
vt 0.020613 0.703515
vt 0.020807 0.658655
vt 0.020988 0.615202
vt 0.030362 0.618237
vt 0.041954 0.622012
vt 0.041954 0.622012
vt 0.030362 0.618237
vt 0.029762 0.577198
vt 0.040257 0.581668
vt 0.021570 0.573537
vt 0.021702 0.531394
vt 0.028899 0.536730
vt 0.036095 0.542066
vt 0.058717 0.703732
vt 0.058517 0.664557
vt 0.076350 0.666282
vt 0.042935 0.662630
vt 0.057247 0.625290
vt 0.075832 0.628959
vt 0.054662 0.585325
vt 0.071176 0.588540
vt 0.051307 0.545093
vt 0.066519 0.548121
vt 0.548259 0.499490
vt 0.555030 0.499918
vt 0.557468 0.529747
vt 0.547451 0.529025
vt 0.561800 0.500346
vt 0.566908 0.530673
vt 0.570930 0.563722
vt 0.559476 0.563385
vt 0.548135 0.563122
vt 0.548135 0.563121
vt 0.559476 0.563385
vt 0.560498 0.603521
vt 0.548098 0.603488
vt 0.570930 0.563722
vt 0.573516 0.603563
vt 0.574933 0.647994
vt 0.560812 0.647994
vt 0.547630 0.647994
vt 0.560862 0.693907
vt 0.547312 0.693907
vt 0.575588 0.693907
vt 0.575754 0.740297
vt 0.547219 0.740297
vt 0.519866 0.492155
vt 0.534063 0.495822
vt 0.535658 0.527460
vt 0.523228 0.525198
vt 0.536559 0.562348
vt 0.526589 0.558241
vt 0.535623 0.603338
vt 0.523102 0.602799
vt 0.548098 0.603488
vt 0.547630 0.647994
vt 0.534224 0.647941
vt 0.519616 0.647357
vt 0.533681 0.693893
vt 0.519787 0.693827
vt 0.547312 0.693907
vt 0.547219 0.740297
vt 0.533609 0.740297
vt 0.569577 0.505771
vt 0.576750 0.532697
vt 0.577353 0.511195
vt 0.586924 0.534718
vt 0.596496 0.558241
vt 0.583097 0.563799
vt 0.587821 0.603487
vt 0.603102 0.602799
vt 0.609707 0.647357
vt 0.591041 0.647941
vt 0.574933 0.647994
vt 0.592587 0.693893
vt 0.575588 0.693907
vt 0.611157 0.693827
vt 0.593072 0.740297
vt 0.575754 0.740297
vt 0.020613 0.703515
vt 0.010478 0.703637
vt 0.010943 0.658024
vt 0.000854 0.657932
vt 0.001708 0.612340
vt 0.011966 0.613948
vt 0.014335 0.572366
vt 0.007277 0.572375
vt 0.012847 0.532410
vt 0.017275 0.531902
vt 0.978461 0.348000
vt 0.977672 0.381037
vt 0.960276 0.393295
vt 0.960869 0.354723
vt 0.976883 0.414073
vt 0.961089 0.431816
vt 0.945296 0.449560
vt 0.937313 0.405565
vt 0.943277 0.361446
vt 0.901688 0.417362
vt 0.903393 0.363081
vt 0.903342 0.465264
vt 0.861389 0.480968
vt 0.859101 0.427603
vt 0.859122 0.369818
vt 0.813759 0.433463
vt 0.812964 0.373861
vt 0.815034 0.486562
vt 0.767394 0.436014
vt 0.192258 0.039954
vt 0.180084 0.068254
vt 0.129412 0.076242
vt 0.156105 0.053392
vt 0.165010 0.100446
vt 0.105488 0.103717
vt 0.043186 0.097150
vt 0.081568 0.081990
vt 0.119951 0.066830
vt 0.152936 0.139311
vt 0.088646 0.140530
vt 0.144902 0.180991
vt 0.077477 0.181008
vt 0.010856 0.181104
vt 0.027021 0.139127
vt 0.140860 0.221138
vt 0.071623 0.220239
vt 0.139376 0.259955
vt 0.069279 0.258507
vt 0.005428 0.219090
vt 0.519616 0.174852
vt 0.519616 0.221333
vt 0.468245 0.222839
vt 0.467665 0.177708
vt 0.467703 0.266740
vt 0.413611 0.265622
vt 0.414360 0.223513
vt 0.414749 0.178986
vt 0.414749 0.178986
vt 0.414360 0.223513
vt 0.355164 0.222937
vt 0.356077 0.178591
vt 0.354312 0.264397
vt 0.287865 0.263024
vt 0.288786 0.221989
vt 0.290186 0.178277
vt 0.215221 0.221536
vt 0.217669 0.179563
vt 0.144902 0.180991
vt 0.503652 0.085387
vt 0.511634 0.130120
vt 0.465087 0.131086
vt 0.461991 0.086190
vt 0.414666 0.131034
vt 0.414386 0.084286
vt 0.414386 0.084286
vt 0.414666 0.131034
vt 0.357097 0.130185
vt 0.358146 0.083399
vt 0.292409 0.130936
vt 0.295259 0.085915
vt 0.222445 0.134994
vt 0.229286 0.092931
vt 0.152936 0.139311
vt 0.494832 0.019105
vt 0.499242 0.052246
vt 0.459833 0.046632
vt 0.458776 0.009553
vt 0.414920 0.042698
vt 0.422719 -0.000000
vt 0.359260 0.043490
vt 0.360814 0.007474
vt 0.358146 0.083399
vt 0.295259 0.085915
vt 0.298201 0.048632
vt 0.298909 0.014947
vt 0.237418 0.058016
vt 0.245584 0.027451
vt 0.229286 0.092931
vt 0.850370 -0.000000
vt 0.854774 0.051641
vt 0.806600 0.051020
vt 0.803888 -0.000000
vt 0.858919 0.104274
vt 0.809094 0.104664
vt 0.758589 0.051693
vt 0.858919 0.104274
vt 0.861663 0.162891
vt 0.811078 0.163826
vt 0.809094 0.104664
vt 0.862339 0.228874
vt 0.812300 0.230296
vt 0.762707 0.231443
vt 0.860853 0.300940
vt 0.812705 0.303400
vt 0.859122 0.369817
vt 0.764385 0.304700
vt 0.939895 0.016807
vt 0.944190 0.057340
vt 0.902390 0.054362
vt 0.895133 0.008403
vt 0.964040 0.098380
vt 0.909726 0.104024
vt 0.966867 0.160191
vt 0.913570 0.161902
vt 0.969693 0.222002
vt 0.913566 0.226699
vt 0.861663 0.162891
vt 0.956485 0.291724
vt 0.908730 0.296666
vt 0.860853 0.300940
vt 0.987163 0.025979
vt 0.993581 0.062679
vt 0.972001 0.060099
vt 0.963529 0.021393
vt 1.000000 0.099379
vt 0.982020 0.098880
vt 0.779000 0.796805
vt 0.795740 0.797187
vt 0.798005 0.858878
vt 0.776529 0.735617
vt 0.793205 0.734868
vt 0.811742 0.735891
vt 0.814239 0.797694
vt 0.816735 0.859497
vt 0.773155 0.674519
vt 0.790480 0.671129
vt 0.765810 0.613761
vt 0.787312 0.606837
vt 0.808814 0.599912
vt 0.810278 0.667902
vt 0.735642 0.556113
vt 0.742158 0.588628
vt 0.734172 0.590753
vt 0.750362 0.554589
vt 0.749542 0.587318
vt 0.750248 0.628905
vt 0.742370 0.630689
vt 0.734135 0.632739
vt 0.743270 0.681764
vt 0.734857 0.683273
vt 0.751613 0.680204
vt 0.753369 0.737718
vt 0.744662 0.738826
vt 0.736141 0.739796
vt 0.746513 0.797491
vt 0.737895 0.798270
vt 0.755389 0.796583
vt 0.757525 0.850830
vt 0.748785 0.851777
vt 0.739975 0.852506
vt 0.724911 0.594931
vt 0.714810 0.600039
vt 0.734172 0.590753
vt 0.734135 0.632739
vt 0.724941 0.635629
vt 0.714949 0.634600
vt 0.725638 0.685018
vt 0.715850 0.686319
vt 0.734857 0.683273
vt 0.736141 0.739796
vt 0.726841 0.740252
vt 0.716751 0.738039
vt 0.728490 0.798526
vt 0.718621 0.798788
vt 0.737895 0.798270
vt 0.757051 0.585036
vt 0.764596 0.580978
vt 0.758403 0.625507
vt 0.750248 0.628905
vt 0.760950 0.677922
vt 0.751613 0.680204
vt 0.773155 0.674519
vt 0.776529 0.735617
vt 0.763522 0.736630
vt 0.765840 0.796247
vt 0.779000 0.796804
s 1
usemtl Fabric
f 109/2/53 1289/3/952 3376/4/2611 1300/5/963
f 1289/3/952 116/6/60 1327/7/990 3376/4/2611
f 3376/4/2611 1327/7/990 125/8/69 1302/9/965
f 1300/5/963 3376/4/2611 1302/9/965 112/10/56
f 108/11/52 1301/12/964 3377/13/2612 1288/14/951
f 1301/12/964 113/15/57 1303/16/966 3377/13/2612
f 3377/13/2612 1303/16/966 126/17/70 1326/18/989
f 1288/14/951 3377/13/2612 1326/18/989 115/19/59
f 123/20/67 1315/21/978 3378/22/2613 1325/23/988
f 1315/21/978 94/24/38 1304/25/967 3378/22/2613
f 3378/22/2613 1304/25/967 114/26/58 1305/27/968
f 1325/23/988 3378/22/2613 1305/27/968 127/28/71
f 124/29/68 1324/30/987 3379/31/2614 1299/32/962
f 1324/30/987 121/33/65 1296/34/959 3379/31/2614
f 3379/31/2614 1296/34/959 103/35/47 1285/36/948
f 1299/32/962 3379/31/2614 1285/36/948 105/37/49
f 123/20/67 1298/38/961 3380/39/2615 1323/40/986
f 1298/38/961 106/41/50 1286/42/949 3380/39/2615
f 3380/39/2615 1286/42/949 104/43/48 1297/44/960
f 1323/40/986 3380/39/2615 1297/44/960 122/45/66
f 121/33/65 1322/46/985 3381/47/2616 1296/34/959
f 1322/46/985 117/48/61 1309/49/972 3381/47/2616
f 3381/47/2616 1309/49/972 101/50/45 1283/51/946
f 1296/34/959 3381/47/2616 1283/51/946 103/35/47
f 122/45/66 1297/44/960 3382/52/2617 1321/53/984
f 1297/44/960 104/43/48 1284/54/947 3382/52/2617
f 3382/52/2617 1284/54/947 102/55/46 1308/56/971
f 1321/53/984 3382/52/2617 1308/56/971 118/57/62
f 119/58/63 1320/59/983 3383/60/2618 1310/61/973
f 1320/59/983 117/62/61 1292/63/955 3383/60/2618
f 3383/60/2618 1292/63/955 110/64/54 1290/65/953
f 1310/61/973 3383/60/2618 1290/65/953 97/66/41
f 120/67/64 1311/68/974 3384/69/2619 1319/70/982
f 1311/68/974 98/71/42 1291/72/954 3384/69/2619
f 3384/69/2619 1291/72/954 111/73/55 1293/74/956
f 1319/70/982 3384/69/2619 1293/74/956 118/75/62
f 99/76/43 1281/77/944 3385/78/2620 1294/79/957
f 1281/77/944 101/80/45 1309/81/972 3385/78/2620
f 3385/78/2620 1309/81/972 117/62/61 1320/59/983
f 1294/79/957 3385/78/2620 1320/59/983 119/58/63
f 100/82/44 1295/83/958 3386/84/2621 1282/85/945
f 1295/83/958 120/67/64 1319/70/982 3386/84/2621
f 3386/84/2621 1319/70/982 118/75/62 1308/86/971
f 1282/85/945 3386/84/2621 1308/86/971 102/87/46
f 95/88/39 1279/89/942 3387/90/2622 1313/91/976
f 1279/89/942 110/92/54 1292/93/955 3387/90/2622
f 3387/90/2622 1292/93/955 117/48/61 1322/46/985
f 1313/91/976 3387/90/2622 1322/46/985 121/33/65
f 96/94/40 1312/95/975 3388/96/2623 1280/97/943
f 1312/95/975 122/45/66 1321/53/984 3388/96/2623
f 3388/96/2623 1321/53/984 118/57/62 1293/98/956
f 1280/97/943 3388/96/2623 1293/98/956 111/99/55
f 93/100/37 1277/101/940 3389/102/2624 1314/103/977
f 1277/101/940 95/88/39 1313/91/976 3389/102/2624
f 3389/102/2624 1313/91/976 121/33/65 1324/30/987
f 1314/103/977 3389/102/2624 1324/30/987 124/29/68
f 94/24/38 1315/104/978 3390/105/2625 1278/106/941
f 1315/104/978 123/20/67 1323/40/986 3390/105/2625
f 3390/105/2625 1323/40/986 122/45/66 1312/95/975
f 1278/106/941 3390/105/2625 1312/95/975 96/94/40
f 106/107/50 1298/38/961 3391/108/2626 1287/109/950
f 1298/38/961 123/20/67 1325/23/988 3391/108/2626
f 3391/108/2626 1325/23/988 127/28/71 1318/110/981
f 1287/109/950 3391/108/2626 1318/110/981 107/111/51
f 116/6/60 1307/112/970 3392/113/2627 1327/7/990
f 1307/112/970 89/114/33 1275/115/938 3392/113/2627
f 3392/113/2627 1275/115/938 91/116/35 1317/117/980
f 1327/7/990 3392/113/2627 1317/117/980 125/8/69
f 115/19/59 1326/18/989 3393/118/2628 1306/119/969
f 1326/18/989 126/17/70 1316/120/979 3393/118/2628
f 3393/118/2628 1316/120/979 92/121/36 1276/122/939
f 1306/119/969 3393/118/2628 1276/122/939 90/123/34
f 99/124/43 1294/125/957 3394/126/2629 1333/127/996
f 1294/125/957 119/128/63 1337/129/1000 3394/126/2629
f 3394/126/2629 1337/129/1000 133/130/77 1329/131/992
f 1333/127/996 3394/126/2629 1329/131/992 129/132/73
f 100/133/44 1332/134/995 3395/135/2630 1295/83/958
f 1332/134/995 128/136/72 1328/137/991 3395/135/2630
f 3395/135/2630 1328/137/991 132/138/76 1336/139/999
f 1295/83/958 3395/135/2630 1336/139/999 120/140/64
f 119/128/63 1310/141/973 3396/142/2631 1337/129/1000
f 1310/141/973 97/143/41 1331/144/994 3396/142/2631
f 3396/142/2631 1331/144/994 131/145/75 1335/146/998
f 1337/129/1000 3396/142/2631 1335/146/998 133/130/77
f 120/140/64 1336/139/999 3397/147/2632 1311/148/974
f 1336/139/999 132/138/76 1334/149/997 3397/147/2632
f 3397/147/2632 1334/149/997 130/150/74 1330/151/993
f 1311/148/974 3397/147/2632 1330/151/993 98/152/42
f 167/153/111 1390/154/1053 3398/155/2633 1365/156/1028
f 1390/154/1053 116/157/60 1289/158/952 3398/155/2633
f 3398/155/2633 1289/158/952 109/159/53 1363/160/1026
f 1365/156/1028 3398/155/2633 1363/160/1026 155/161/99
f 166/162/110 1364/163/1027 3399/164/2634 1391/165/1054
f 1364/163/1027 154/166/98 1362/167/1025 3399/164/2634
f 3399/164/2634 1362/167/1025 108/168/52 1288/169/951
f 1391/165/1054 3399/164/2634 1288/169/951 115/19/59
f 157/170/101 1369/171/1032 3400/172/2635 1367/173/1030
f 1369/171/1032 169/174/113 1388/175/1051 3400/172/2635
f 3400/172/2635 1388/175/1051 164/176/108 1377/177/1040
f 1367/173/1030 3400/172/2635 1377/177/1040 137/178/81
f 156/179/100 1366/180/1029 3401/181/2636 1368/182/1031
f 1366/180/1029 136/183/80 1376/184/1039 3401/181/2636
f 3401/181/2636 1376/184/1039 165/185/109 1389/186/1052
f 1368/182/1031 3401/181/2636 1389/186/1052 168/187/112
f 147/188/91 1359/189/1022 3402/190/2637 1349/191/1012
f 1359/189/1022 163/192/107 1386/193/1049 3402/190/2637
f 3402/190/2637 1386/193/1049 164/194/108 1360/195/1023
f 1349/191/1012 3402/190/2637 1360/195/1023 149/196/93
f 146/197/90 1348/198/1011 3403/199/2638 1358/200/1021
f 1348/198/1011 148/201/92 1361/202/1024 3403/199/2638
f 3403/199/2638 1361/202/1024 165/203/109 1387/204/1050
f 1358/200/1021 3403/199/2638 1387/204/1050 162/205/106
f 145/206/89 1370/207/1033 3404/208/2639 1347/209/1010
f 1370/207/1033 159/210/103 1384/211/1047 3404/208/2639
f 3404/208/2639 1384/211/1047 163/192/107 1359/189/1022
f 1347/209/1010 3404/208/2639 1359/189/1022 147/188/91
f 144/212/88 1346/213/1009 3405/214/2640 1371/215/1034
f 1346/213/1009 146/197/90 1358/200/1021 3405/214/2640
f 3405/214/2640 1358/200/1021 162/205/106 1385/216/1048
f 1371/215/1034 3405/214/2640 1385/216/1048 158/217/102
f 153/218/97 1355/219/1018 3406/220/2641 1353/221/1016
f 1355/219/1018 159/222/103 1382/223/1045 3406/220/2641
f 3406/220/2641 1382/223/1045 161/224/105 1373/225/1036
f 1353/221/1016 3406/220/2641 1373/225/1036 141/226/85
f 152/227/96 1352/228/1015 3407/229/2642 1354/230/1017
f 1352/228/1015 140/231/84 1372/232/1035 3407/229/2642
f 3407/229/2642 1372/232/1035 160/233/104 1383/234/1046
f 1354/230/1017 3407/229/2642 1383/234/1046 158/235/102
f 159/222/103 1370/236/1033 3408/237/2643 1382/223/1045
f 1370/236/1033 145/238/89 1345/239/1008 3408/237/2643
f 3408/237/2643 1345/239/1008 143/240/87 1357/241/1020
f 1382/223/1045 3408/237/2643 1357/241/1020 161/224/105
f 158/235/102 1383/234/1046 3409/242/2644 1371/243/1034
f 1383/234/1046 160/233/104 1356/244/1019 3409/242/2644
f 3409/242/2644 1356/244/1019 142/245/86 1344/246/1007
f 1371/243/1034 3409/242/2644 1344/246/1007 144/247/88
f 159/210/103 1355/219/1018 3410/248/2645 1384/211/1047
f 1355/219/1018 153/249/97 1343/250/1006 3410/248/2645
f 3410/248/2645 1343/250/1006 139/251/83 1374/252/1037
f 1384/211/1047 3410/248/2645 1374/252/1037 163/192/107
f 158/217/102 1385/216/1048 3411/253/2646 1354/254/1017
f 1385/216/1048 162/205/106 1375/255/1038 3411/253/2646
f 3411/253/2646 1375/255/1038 138/256/82 1342/257/1005
f 1354/254/1017 3411/253/2646 1342/257/1005 152/258/96
f 163/192/107 1374/252/1037 3412/259/2647 1386/193/1049
f 1374/252/1037 139/251/83 1341/260/1004 3412/259/2647
f 3412/259/2647 1341/260/1004 137/261/81 1377/262/1040
f 1386/193/1049 3412/259/2647 1377/262/1040 164/194/108
f 162/205/106 1387/204/1050 3413/263/2648 1375/255/1038
f 1387/204/1050 165/203/109 1376/264/1039 3413/263/2648
f 3413/263/2648 1376/264/1039 136/265/80 1340/266/1003
f 1375/255/1038 3413/263/2648 1340/266/1003 138/256/82
f 169/174/113 1380/267/1043 3414/268/2649 1388/175/1051
f 1380/267/1043 151/269/95 1351/270/1014 3414/268/2649
f 3414/268/2649 1351/270/1014 149/271/93 1360/272/1023
f 1388/175/1051 3414/268/2649 1360/272/1023 164/176/108
f 168/187/112 1389/186/1052 3415/273/2650 1381/274/1044
f 1389/186/1052 165/185/109 1361/275/1024 3415/273/2650
f 3415/273/2650 1361/275/1024 148/276/92 1350/277/1013
f 1381/274/1044 3415/273/2650 1350/277/1013 150/278/94
f 135/279/79 1339/280/1002 3416/281/2651 1378/282/1041
f 1339/280/1002 89/283/33 1307/112/970 3416/281/2651
f 3416/281/2651 1307/112/970 116/157/60 1390/154/1053
f 1378/282/1041 3416/281/2651 1390/154/1053 167/153/111
f 134/284/78 1379/285/1042 3417/286/2652 1338/287/1001
f 1379/285/1042 166/162/110 1391/165/1054 3417/286/2652
f 3417/286/2652 1391/165/1054 115/19/59 1306/288/969
f 1338/287/1001 3417/286/2652 1306/288/969 90/123/34
f 174/289/118 1400/290/1063 3418/291/2653 1392/292/1055
f 1400/290/1063 161/293/105 1357/294/1020 3418/291/2653
f 3418/291/2653 1357/294/1020 143/295/87 1396/296/1059
f 1392/292/1055 3418/291/2653 1396/296/1059 170/297/114
f 175/298/119 1393/299/1056 3419/300/2654 1401/301/1064
f 1393/299/1056 171/302/115 1397/303/1060 3419/300/2654
f 3419/300/2654 1397/303/1060 142/304/86 1356/244/1019
f 1401/301/1064 3419/300/2654 1356/244/1019 160/305/104
f 172/306/116 1394/307/1057 3420/308/2655 1398/309/1061
f 1394/307/1057 141/310/85 1373/311/1036 3420/308/2655
f 3420/308/2655 1373/311/1036 161/293/105 1400/290/1063
f 1398/309/1061 3420/308/2655 1400/290/1063 174/289/118
f 173/312/117 1399/313/1062 3421/314/2656 1395/315/1058
f 1399/313/1062 175/298/119 1401/301/1064 3421/314/2656
f 3421/314/2656 1401/301/1064 160/305/104 1372/316/1035
f 1395/315/1058 3421/314/2656 1372/316/1035 140/231/84
f 91/116/35 1414/317/1077 3422/318/2657 1317/319/980
f 1414/317/1077 184/320/128 1416/321/1079 3422/318/2657
f 3422/318/2657 1416/321/1079 179/322/123 1413/323/1076
f 1317/319/980 3422/318/2657 1413/323/1076 125/324/69
f 92/325/36 1316/326/979 3423/327/2658 1412/328/1075
f 1316/326/979 126/329/70 1409/330/1072 3423/327/2658
f 3423/327/2658 1409/330/1072 181/331/125 1417/332/1080
f 1412/328/1075 3423/327/2658 1417/332/1080 183/333/127
f 183/333/127 1417/332/1080 3424/334/2659 1420/335/1083
f 1417/332/1080 181/331/125 1421/336/1084 3424/334/2659
f 3424/334/2659 1421/336/1084 127/28/71 1305/337/968
f 1420/335/1083 3424/334/2659 1305/337/968 114/26/58
f 125/324/69 1413/323/1076 3425/338/2660 1302/339/965
f 1413/323/1076 179/322/123 1419/340/1082 3425/338/2660
f 3425/338/2660 1419/340/1082 180/341/124 1408/342/1071
f 1302/339/965 3425/338/2660 1408/342/1071 112/343/56
f 126/329/70 1303/344/966 3426/345/2661 1409/330/1072
f 1303/344/966 113/15/57 1407/346/1070 3426/345/2661
f 3426/345/2661 1407/346/1070 182/347/126 1418/348/1081
f 1409/330/1072 3426/345/2661 1418/348/1081 181/331/125
f 181/331/125 1418/348/1081 3427/349/2662 1421/336/1084
f 1418/348/1081 182/347/126 1422/350/1085 3427/349/2662
f 3427/349/2662 1422/350/1085 107/351/51 1318/110/981
f 1421/336/1084 3427/349/2662 1318/110/981 127/28/71
f 168/352/112 1415/353/1078 3428/354/2663 1368/355/1031
f 1415/353/1078 178/356/122 1406/357/1069 3428/354/2663
f 3428/354/2663 1406/357/1069 176/358/120 1411/359/1074
f 1368/355/1031 3428/354/2663 1411/359/1074 156/360/100
f 178/356/122 1403/361/1066 3429/362/2664 1406/357/1069
f 1403/361/1066 166/363/110 1379/364/1042 3429/362/2664
f 3429/362/2664 1379/364/1042 134/365/78 1404/366/1067
f 1406/357/1069 3429/362/2664 1404/366/1067 176/358/120
f 177/367/121 1402/368/1065 3430/369/2665 1405/370/1068
f 1402/368/1065 154/166/98 1364/371/1027 3430/369/2665
f 3430/369/2665 1364/371/1027 166/363/110 1403/361/1066
f 1405/370/1068 3430/369/2665 1403/361/1066 178/356/122
f 150/278/94 1410/372/1073 3431/373/2666 1381/374/1044
f 1410/372/1073 177/367/121 1405/370/1068 3431/373/2666
f 3431/373/2666 1405/370/1068 178/356/122 1415/353/1078
f 1381/374/1044 3431/373/2666 1415/353/1078 168/352/112
f 371/375/315 1424/376/1087 3432/377/2667 1423/378/1086
f 1424/376/1087 361/379/305 1425/380/1088 3432/377/2667
f 3432/377/2667 1425/380/1088 363/381/307 1426/382/1089
f 1423/378/1086 3432/377/2667 1426/382/1089 372/383/316
f 372/383/316 1426/382/1089 3433/384/2668 1427/385/1090
f 1426/382/1089 363/381/307 1428/386/1091 3433/384/2668
f 3433/384/2668 1428/386/1091 362/387/306 1429/388/1092
f 1427/385/1090 3433/384/2668 1429/388/1092 370/389/314
f 365/390/309 1431/391/1094 3434/392/2669 1430/393/1093
f 1431/391/1094 367/394/311 1432/395/1095 3434/392/2669
f 3434/392/2669 1432/395/1095 369/396/313 1433/397/1096
f 1430/393/1093 3434/392/2669 1433/397/1096 366/398/310
f 366/399/310 1433/400/1096 3435/401/2670 1434/402/1097
f 1433/400/1096 369/403/313 1435/404/1098 3435/401/2670
f 3435/401/2670 1435/404/1098 368/405/312 1436/406/1099
f 1434/402/1097 3435/401/2670 1436/406/1099 364/407/308
f 311/408/255 1438/409/1101 3436/410/2671 1437/411/1100
f 1438/409/1101 355/412/299 1439/413/1102 3436/410/2671
f 3436/410/2671 1439/413/1102 357/414/301 1440/415/1103
f 1437/411/1100 3436/410/2671 1440/415/1103 312/416/256
f 312/416/256 1440/415/1103 3437/417/2672 1441/418/1104
f 1440/415/1103 357/414/301 1442/419/1105 3437/417/2672
f 3437/417/2672 1442/419/1105 356/420/300 1443/421/1106
f 1441/418/1104 3437/417/2672 1443/421/1106 310/422/254
f 359/423/303 1445/424/1108 3438/425/2673 1444/426/1107
f 1445/424/1108 307/427/251 1446/428/1109 3438/425/2673
f 3438/425/2673 1446/428/1109 309/429/253 1447/430/1110
f 1444/426/1107 3438/425/2673 1447/430/1110 360/431/304
f 360/432/304 1447/433/1110 3439/434/2674 1448/435/1111
f 1447/433/1110 309/436/253 1449/437/1112 3439/434/2674
f 3439/434/2674 1449/437/1112 308/438/252 1450/439/1113
f 1448/435/1111 3439/434/2674 1450/439/1113 358/440/302
f 361/379/305 1451/441/1114 3440/442/2675 1425/380/1088
f 1451/441/1114 301/443/245 1452/444/1115 3440/442/2675
f 3440/442/2675 1452/444/1115 303/445/247 1453/446/1116
f 1425/380/1088 3440/442/2675 1453/446/1116 363/381/307
f 363/381/307 1453/446/1116 3441/447/2676 1428/448/1091
f 1453/446/1116 303/445/247 1454/449/1117 3441/447/2676
f 3441/447/2676 1454/449/1117 302/450/246 1455/451/1118
f 1428/448/1091 3441/447/2676 1455/451/1118 362/452/306
f 305/453/249 1457/454/1120 3442/455/2677 1456/456/1119
f 1457/454/1120 365/390/309 1430/393/1093 3442/455/2677
f 3442/455/2677 1430/393/1093 366/398/310 1458/457/1121
f 1456/456/1119 3442/455/2677 1458/457/1121 306/458/250
f 306/459/250 1458/460/1121 3443/461/2678 1459/462/1122
f 1458/460/1121 366/399/310 1434/463/1097 3443/461/2678
f 3443/461/2678 1434/463/1097 364/464/308 1460/465/1123
f 1459/462/1122 3443/461/2678 1460/465/1123 304/466/248
f 355/412/299 1461/467/1124 3444/468/2679 1439/413/1102
f 1461/467/1124 371/375/315 1423/378/1086 3444/468/2679
f 3444/468/2679 1423/378/1086 372/383/316 1462/469/1125
f 1439/413/1102 3444/468/2679 1462/469/1125 357/414/301
f 357/414/301 1462/469/1125 3445/470/2680 1442/471/1105
f 1462/469/1125 372/383/316 1427/472/1090 3445/470/2680
f 3445/470/2680 1427/472/1090 370/473/314 1463/474/1126
f 1442/471/1105 3445/470/2680 1463/474/1126 356/475/300
f 367/394/311 1464/476/1127 3446/477/2681 1432/395/1095
f 1464/476/1127 359/423/303 1444/426/1107 3446/477/2681
f 3446/477/2681 1444/426/1107 360/431/304 1465/478/1128
f 1432/395/1095 3446/477/2681 1465/478/1128 369/396/313
f 369/403/313 1465/479/1128 3447/480/2682 1435/481/1098
f 1465/479/1128 360/432/304 1448/482/1111 3447/480/2682
f 3447/480/2682 1448/482/1111 358/483/302 1466/484/1129
f 1435/481/1098 3447/480/2682 1466/484/1129 368/485/312
f 353/486/297 1468/487/1131 3448/488/2683 1467/489/1130
f 1468/487/1131 289/490/233 1469/491/1132 3448/488/2683
f 3448/488/2683 1469/491/1132 291/492/235 1470/493/1133
f 1467/489/1130 3448/488/2683 1470/493/1133 354/494/298
f 354/495/298 1470/496/1133 3449/497/2684 1471/498/1134
f 1470/496/1133 291/499/235 1472/500/1135 3449/497/2684
f 3449/497/2684 1472/500/1135 290/501/234 1473/502/1136
f 1471/498/1134 3449/497/2684 1473/502/1136 352/503/296
f 293/504/237 1475/505/1138 3450/506/2685 1474/507/1137
f 1475/505/1138 349/508/293 1476/509/1139 3450/506/2685
f 3450/506/2685 1476/509/1139 351/510/295 1477/511/1140
f 1474/507/1137 3450/506/2685 1477/511/1140 294/512/238
f 294/512/238 1477/511/1140 3451/513/2686 1478/514/1141
f 1477/511/1140 351/510/295 1479/515/1142 3451/513/2686
f 3451/513/2686 1479/515/1142 350/516/294 1480/517/1143
f 1478/514/1141 3451/513/2686 1480/517/1143 292/518/236
f 347/519/291 1482/520/1145 3452/521/2687 1481/522/1144
f 1482/520/1145 243/523/187 1483/524/1146 3452/521/2687
f 3452/521/2687 1483/524/1146 245/525/189 1484/526/1147
f 1481/522/1144 3452/521/2687 1484/526/1147 348/527/292
f 348/528/292 1484/529/1147 3453/530/2688 1485/531/1148
f 1484/529/1147 245/532/189 1486/533/1149 3453/530/2688
f 3453/530/2688 1486/533/1149 244/534/188 1487/535/1150
f 1485/531/1148 3453/530/2688 1487/535/1150 346/536/290
f 247/537/191 1489/538/1152 3454/539/2689 1488/540/1151
f 1489/538/1152 343/541/287 1490/542/1153 3454/539/2689
f 3454/539/2689 1490/542/1153 345/543/289 1491/544/1154
f 1488/540/1151 3454/539/2689 1491/544/1154 248/545/192
f 248/545/192 1491/544/1154 3455/546/2690 1492/547/1155
f 1491/544/1154 345/543/289 1493/548/1156 3455/546/2690
f 3455/546/2690 1493/548/1156 344/549/288 1494/550/1157
f 1492/547/1155 3455/546/2690 1494/550/1157 246/551/190
f 341/552/285 1496/553/1159 3456/554/2691 1495/555/1158
f 1496/553/1159 305/453/249 1456/456/1119 3456/554/2691
f 3456/554/2691 1456/456/1119 306/458/250 1497/556/1160
f 1495/555/1158 3456/554/2691 1497/556/1160 342/557/286
f 342/558/286 1497/559/1160 3457/560/2692 1498/561/1161
f 1497/559/1160 306/459/250 1459/462/1122 3457/560/2692
f 3457/560/2692 1459/462/1122 304/466/248 1499/562/1162
f 1498/561/1161 3457/560/2692 1499/562/1162 340/563/284
f 301/443/245 1500/564/1163 3458/565/2693 1452/444/1115
f 1500/564/1163 337/566/281 1501/567/1164 3458/565/2693
f 3458/565/2693 1501/567/1164 339/568/283 1502/569/1165
f 1452/444/1115 3458/565/2693 1502/569/1165 303/445/247
f 303/445/247 1502/569/1165 3459/570/2694 1454/449/1117
f 1502/569/1165 339/568/283 1503/571/1166 3459/570/2694
f 3459/570/2694 1503/571/1166 338/572/282 1504/573/1167
f 1454/449/1117 3459/570/2694 1504/573/1167 302/450/246
f 329/574/273 1506/575/1169 3460/576/2695 1505/577/1168
f 1506/575/1169 331/578/275 1507/579/1170 3460/576/2695
f 3460/576/2695 1507/579/1170 333/580/277 1508/581/1171
f 1505/577/1168 3460/576/2695 1508/581/1171 330/582/274
f 330/583/274 1508/584/1171 3461/585/2696 1509/586/1172
f 1508/584/1171 333/587/277 1510/588/1173 3461/585/2696
f 3461/585/2696 1510/588/1173 332/589/276 1511/590/1174
f 1509/586/1172 3461/585/2696 1511/590/1174 328/591/272
f 335/592/279 1513/593/1176 3462/594/2697 1512/595/1175
f 1513/593/1176 325/596/269 1514/597/1177 3462/594/2697
f 3462/594/2697 1514/597/1177 327/598/271 1515/599/1178
f 1512/595/1175 3462/594/2697 1515/599/1178 336/600/280
f 336/600/280 1515/599/1178 3463/601/2698 1516/602/1179
f 1515/599/1178 327/598/271 1517/603/1180 3463/601/2698
f 3463/601/2698 1517/603/1180 326/604/270 1518/605/1181
f 1516/602/1179 3463/601/2698 1518/605/1181 334/606/278
f 323/607/267 1520/608/1183 3464/609/2699 1519/610/1182
f 1520/608/1183 329/574/273 1505/577/1168 3464/609/2699
f 3464/609/2699 1505/577/1168 330/582/274 1521/611/1184
f 1519/610/1182 3464/609/2699 1521/611/1184 324/612/268
f 324/613/268 1521/614/1184 3465/615/2700 1522/616/1185
f 1521/614/1184 330/583/274 1509/586/1172 3465/615/2700
f 3465/615/2700 1509/586/1172 328/591/272 1523/617/1186
f 1522/616/1185 3465/615/2700 1523/617/1186 322/618/266
f 325/596/269 1524/619/1187 3466/620/2701 1514/597/1177
f 1524/619/1187 319/621/263 1525/622/1188 3466/620/2701
f 3466/620/2701 1525/622/1188 321/623/265 1526/624/1189
f 1514/597/1177 3466/620/2701 1526/624/1189 327/598/271
f 327/598/271 1526/624/1189 3467/625/2702 1517/626/1180
f 1526/624/1189 321/623/265 1527/627/1190 3467/625/2702
f 3467/625/2702 1527/627/1190 320/628/264 1528/629/1191
f 1517/626/1180 3467/625/2702 1528/629/1191 326/630/270
f 317/631/261 1530/632/1193 3468/633/2703 1529/634/1192
f 1530/632/1193 323/607/267 1519/610/1182 3468/633/2703
f 3468/633/2703 1519/610/1182 324/612/268 1531/635/1194
f 1529/634/1192 3468/633/2703 1531/635/1194 318/636/262
f 318/637/262 1531/638/1194 3469/639/2704 1532/640/1195
f 1531/638/1194 324/613/268 1522/616/1185 3469/639/2704
f 3469/639/2704 1522/616/1185 322/618/266 1533/641/1196
f 1532/640/1195 3469/639/2704 1533/641/1196 316/642/260
f 319/621/263 1534/643/1197 3470/644/2705 1525/645/1188
f 1534/643/1197 313/646/257 1535/647/1198 3470/644/2705
f 3470/644/2705 1535/647/1198 315/648/259 1536/649/1199
f 1525/645/1188 3470/644/2705 1536/649/1199 321/650/265
f 321/623/265 1536/651/1199 3471/652/2706 1527/627/1190
f 1536/651/1199 315/653/259 1537/654/1200 3471/652/2706
f 3471/652/2706 1537/654/1200 314/655/258 1538/656/1201
f 1527/627/1190 3471/652/2706 1538/656/1201 320/628/264
f 307/427/251 1539/657/1202 3472/658/2707 1446/428/1109
f 1539/657/1202 317/631/261 1529/634/1192 3472/658/2707
f 3472/658/2707 1529/634/1192 318/636/262 1540/659/1203
f 1446/428/1109 3472/658/2707 1540/659/1203 309/429/253
f 309/436/253 1540/660/1203 3473/661/2708 1449/662/1112
f 1540/660/1203 318/637/262 1532/640/1195 3473/661/2708
f 3473/661/2708 1532/640/1195 316/642/260 1541/663/1204
f 1449/662/1112 3473/661/2708 1541/663/1204 308/664/252
f 313/665/257 1542/666/1205 3474/667/2709 1535/668/1198
f 1542/666/1205 311/408/255 1437/411/1100 3474/667/2709
f 3474/667/2709 1437/411/1100 312/416/256 1543/669/1206
f 1535/668/1198 3474/667/2709 1543/669/1206 315/653/259
f 315/653/259 1543/669/1206 3475/670/2710 1537/654/1200
f 1543/669/1206 312/416/256 1441/671/1104 3475/670/2710
f 3475/670/2710 1441/671/1104 310/672/254 1544/673/1207
f 1537/654/1200 3475/670/2710 1544/673/1207 314/655/258
f 299/674/243 1546/675/1209 3476/676/2711 1545/677/1208
f 1546/675/1209 341/552/285 1495/555/1158 3476/676/2711
f 3476/676/2711 1495/555/1158 342/557/286 1547/678/1210
f 1545/677/1208 3476/676/2711 1547/678/1210 300/679/244
f 300/680/244 1547/681/1210 3477/682/2712 1548/683/1211
f 1547/681/1210 342/558/286 1498/561/1161 3477/682/2712
f 3477/682/2712 1498/561/1161 340/563/284 1549/684/1212
f 1548/683/1211 3477/682/2712 1549/684/1212 298/685/242
f 337/566/281 1550/686/1213 3478/687/2713 1501/567/1164
f 1550/686/1213 295/688/239 1551/689/1214 3478/687/2713
f 3478/687/2713 1551/689/1214 297/690/241 1552/691/1215
f 1501/567/1164 3478/687/2713 1552/691/1215 339/568/283
f 339/568/283 1552/691/1215 3479/692/2714 1503/693/1166
f 1552/691/1215 297/690/241 1553/694/1216 3479/692/2714
f 3479/692/2714 1553/694/1216 296/695/240 1554/696/1217
f 1503/693/1166 3479/692/2714 1554/696/1217 338/697/282
f 289/490/233 1555/698/1218 3480/699/2715 1469/491/1132
f 1555/698/1218 299/674/243 1545/677/1208 3480/699/2715
f 3480/699/2715 1545/677/1208 300/679/244 1556/700/1219
f 1469/491/1132 3480/699/2715 1556/700/1219 291/492/235
f 291/499/235 1556/701/1219 3481/702/2716 1472/703/1135
f 1556/701/1219 300/680/244 1548/704/1211 3481/702/2716
f 3481/702/2716 1548/704/1211 298/705/242 1557/706/1220
f 1472/703/1135 3481/702/2716 1557/706/1220 290/707/234
f 295/688/239 1558/708/1221 3482/709/2717 1551/689/1214
f 1558/708/1221 293/504/237 1474/507/1137 3482/709/2717
f 3482/709/2717 1474/507/1137 294/512/238 1559/710/1222
f 1551/689/1214 3482/709/2717 1559/710/1222 297/690/241
f 297/690/241 1559/710/1222 3483/711/2718 1553/712/1216
f 1559/710/1222 294/512/238 1478/713/1141 3483/711/2718
f 3483/711/2718 1478/713/1141 292/714/236 1560/715/1223
f 1553/712/1216 3483/711/2718 1560/715/1223 296/716/240
f 189/717/133 1562/718/1225 3484/719/2719 1561/720/1224
f 1562/718/1225 283/721/227 1563/722/1226 3484/719/2719
f 3484/719/2719 1563/722/1226 285/723/229 1564/724/1227
f 1561/720/1224 3484/719/2719 1564/724/1227 190/725/134
f 190/726/134 1564/727/1227 3485/728/2720 1565/729/1228
f 1564/727/1227 285/730/229 1566/731/1229 3485/728/2720
f 3485/728/2720 1566/731/1229 284/732/228 1567/733/1230
f 1565/729/1228 3485/728/2720 1567/733/1230 188/734/132
f 287/735/231 1569/736/1232 3486/737/2721 1568/738/1231
f 1569/736/1232 185/739/129 1570/740/1233 3486/737/2721
f 3486/737/2721 1570/740/1233 187/741/131 1571/742/1234
f 1568/738/1231 3486/737/2721 1571/742/1234 288/743/232
f 288/743/232 1571/742/1234 3487/744/2722 1572/745/1235
f 1571/742/1234 187/741/131 1573/746/1236 3487/744/2722
f 3487/744/2722 1573/746/1236 186/747/130 1574/748/1237
f 1572/745/1235 3487/744/2722 1574/748/1237 286/749/230
f 281/750/225 1576/751/1239 3488/752/2723 1575/753/1238
f 1576/751/1239 271/754/215 1577/755/1240 3488/752/2723
f 3488/752/2723 1577/755/1240 273/756/217 1578/757/1241
f 1575/753/1238 3488/752/2723 1578/757/1241 282/758/226
f 282/759/226 1578/760/1241 3489/761/2724 1579/762/1242
f 1578/760/1241 273/763/217 1580/764/1243 3489/761/2724
f 3489/761/2724 1580/764/1243 272/765/216 1581/766/1244
f 1579/762/1242 3489/761/2724 1581/766/1244 280/767/224
f 275/768/219 1583/769/1246 3490/770/2725 1582/771/1245
f 1583/769/1246 277/772/221 1584/773/1247 3490/770/2725
f 3490/770/2725 1584/773/1247 279/774/223 1585/775/1248
f 1582/771/1245 3490/770/2725 1585/775/1248 276/776/220
f 276/776/220 1585/775/1248 3491/777/2726 1586/778/1249
f 1585/775/1248 279/774/223 1587/779/1250 3491/777/2726
f 3491/777/2726 1587/779/1250 278/780/222 1588/781/1251
f 1586/778/1249 3491/777/2726 1588/781/1251 274/782/218
f 219/783/163 1590/784/1253 3492/785/2727 1589/786/1252
f 1590/784/1253 265/787/209 1591/788/1254 3492/785/2727
f 3492/785/2727 1591/788/1254 267/789/211 1592/790/1255
f 1589/786/1252 3492/785/2727 1592/790/1255 220/791/164
f 220/792/164 1592/793/1255 3493/794/2728 1593/795/1256
f 1592/793/1255 267/796/211 1594/797/1257 3493/794/2728
f 3493/794/2728 1594/797/1257 266/798/210 1595/799/1258
f 1593/795/1256 3493/794/2728 1595/799/1258 218/800/162
f 269/801/213 1597/802/1260 3494/803/2729 1596/804/1259
f 1597/802/1260 215/805/159 1598/806/1261 3494/803/2729
f 3494/803/2729 1598/806/1261 217/807/161 1599/808/1262
f 1596/804/1259 3494/803/2729 1599/808/1262 270/809/214
f 270/809/214 1599/808/1262 3495/810/2730 1600/811/1263
f 1599/808/1262 217/807/161 1601/812/1264 3495/810/2730
f 3495/810/2730 1601/812/1264 216/813/160 1602/814/1265
f 1600/811/1263 3495/810/2730 1602/814/1265 268/815/212
f 271/754/215 1603/816/1266 3496/817/2731 1577/755/1240
f 1603/816/1266 209/818/153 1604/819/1267 3496/817/2731
f 3496/817/2731 1604/819/1267 211/820/155 1605/821/1268
f 1577/755/1240 3496/817/2731 1605/821/1268 273/756/217
f 273/763/217 1605/822/1268 3497/823/2732 1580/824/1243
f 1605/822/1268 211/825/155 1606/826/1269 3497/823/2732
f 3497/823/2732 1606/826/1269 210/827/154 1607/828/1270
f 1580/824/1243 3497/823/2732 1607/828/1270 272/829/216
f 213/830/157 1609/831/1272 3498/832/2733 1608/833/1271
f 1609/831/1272 275/768/219 1582/771/1245 3498/832/2733
f 3498/832/2733 1582/771/1245 276/776/220 1610/834/1273
f 1608/833/1271 3498/832/2733 1610/834/1273 214/835/158
f 214/835/158 1610/834/1273 3499/836/2734 1611/837/1274
f 1610/834/1273 276/776/220 1586/838/1249 3499/836/2734
f 3499/836/2734 1586/838/1249 274/839/218 1612/840/1275
f 1611/837/1274 3499/836/2734 1612/840/1275 212/841/156
f 265/787/209 1613/842/1276 3500/843/2735 1591/788/1254
f 1613/842/1276 281/750/225 1575/753/1238 3500/843/2735
f 3500/843/2735 1575/753/1238 282/758/226 1614/844/1277
f 1591/788/1254 3500/843/2735 1614/844/1277 267/789/211
f 267/796/211 1614/845/1277 3501/846/2736 1594/847/1257
f 1614/845/1277 282/759/226 1579/848/1242 3501/846/2736
f 3501/846/2736 1579/848/1242 280/849/224 1615/850/1278
f 1594/847/1257 3501/846/2736 1615/850/1278 266/851/210
f 277/772/221 1616/852/1279 3502/853/2737 1584/773/1247
f 1616/852/1279 269/801/213 1596/804/1259 3502/853/2737
f 3502/853/2737 1596/804/1259 270/809/214 1617/854/1280
f 1584/773/1247 3502/853/2737 1617/854/1280 279/774/223
f 279/774/223 1617/854/1280 3503/855/2738 1587/856/1250
f 1617/854/1280 270/809/214 1600/857/1263 3503/855/2738
f 3503/855/2738 1600/857/1263 268/858/212 1618/859/1281
f 1587/856/1250 3503/855/2738 1618/859/1281 278/860/222
f 263/861/207 1620/862/1283 3504/863/2739 1619/864/1282
f 1620/862/1283 197/865/141 1621/866/1284 3504/863/2739
f 3504/863/2739 1621/866/1284 199/867/143 1622/868/1285
f 1619/864/1282 3504/863/2739 1622/868/1285 264/869/208
f 264/869/208 1622/868/1285 3505/870/2740 1623/871/1286
f 1622/868/1285 199/867/143 1624/872/1287 3505/870/2740
f 3505/870/2740 1624/872/1287 198/873/142 1625/874/1288
f 1623/871/1286 3505/870/2740 1625/874/1288 262/875/206
f 259/876/203 1630/877/1293 3506/878/2741 1629/879/1292
f 1630/877/1293 247/537/191 1488/540/1151 3506/878/2741
f 3506/878/2741 1488/540/1151 248/545/192 1631/880/1294
f 1629/879/1292 3506/878/2741 1631/880/1294 260/881/204
f 260/881/204 1631/880/1294 3507/882/2742 1632/883/1295
f 1631/880/1294 248/545/192 1492/884/1155 3507/882/2742
f 3507/882/2742 1492/884/1155 246/885/190 1633/886/1296
f 1632/883/1295 3507/882/2742 1633/886/1296 258/887/202
f 243/523/187 1634/888/1297 3508/889/2743 1483/524/1146
f 1634/888/1297 255/890/199 1635/891/1298 3508/889/2743
f 3508/889/2743 1635/891/1298 257/892/201 1636/893/1299
f 1483/524/1146 3508/889/2743 1636/893/1299 245/525/189
f 245/532/189 1636/894/1299 3509/895/2744 1486/533/1149
f 1636/894/1299 257/896/201 1637/897/1300 3509/895/2744
f 3509/895/2744 1637/897/1300 256/898/200 1638/899/1301
f 1486/533/1149 3509/895/2744 1638/899/1301 244/534/188
f 253/900/197 1640/901/1303 3510/902/2745 1639/903/1302
f 1640/901/1303 213/830/157 1608/833/1271 3510/902/2745
f 3510/902/2745 1608/833/1271 214/835/158 1641/904/1304
f 1639/903/1302 3510/902/2745 1641/904/1304 254/905/198
f 254/905/198 1641/904/1304 3511/906/2746 1642/907/1305
f 1641/904/1304 214/835/158 1611/837/1274 3511/906/2746
f 3511/906/2746 1611/837/1274 212/841/156 1643/908/1306
f 1642/907/1305 3511/906/2746 1643/908/1306 252/909/196
f 209/818/153 1644/910/1307 3512/911/2747 1604/819/1267
f 1644/910/1307 249/912/193 1645/913/1308 3512/911/2747
f 3512/911/2747 1645/913/1308 251/914/195 1646/915/1309
f 1604/819/1267 3512/911/2747 1646/915/1309 211/820/155
f 211/825/155 1646/916/1309 3513/917/2748 1606/826/1269
f 1646/916/1309 251/918/195 1647/919/1310 3513/917/2748
f 3513/917/2748 1647/919/1310 250/920/194 1648/921/1311
f 1606/826/1269 3513/917/2748 1648/921/1311 210/827/154
f 237/922/181 1650/923/1313 3514/924/2749 1649/925/1312
f 1650/923/1313 239/926/183 1651/927/1314 3514/924/2749
f 3514/924/2749 1651/927/1314 241/928/185 1652/929/1315
f 1649/925/1312 3514/924/2749 1652/929/1315 238/930/182
f 238/930/182 1652/929/1315 3515/931/2750 1653/932/1316
f 1652/929/1315 241/928/185 1654/933/1317 3515/931/2750
f 3515/931/2750 1654/933/1317 240/934/184 1655/935/1318
f 1653/932/1316 3515/931/2750 1655/935/1318 236/936/180
f 231/937/175 1660/938/1323 3516/939/2751 1659/940/1322
f 1660/938/1323 237/922/181 1649/925/1312 3516/939/2751
f 3516/939/2751 1649/925/1312 238/930/182 1661/941/1324
f 1659/940/1322 3516/939/2751 1661/941/1324 232/942/176
f 232/942/176 1661/941/1324 3517/943/2752 1662/944/1325
f 1661/941/1324 238/930/182 1653/945/1316 3517/943/2752
f 3517/943/2752 1653/945/1316 236/946/180 1663/947/1326
f 1662/944/1325 3517/943/2752 1663/947/1326 230/948/174
f 233/949/177 1664/950/1327 3518/951/2753 1656/952/1319
f 1664/950/1327 227/953/171 1665/954/1328 3518/951/2753
f 3518/951/2753 1665/954/1328 229/955/173 1666/956/1329
f 1656/952/1319 3518/951/2753 1666/956/1329 235/957/179
f 235/958/179 1666/959/1329 3519/960/2754 1657/961/1320
f 1666/959/1329 229/962/173 1667/963/1330 3519/960/2754
f 3519/960/2754 1667/963/1330 228/964/172 1668/965/1331
f 1657/961/1320 3519/960/2754 1668/965/1331 234/966/178
f 225/967/169 1670/968/1333 3520/969/2755 1669/970/1332
f 1670/968/1333 231/971/175 1659/972/1322 3520/969/2755
f 3520/969/2755 1659/972/1322 232/942/176 1671/973/1334
f 1669/970/1332 3520/969/2755 1671/973/1334 226/974/170
f 226/974/170 1671/975/1334 3521/976/2756 1672/977/1335
f 1671/975/1334 232/942/176 1662/944/1325 3521/976/2756
f 3521/976/2756 1662/944/1325 230/948/174 1673/978/1336
f 1672/977/1335 3521/976/2756 1673/978/1336 224/979/168
f 227/953/171 1674/980/1337 3522/981/2757 1665/954/1328
f 1674/980/1337 221/982/165 1675/983/1338 3522/981/2757
f 3522/981/2757 1675/983/1338 223/984/167 1676/985/1339
f 1665/954/1328 3522/981/2757 1676/985/1339 229/955/173
f 229/962/173 1676/986/1339 3523/987/2758 1667/963/1330
f 1676/986/1339 223/988/167 1677/989/1340 3523/987/2758
f 3523/987/2758 1677/989/1340 222/990/166 1678/991/1341
f 1667/963/1330 3523/987/2758 1678/991/1341 228/964/172
f 215/805/159 1679/992/1342 3524/993/2759 1598/806/1261
f 1679/992/1342 225/994/169 1669/995/1332 3524/993/2759
f 3524/993/2759 1669/995/1332 226/974/170 1680/996/1343
f 1598/806/1261 3524/993/2759 1680/996/1343 217/807/161
f 217/807/161 1680/996/1343 3525/997/2760 1601/998/1264
f 1680/996/1343 226/974/170 1672/977/1335 3525/997/2760
f 3525/997/2760 1672/977/1335 224/979/168 1681/999/1344
f 1601/998/1264 3525/997/2760 1681/999/1344 216/1000/160
f 221/982/165 1682/1001/1345 3526/1002/2761 1675/983/1338
f 1682/1001/1345 219/783/163 1589/786/1252 3526/1002/2761
f 3526/1002/2761 1589/786/1252 220/791/164 1683/1003/1346
f 1675/983/1338 3526/1002/2761 1683/1003/1346 223/984/167
f 223/988/167 1683/1004/1346 3527/1005/2762 1677/989/1340
f 1683/1004/1346 220/792/164 1593/1006/1256 3527/1005/2762
f 3527/1005/2762 1593/1006/1256 218/1007/162 1684/1008/1347
f 1677/989/1340 3527/1005/2762 1684/1008/1347 222/990/166
f 207/1009/151 1686/1010/1349 3528/1011/2763 1685/1012/1348
f 1686/1010/1349 253/900/197 1639/903/1302 3528/1011/2763
f 3528/1011/2763 1639/903/1302 254/905/198 1687/1013/1350
f 1685/1012/1348 3528/1011/2763 1687/1013/1350 208/1014/152
f 208/1014/152 1687/1013/1350 3529/1015/2764 1688/1016/1351
f 1687/1013/1350 254/905/198 1642/1017/1305 3529/1015/2764
f 3529/1015/2764 1642/1017/1305 252/1018/196 1689/1019/1352
f 1688/1016/1351 3529/1015/2764 1689/1019/1352 206/1020/150
f 249/912/193 1690/1021/1353 3530/1022/2765 1645/913/1308
f 1690/1021/1353 203/1023/147 1691/1024/1354 3530/1022/2765
f 3530/1022/2765 1691/1024/1354 205/1025/149 1692/1026/1355
f 1645/913/1308 3530/1022/2765 1692/1026/1355 251/914/195
f 251/918/195 1692/1027/1355 3531/1028/2766 1647/919/1310
f 1692/1027/1355 205/1029/149 1693/1030/1356 3531/1028/2766
f 3531/1028/2766 1693/1030/1356 204/1031/148 1694/1032/1357
f 1647/919/1310 3531/1028/2766 1694/1032/1357 250/920/194
f 197/865/141 1695/1033/1358 3532/1034/2767 1621/866/1284
f 1695/1033/1358 207/1009/151 1685/1012/1348 3532/1034/2767
f 3532/1034/2767 1685/1012/1348 208/1014/152 1696/1035/1359
f 1621/866/1284 3532/1034/2767 1696/1035/1359 199/867/143
f 199/867/143 1696/1035/1359 3533/1036/2768 1624/1037/1287
f 1696/1035/1359 208/1014/152 1688/1038/1351 3533/1036/2768
f 3533/1036/2768 1688/1038/1351 206/1039/150 1697/1040/1360
f 1624/1037/1287 3533/1036/2768 1697/1040/1360 198/1041/142
f 203/1023/147 1698/1042/1361 3534/1043/2769 1691/1024/1354
f 1698/1042/1361 201/1044/145 1626/1045/1289 3534/1043/2769
f 3534/1043/2769 1626/1045/1289 202/1046/146 1699/1047/1362
f 1691/1024/1354 3534/1043/2769 1699/1047/1362 205/1025/149
f 205/1029/149 1699/1048/1362 3535/1049/2770 1693/1050/1356
f 1699/1048/1362 202/1051/146 1627/1052/1290 3535/1049/2770
f 3535/1049/2770 1627/1052/1290 200/1053/144 1700/1054/1363
f 1693/1050/1356 3535/1049/2770 1700/1054/1363 204/1055/148
f 185/739/129 1701/1056/1364 3536/1057/2771 1570/740/1233
f 1701/1056/1364 191/1058/135 1702/1059/1365 3536/1057/2771
f 3536/1057/2771 1702/1059/1365 193/1060/137 1703/1061/1366
f 1570/740/1233 3536/1057/2771 1703/1061/1366 187/741/131
f 187/741/131 1703/1061/1366 3537/1062/2772 1573/1063/1236
f 1703/1061/1366 193/1060/137 1704/1064/1367 3537/1062/2772
f 3537/1062/2772 1704/1064/1367 192/1065/136 1705/1066/1368
f 1573/1063/1236 3537/1062/2772 1705/1066/1368 186/1067/130
f 195/1068/139 1707/1069/1370 3538/1070/2773 1706/1071/1369
f 1707/1069/1370 189/717/133 1561/720/1224 3538/1070/2773
f 3538/1070/2773 1561/720/1224 190/725/134 1708/1072/1371
f 1706/1071/1369 3538/1070/2773 1708/1072/1371 196/1073/140
f 196/1074/140 1708/1075/1371 3539/1076/2774 1709/1077/1372
f 1708/1075/1371 190/726/134 1565/1078/1228 3539/1076/2774
f 3539/1076/2774 1565/1078/1228 188/1079/132 1710/1080/1373
f 1709/1077/1372 3539/1076/2774 1710/1080/1373 194/1081/138
f 343/541/287 1712/1082/1375 3540/1083/2775 1490/542/1153
f 1712/1082/1375 373/1084/317 1713/1085/1376 3540/1083/2775
f 3540/1083/2775 1713/1085/1376 375/1086/319 1714/1087/1377
f 1490/542/1153 3540/1083/2775 1714/1087/1377 345/543/289
f 345/543/289 1714/1087/1377 3541/1088/2776 1493/1089/1156
f 1714/1087/1377 375/1086/319 1715/1090/1378 3541/1088/2776
f 3541/1088/2776 1715/1090/1378 374/1091/318 1716/1092/1379
f 1493/1089/1156 3541/1088/2776 1716/1092/1379 344/1093/288
f 379/1094/323 1719/1095/1382 3542/1096/2777 1718/1097/1381
f 1719/1095/1382 287/735/231 1568/738/1231 3542/1096/2777
f 3542/1096/2777 1568/738/1231 288/743/232 1720/1098/1383
f 1718/1097/1381 3542/1096/2777 1720/1098/1383 380/1099/324
f 380/1099/324 1720/1098/1383 3543/1100/2778 1721/1101/1384
f 1720/1098/1383 288/743/232 1572/1102/1235 3543/1100/2778
f 3543/1100/2778 1572/1102/1235 286/1103/230 1722/1104/1385
f 1721/1101/1384 3543/1100/2778 1722/1104/1385 378/1105/322
f 391/1106/335 1724/1107/1387 3544/1108/2779 1723/1109/1386
f 1724/1107/1387 259/876/203 1629/879/1292 3544/1108/2779
f 3544/1108/2779 1629/879/1292 260/881/204 1725/1110/1388
f 1723/1109/1386 3544/1108/2779 1725/1110/1388 392/1111/336
f 392/1111/336 1725/1110/1388 3545/1112/2780 1726/1113/1389
f 1725/1110/1388 260/881/204 1632/1114/1295 3545/1112/2780
f 3545/1112/2780 1632/1114/1295 258/1115/202 1727/1116/1390
f 1726/1113/1389 3545/1112/2780 1727/1116/1390 390/1117/334
f 255/890/199 1728/1118/1391 3546/1119/2781 1635/891/1298
f 1728/1118/1391 387/1120/331 1729/1121/1392 3546/1119/2781
f 3546/1119/2781 1729/1121/1392 389/1122/333 1730/1123/1393
f 1635/891/1298 3546/1119/2781 1730/1123/1393 257/892/201
f 257/896/201 1730/1124/1393 3547/1125/2782 1637/897/1300
f 1730/1124/1393 389/1126/333 1731/1127/1394 3547/1125/2782
f 3547/1125/2782 1731/1127/1394 388/1128/332 1732/1129/1395
f 1637/897/1300 3547/1125/2782 1732/1129/1395 256/898/200
f 373/1084/317 1734/1130/1397 3548/1131/2783 1713/1085/1376
f 1734/1130/1397 335/592/279 1512/595/1175 3548/1131/2783
f 3548/1131/2783 1512/595/1175 336/600/280 1735/1132/1398
f 1713/1085/1376 3548/1131/2783 1735/1132/1398 375/1086/319
f 375/1086/319 1735/1132/1398 3549/1133/2784 1715/1134/1378
f 1735/1132/1398 336/600/280 1516/1135/1179 3549/1133/2784
f 3549/1133/2784 1516/1135/1179 334/1136/278 1736/1137/1399
f 1715/1134/1378 3549/1133/2784 1736/1137/1399 374/1138/318
f 349/508/293 1738/1139/1401 3550/1140/2785 1476/509/1139
f 1738/1139/1401 379/1094/323 1718/1097/1381 3550/1140/2785
f 3550/1140/2785 1718/1097/1381 380/1099/324 1739/1141/1402
f 1476/509/1139 3550/1140/2785 1739/1141/1402 351/510/295
f 351/510/295 1739/1141/1402 3551/1142/2786 1479/1143/1142
f 1739/1141/1402 380/1099/324 1721/1144/1384 3551/1142/2786
f 3551/1142/2786 1721/1144/1384 378/1145/322 1740/1146/1403
f 1479/1143/1142 3551/1142/2786 1740/1146/1403 350/1147/294
f 191/1058/135 1741/1148/1404 3552/1149/2787 1702/1059/1365
f 1741/1148/1404 381/1150/325 1742/1151/1405 3552/1149/2787
f 3552/1149/2787 1742/1151/1405 383/1152/327 1743/1153/1406
f 1702/1059/1365 3552/1149/2787 1743/1153/1406 193/1060/137
f 193/1060/137 1743/1153/1406 3553/1154/2788 1704/1155/1367
f 1743/1153/1406 383/1152/327 1744/1156/1407 3553/1154/2788
f 3553/1154/2788 1744/1156/1407 382/1157/326 1745/1158/1408
f 1704/1155/1367 3553/1154/2788 1745/1158/1408 192/1159/136
f 385/1160/329 1747/1161/1410 3554/1162/2789 1746/1163/1409
f 1747/1161/1410 195/1068/139 1706/1071/1369 3554/1162/2789
f 3554/1162/2789 1706/1071/1369 196/1073/140 1748/1164/1411
f 1746/1163/1409 3554/1162/2789 1748/1164/1411 386/1165/330
f 386/1166/330 1748/1167/1411 3555/1168/2790 1749/1169/1412
f 1748/1167/1411 196/1074/140 1709/1077/1372 3555/1168/2790
f 3555/1168/2790 1709/1077/1372 194/1081/138 1750/1170/1413
f 1749/1169/1412 3555/1168/2790 1750/1170/1413 384/1171/328
f 381/1150/325 1751/1172/1414 3556/1173/2791 1742/1151/1405
f 1751/1172/1414 263/861/207 1619/864/1282 3556/1173/2791
f 3556/1173/2791 1619/864/1282 264/869/208 1752/1174/1415
f 1742/1151/1405 3556/1173/2791 1752/1174/1415 383/1152/327
f 383/1152/327 1752/1174/1415 3557/1175/2792 1744/1176/1407
f 1752/1174/1415 264/869/208 1623/1177/1286 3557/1175/2792
f 3557/1175/2792 1623/1177/1286 262/1178/206 1753/1179/1416
f 1744/1176/1407 3557/1175/2792 1753/1179/1416 382/1180/326
f 239/926/183 1755/1181/1418 3558/1182/2793 1651/927/1314
f 1755/1181/1418 391/1106/335 1723/1109/1386 3558/1182/2793
f 3558/1182/2793 1723/1109/1386 392/1111/336 1756/1183/1419
f 1651/927/1314 3558/1182/2793 1756/1183/1419 241/928/185
f 241/928/185 1756/1183/1419 3559/1184/2794 1654/1185/1317
f 1756/1183/1419 392/1111/336 1726/1186/1389 3559/1184/2794
f 3559/1184/2794 1726/1186/1389 390/1187/334 1757/1188/1420
f 1654/1185/1317 3559/1184/2794 1757/1188/1420 240/1189/184
f 186/1190/130 1705/1191/1368 3560/1192/2795 1759/1193/1422
f 1705/1191/1368 192/1194/136 1760/1195/1423 3560/1192/2795
f 3560/1192/2795 1760/1195/1423 194/1196/138 1710/1197/1373
f 1759/1193/1422 3560/1192/2795 1710/1197/1373 188/1198/132
f 191/1199/135 1701/1200/1364 3561/1201/2796 1761/1202/1424
f 1701/1200/1364 185/739/129 1762/1203/1425 3561/1201/2796
f 3561/1201/2796 1762/1203/1425 90/1204/34 1276/1205/939
f 1761/1202/1424 3561/1201/2796 1276/1205/939 92/325/36
f 188/1206/132 1567/1207/1230 3562/1208/2797 1759/1209/1422
f 1567/1207/1230 284/1210/228 1763/1211/1426 3562/1208/2797
f 3562/1208/2797 1763/1211/1426 286/1212/230 1574/1213/1237
f 1759/1209/1422 3562/1208/2797 1574/1213/1237 186/1214/130
f 134/365/78 1338/1215/1001 3563/1216/2798 1764/1217/1427
f 1338/1215/1001 90/123/34 1762/1218/1425 3563/1216/2798
f 3563/1216/2798 1762/1218/1425 185/739/129 1569/1219/1232
f 1764/1217/1427 3563/1216/2798 1569/1219/1232 287/1220/231
f 91/116/35 1275/1221/938 3564/1222/2799 1765/1223/1428
f 1275/1221/938 89/1224/33 1766/1225/1429 3564/1222/2799
f 3564/1222/2799 1766/1225/1429 189/1226/133 1707/1227/1370
f 1765/1223/1428 3564/1222/2799 1707/1227/1370 195/1228/139
f 283/721/227 1562/1229/1225 3565/1230/2800 1767/1231/1430
f 1562/1229/1225 189/1226/133 1766/1232/1429 3565/1230/2800
f 3565/1230/2800 1766/1232/1429 89/283/33 1339/280/1002
f 1767/1231/1430 3565/1230/2800 1339/280/1002 135/279/79
f 192/1233/136 1745/1234/1408 3566/1235/2801 1760/1236/1423
f 1745/1234/1408 382/1237/326 1768/1238/1431 3566/1235/2801
f 3566/1235/2801 1768/1238/1431 384/1239/328 1750/1240/1413
f 1760/1236/1423 3566/1235/2801 1750/1240/1413 194/1241/138
f 381/1242/325 1741/1243/1404 3567/1244/2802 1769/1245/1432
f 1741/1243/1404 191/1199/135 1761/1202/1424 3567/1244/2802
f 3567/1244/2802 1761/1202/1424 92/325/36 1412/1246/1075
f 1769/1245/1432 3567/1244/2802 1412/1246/1075 183/333/127
f 184/320/128 1414/1247/1077 3568/1248/2803 1770/1249/1433
f 1414/1247/1077 91/116/35 1765/1223/1428 3568/1248/2803
f 3568/1248/2803 1765/1223/1428 195/1228/139 1747/1250/1410
f 1770/1249/1433 3568/1248/2803 1747/1250/1410 385/1251/329
f 197/1252/141 1620/1253/1283 3569/1254/2804 1771/1255/1434
f 1620/1253/1283 263/1256/207 1772/1257/1435 3569/1254/2804
f 3569/1254/2804 1772/1257/1435 114/1258/58 1304/1259/967
f 1771/1255/1434 3569/1254/2804 1304/1259/967 94/24/38
f 262/1260/206 1625/1261/1288 3570/1262/2805 1773/1263/1436
f 1625/1261/1288 198/1264/142 1774/1265/1437 3570/1262/2805
f 3570/1262/2805 1774/1265/1437 200/1266/144 1628/1267/1291
f 1773/1263/1436 3570/1262/2805 1628/1267/1291 261/1268/205
f 198/1269/142 1697/1270/1360 3571/1271/2806 1774/1272/1437
f 1697/1270/1360 206/1273/150 1775/1274/1438 3571/1271/2806
f 3571/1271/2806 1775/1274/1438 204/1275/148 1700/1276/1363
f 1774/1272/1437 3571/1271/2806 1700/1276/1363 200/1277/144
f 207/1009/151 1695/1278/1358 3572/1279/2807 1776/1280/1439
f 1695/1278/1358 197/1252/141 1771/1255/1434 3572/1279/2807
f 3572/1279/2807 1771/1255/1434 94/24/38 1278/1281/941
f 1776/1280/1439 3572/1279/2807 1278/1281/941 96/94/40
f 95/1282/39 1277/1283/940 3573/1284/2808 1777/1285/1440
f 1277/1283/940 93/1286/37 1778/1287/1441 3573/1284/2808
f 3573/1284/2808 1778/1287/1441 201/1288/145 1698/1289/1361
f 1777/1285/1440 3573/1284/2808 1698/1289/1361 203/1290/147
f 206/1291/150 1689/1292/1352 3574/1293/2809 1775/1294/1438
f 1689/1292/1352 252/1295/196 1779/1296/1442 3574/1293/2809
f 3574/1293/2809 1779/1296/1442 250/1297/194 1694/1298/1357
f 1775/1294/1438 3574/1293/2809 1694/1298/1357 204/1299/148
f 110/64/54 1279/1300/942 3575/1301/2810 1780/1302/1443
f 1279/1300/942 95/1282/39 1777/1285/1440 3575/1301/2810
f 3575/1301/2810 1777/1285/1440 203/1290/147 1690/1303/1353
f 1780/1302/1443 3575/1301/2810 1690/1303/1353 249/1304/193
f 253/1305/197 1686/1306/1349 3576/1307/2811 1781/1308/1444
f 1686/1306/1349 207/1009/151 1776/1280/1439 3576/1307/2811
f 3576/1307/2811 1776/1280/1439 96/94/40 1280/1309/943
f 1781/1308/1444 3576/1307/2811 1280/1309/943 111/1310/55
f 209/1311/153 1603/816/1266 3577/1312/2812 1782/1313/1445
f 1603/816/1266 271/754/215 1783/1314/1446 3577/1312/2812
f 3577/1312/2812 1783/1314/1446 131/145/75 1331/144/994
f 1782/1313/1445 3577/1312/2812 1331/144/994 97/1315/41
f 272/1316/216 1607/1317/1270 3578/1318/2813 1784/1319/1447
f 1607/1317/1270 210/1320/154 1785/1321/1448 3578/1318/2813
f 3578/1318/2813 1785/1321/1448 212/1322/156 1612/1323/1275
f 1784/1319/1447 3578/1318/2813 1612/1323/1275 274/1324/218
f 252/1325/196 1643/1326/1306 3579/1327/2814 1779/1328/1442
f 1643/1326/1306 212/1322/156 1785/1329/1448 3579/1327/2814
f 3579/1327/2814 1785/1329/1448 210/1320/154 1648/1330/1311
f 1779/1328/1442 3579/1327/2814 1648/1330/1311 250/1331/194
f 97/66/41 1290/65/953 3580/1332/2815 1782/1313/1445
f 1290/65/953 110/64/54 1780/1302/1443 3580/1332/2815
f 3580/1332/2815 1780/1302/1443 249/1304/193 1644/1333/1307
f 1782/1313/1445 3580/1332/2815 1644/1333/1307 209/1334/153
f 213/1335/157 1640/1336/1303 3581/1337/2816 1786/1338/1449
f 1640/1336/1303 253/1305/197 1781/1308/1444 3581/1337/2816
f 3581/1337/2816 1781/1308/1444 111/1310/55 1291/1339/954
f 1786/1338/1449 3581/1337/2816 1291/1339/954 98/71/42
f 98/152/42 1330/151/993 3582/1340/2817 1786/1341/1449
f 1330/151/993 130/150/74 1787/1342/1450 3582/1340/2817
f 3582/1340/2817 1787/1342/1450 275/768/219 1609/831/1272
f 1786/1341/1449 3582/1340/2817 1609/831/1272 213/830/157
f 216/1343/160 1681/1344/1344 3583/1345/2818 1788/1346/1451
f 1681/1344/1344 224/1347/168 1789/1348/1452 3583/1345/2818
f 3583/1345/2818 1789/1348/1452 222/1349/166 1684/1350/1347
f 1788/1346/1451 3583/1345/2818 1684/1350/1347 218/1351/162
f 225/1352/169 1679/1353/1342 3584/1354/2819 1790/1355/1453
f 1679/1353/1342 215/1356/159 1791/1357/1454 3584/1354/2819
f 3584/1354/2819 1791/1357/1454 100/82/44 1282/1358/945
f 1790/1355/1453 3584/1354/2819 1282/1358/945 102/55/46
f 218/1359/162 1595/1360/1258 3585/1361/2820 1788/1362/1451
f 1595/1360/1258 266/1363/210 1792/1364/1455 3585/1361/2820
f 3585/1361/2820 1792/1364/1455 268/1365/212 1602/1366/1265
f 1788/1362/1451 3585/1361/2820 1602/1366/1265 216/1367/160
f 128/136/72 1332/134/995 3586/1368/2821 1793/1369/1456
f 1332/134/995 100/1370/44 1791/1371/1454 3586/1368/2821
f 3586/1368/2821 1791/1371/1454 215/805/159 1597/802/1260
f 1793/1369/1456 3586/1368/2821 1597/802/1260 269/801/213
f 101/50/45 1281/1372/944 3587/1373/2822 1794/1374/1457
f 1281/1372/944 99/76/43 1795/1375/1458 3587/1373/2822
f 3587/1373/2822 1795/1375/1458 219/1376/163 1682/1377/1345
f 1794/1374/1457 3587/1373/2822 1682/1377/1345 221/1378/165
f 265/1379/209 1590/1380/1253 3588/1381/2823 1796/1382/1459
f 1590/1380/1253 219/1383/163 1795/1384/1458 3588/1381/2823
f 3588/1381/2823 1795/1384/1458 99/76/43 1333/1385/996
f 1796/1382/1459 3588/1381/2823 1333/1385/996 129/132/73
f 224/1347/168 1673/1386/1336 3589/1387/2824 1789/1348/1452
f 1673/1386/1336 230/1388/174 1797/1389/1460 3589/1387/2824
f 3589/1387/2824 1797/1389/1460 228/1390/172 1678/1391/1341
f 1789/1348/1452 3589/1387/2824 1678/1391/1341 222/1349/166
f 103/35/47 1283/51/946 3590/1392/2825 1798/1393/1461
f 1283/51/946 101/50/45 1794/1374/1457 3590/1392/2825
f 3590/1392/2825 1794/1374/1457 221/1378/165 1674/1394/1337
f 1798/1393/1461 3590/1392/2825 1674/1394/1337 227/953/171
f 231/971/175 1670/1395/1333 3591/1396/2826 1799/1397/1462
f 1670/1395/1333 225/1352/169 1790/1355/1453 3591/1396/2826
f 3591/1396/2826 1790/1355/1453 102/55/46 1284/1398/947
f 1799/1397/1462 3591/1396/2826 1284/1398/947 104/1399/48
f 230/1400/174 1663/1401/1326 3592/1402/2827 1797/1403/1460
f 1663/1401/1326 236/1404/180 1800/1405/1463 3592/1402/2827
f 3592/1402/2827 1800/1405/1463 234/1406/178 1668/1407/1331
f 1797/1403/1460 3592/1402/2827 1668/1407/1331 228/1408/172
f 105/37/49 1285/36/948 3593/1409/2828 1801/1410/1464
f 1285/36/948 103/35/47 1798/1393/1461 3593/1409/2828
f 3593/1409/2828 1798/1393/1461 227/953/171 1664/1411/1327
f 1801/1410/1464 3593/1409/2828 1664/1411/1327 233/1412/177
f 237/1413/181 1660/1414/1323 3594/1415/2829 1802/1416/1465
f 1660/1414/1323 231/971/175 1799/1397/1462 3594/1415/2829
f 3594/1415/2829 1799/1397/1462 104/1399/48 1286/1417/949
f 1802/1416/1465 3594/1415/2829 1286/1417/949 106/1418/50
f 236/1419/180 1655/1420/1318 3595/1421/2830 1800/1422/1463
f 1655/1420/1318 240/1423/184 1803/1424/1466 3595/1421/2830
f 3595/1421/2830 1803/1424/1466 242/1425/186 1658/1426/1321
f 1800/1422/1463 3595/1421/2830 1658/1426/1321 234/1427/178
f 239/1428/183 1650/1429/1313 3596/1430/2831 1804/1431/1467
f 1650/1429/1313 237/1413/181 1802/1416/1465 3596/1430/2831
f 3596/1430/2831 1802/1416/1465 106/1418/50 1287/1432/950
f 1804/1431/1467 3596/1430/2831 1287/1432/950 107/111/51
f 240/1423/184 1757/1433/1420 3597/1434/2832 1803/1424/1466
f 1757/1433/1420 390/1435/334 1805/1436/1468 3597/1434/2832
f 3597/1434/2832 1805/1436/1468 388/1437/332 1758/1438/1421
f 1803/1424/1466 3597/1434/2832 1758/1438/1421 242/1425/186
f 391/1439/335 1755/1181/1418 3598/1440/2833 1806/1441/1469
f 1755/1181/1418 239/1428/183 1804/1431/1467 3598/1440/2833
f 3598/1440/2833 1804/1431/1467 107/111/51 1422/1442/1085
f 1806/1441/1469 3598/1440/2833 1422/1442/1085 182/347/126
f 243/1443/187 1482/1444/1145 3599/1445/2834 1808/1446/1471
f 1482/1444/1145 347/1447/291 1809/1448/1472 3599/1445/2834
f 3599/1445/2834 1809/1448/1472 155/1449/99 1363/1450/1026
f 1808/1446/1471 3599/1445/2834 1363/1450/1026 109/1451/53
f 346/1452/290 1487/1453/1150 3600/1454/2835 1810/1455/1473
f 1487/1453/1150 244/1456/188 1811/1457/1474 3600/1454/2835
f 3600/1454/2835 1811/1457/1474 246/1458/190 1494/1459/1157
f 1810/1455/1473 3600/1454/2835 1494/1459/1157 344/1460/288
f 258/1461/202 1633/1462/1296 3601/1463/2836 1812/1464/1475
f 1633/1462/1296 246/1458/190 1811/1465/1474 3601/1463/2836
f 3601/1463/2836 1811/1465/1474 244/1456/188 1638/1466/1301
f 1812/1464/1475 3601/1463/2836 1638/1466/1301 256/1467/200
f 109/159/53 1300/1468/963 3602/1469/2837 1808/1470/1471
f 1300/1468/963 112/343/56 1813/1471/1476 3602/1469/2837
f 3602/1469/2837 1813/1471/1476 255/1472/199 1634/1473/1297
f 1808/1470/1471 3602/1469/2837 1634/1473/1297 243/1474/187
f 247/537/191 1630/1475/1293 3603/1476/2838 1814/1477/1477
f 1630/1475/1293 259/876/203 1815/1478/1478 3603/1476/2838
f 3603/1476/2838 1815/1478/1478 113/15/57 1301/12/964
f 1814/1477/1477 3603/1476/2838 1301/12/964 108/11/52
f 108/11/52 1362/1479/1025 3604/1480/2839 1814/1481/1477
f 1362/1479/1025 154/1482/98 1816/1483/1479 3604/1480/2839
f 3604/1480/2839 1816/1483/1479 343/1484/287 1489/1485/1152
f 1814/1481/1477 3604/1480/2839 1489/1485/1152 247/537/191
f 390/1435/334 1727/1486/1390 3605/1487/2840 1805/1436/1468
f 1727/1486/1390 258/1461/202 1812/1464/1475 3605/1487/2840
f 3605/1487/2840 1812/1464/1475 256/1467/200 1732/1488/1395
f 1805/1436/1468 3605/1487/2840 1732/1488/1395 388/1437/332
f 112/343/56 1408/342/1071 3606/1489/2841 1813/1471/1476
f 1408/342/1071 180/341/124 1807/1490/1470 3606/1489/2841
f 3606/1489/2841 1807/1490/1470 387/1491/331 1728/1492/1391
f 1813/1471/1476 3606/1489/2841 1728/1492/1391 255/1472/199
f 259/876/203 1724/1493/1387 3607/1494/2842 1815/1478/1478
f 1724/1493/1387 391/1439/335 1806/1441/1469 3607/1494/2842
f 3607/1494/2842 1806/1441/1469 182/347/126 1407/1495/1070
f 1815/1478/1478 3607/1494/2842 1407/1495/1070 113/15/57
f 382/1496/326 1753/1497/1416 3608/1498/2843 1768/1499/1431
f 1753/1497/1416 262/1500/206 1773/1501/1436 3608/1498/2843
f 3608/1498/2843 1773/1501/1436 261/1502/205 1754/1503/1417
f 1768/1499/1431 3608/1498/2843 1754/1503/1417 384/1504/328
f 263/1256/207 1751/1505/1414 3609/1506/2844 1772/1257/1435
f 1751/1505/1414 381/1242/325 1769/1245/1432 3609/1506/2844
f 3609/1506/2844 1769/1245/1432 183/333/127 1420/1507/1083
f 1772/1257/1435 3609/1506/2844 1420/1507/1083 114/1258/58
f 266/1508/210 1615/1509/1278 3610/1510/2845 1792/1511/1455
f 1615/1509/1278 280/1512/224 1817/1513/1480 3610/1510/2845
f 3610/1510/2845 1817/1513/1480 278/1514/222 1618/1515/1281
f 1792/1511/1455 3610/1510/2845 1618/1515/1281 268/1516/212
f 281/1517/225 1613/1518/1276 3611/1519/2846 1818/1520/1481
f 1613/1518/1276 265/1379/209 1796/1382/1459 3611/1519/2846
f 3611/1519/2846 1796/1382/1459 129/132/73 1329/1521/992
f 1818/1520/1481 3611/1519/2846 1329/1521/992 133/130/77
f 132/1522/76 1328/1523/991 3612/1524/2847 1819/1525/1482
f 1328/1523/991 128/136/72 1793/1369/1456 3612/1524/2847
f 3612/1524/2847 1793/1369/1456 269/801/213 1616/852/1279
f 1819/1525/1482 3612/1524/2847 1616/852/1279 277/772/221
f 271/754/215 1576/1526/1239 3613/1527/2848 1783/1314/1446
f 1576/1526/1239 281/1517/225 1818/1520/1481 3613/1527/2848
f 3613/1527/2848 1818/1520/1481 133/130/77 1335/1528/998
f 1783/1314/1446 3613/1527/2848 1335/1528/998 131/145/75
f 280/1529/224 1581/1530/1244 3614/1531/2849 1817/1532/1480
f 1581/1530/1244 272/1533/216 1784/1534/1447 3614/1531/2849
f 3614/1531/2849 1784/1534/1447 274/1535/218 1588/1536/1251
f 1817/1532/1480 3614/1531/2849 1588/1536/1251 278/1537/222
f 130/150/74 1334/149/997 3615/1538/2850 1787/1342/1450
f 1334/149/997 132/1522/76 1819/1525/1482 3615/1538/2850
f 3615/1538/2850 1819/1525/1482 277/772/221 1583/769/1246
f 1787/1342/1450 3615/1538/2850 1583/769/1246 275/768/219
f 284/1539/228 1717/1540/1380 3616/1541/2851 1763/1542/1426
f 1717/1540/1380 377/1543/321 1820/1544/1483 3616/1541/2851
f 3616/1541/2851 1820/1544/1483 378/1545/322 1722/1546/1385
f 1763/1542/1426 3616/1541/2851 1722/1546/1385 286/1547/230
f 176/358/120 1404/366/1067 3617/1548/2852 1821/1549/1484
f 1404/366/1067 134/365/78 1764/1217/1427 3617/1548/2852
f 3617/1548/2852 1764/1217/1427 287/1220/231 1719/1550/1382
f 1821/1549/1484 3617/1548/2852 1719/1550/1382 379/1551/323
f 289/1552/233 1468/487/1131 3618/1553/2853 1822/1554/1485
f 1468/487/1131 353/486/297 1823/1555/1486 3618/1553/2853
f 3618/1553/2853 1823/1555/1486 157/170/101 1367/1556/1030
f 1822/1554/1485 3618/1553/2853 1367/1556/1030 137/178/81
f 352/1557/296 1473/1558/1136 3619/1559/2854 1824/1560/1487
f 1473/1558/1136 290/1561/234 1825/1562/1488 3619/1559/2854
f 3619/1559/2854 1825/1562/1488 292/1563/236 1480/1564/1143
f 1824/1560/1487 3619/1559/2854 1480/1564/1143 350/1565/294
f 290/1566/234 1557/1567/1220 3620/1568/2855 1825/1569/1488
f 1557/1567/1220 298/1570/242 1826/1571/1489 3620/1568/2855
f 3620/1568/2855 1826/1571/1489 296/1572/240 1560/1573/1223
f 1825/1569/1488 3620/1568/2855 1560/1573/1223 292/1574/236
f 299/1575/243 1555/1576/1218 3621/1577/2856 1827/1578/1490
f 1555/1576/1218 289/1552/233 1822/1554/1485 3621/1577/2856
f 3621/1577/2856 1822/1554/1485 137/178/81 1341/1579/1004
f 1827/1578/1490 3621/1577/2856 1341/1579/1004 139/251/83
f 138/256/82 1340/266/1003 3622/1580/2857 1828/1581/1491
f 1340/266/1003 136/265/80 1829/1582/1492 3622/1580/2857
f 3622/1580/2857 1829/1582/1492 293/1583/237 1558/1584/1221
f 1828/1581/1491 3622/1580/2857 1558/1584/1221 295/1585/239
f 136/265/80 1366/1586/1029 3623/1587/2858 1829/1582/1492
f 1366/1586/1029 156/360/100 1830/1588/1493 3623/1587/2858
f 3623/1587/2858 1830/1588/1493 349/1589/293 1475/1590/1138
f 1829/1582/1492 3623/1587/2858 1475/1590/1138 293/1583/237
f 298/1591/242 1549/1592/1212 3624/1593/2859 1826/1594/1489
f 1549/1592/1212 340/1595/284 1831/1596/1494 3624/1593/2859
f 3624/1593/2859 1831/1596/1494 338/1597/282 1554/1598/1217
f 1826/1594/1489 3624/1593/2859 1554/1598/1217 296/1599/240
f 152/258/96 1342/257/1005 3625/1600/2860 1832/1601/1495
f 1342/257/1005 138/256/82 1828/1581/1491 3625/1600/2860
f 3625/1600/2860 1828/1581/1491 295/1585/239 1550/1602/1213
f 1832/1601/1495 3625/1600/2860 1550/1602/1213 337/566/281
f 341/1603/285 1546/1604/1209 3626/1605/2861 1833/1606/1496
f 1546/1604/1209 299/1575/243 1827/1578/1490 3626/1605/2861
f 3626/1605/2861 1827/1578/1490 139/251/83 1343/1607/1006
f 1833/1606/1496 3626/1605/2861 1343/1607/1006 153/1608/97
f 301/443/245 1451/1609/1114 3627/1610/2862 1834/1611/1497
f 1451/1609/1114 361/1612/305 1835/1613/1498 3627/1610/2862
f 3627/1610/2862 1835/1613/1498 173/312/117 1395/1614/1058
f 1834/1611/1497 3627/1610/2862 1395/1614/1058 140/1615/84
f 362/1616/306 1455/1617/1118 3628/1618/2863 1836/1619/1499
f 1455/1617/1118 302/1620/246 1837/1621/1500 3628/1618/2863
f 3628/1618/2863 1837/1621/1500 304/1622/248 1460/1623/1123
f 1836/1619/1499 3628/1618/2863 1460/1623/1123 364/1624/308
f 340/1625/284 1499/1626/1162 3629/1627/2864 1831/1628/1494
f 1499/1626/1162 304/1622/248 1837/1629/1500 3629/1627/2864
f 3629/1627/2864 1837/1629/1500 302/1620/246 1504/1630/1167
f 1831/1628/1494 3629/1627/2864 1504/1630/1167 338/1631/282
f 140/1632/84 1352/1633/1015 3630/1634/2865 1834/1635/1497
f 1352/1633/1015 152/258/96 1832/1601/1495 3630/1634/2865
f 3630/1634/2865 1832/1601/1495 337/566/281 1500/1636/1163
f 1834/1635/1497 3630/1634/2865 1500/1636/1163 301/1637/245
f 305/1638/249 1496/1639/1159 3631/1640/2866 1838/1641/1501
f 1496/1639/1159 341/1603/285 1833/1606/1496 3631/1640/2866
f 3631/1640/2866 1833/1606/1496 153/1608/97 1353/1642/1016
f 1838/1641/1501 3631/1640/2866 1353/1642/1016 141/226/85
f 141/310/85 1394/1643/1057 3632/1644/2867 1838/1645/1501
f 1394/1643/1057 172/306/116 1839/1646/1502 3632/1644/2867
f 3632/1644/2867 1839/1646/1502 365/390/309 1457/454/1120
f 1838/1645/1501 3632/1644/2867 1457/454/1120 305/453/249
f 308/1647/252 1541/1648/1204 3633/1649/2868 1840/1650/1503
f 1541/1648/1204 316/1651/260 1841/1652/1504 3633/1649/2868
f 3633/1649/2868 1841/1652/1504 314/1653/258 1544/1654/1207
f 1840/1650/1503 3633/1649/2868 1544/1654/1207 310/1655/254
f 317/1656/261 1539/1657/1202 3634/1658/2869 1842/1659/1505
f 1539/1657/1202 307/1660/251 1843/1661/1506 3634/1658/2869
f 3634/1658/2869 1843/1661/1506 143/1662/87 1345/1663/1008
f 1842/1659/1505 3634/1658/2869 1345/1663/1008 145/1664/89
f 310/1665/254 1443/1666/1106 3635/1667/2870 1840/1668/1503
f 1443/1666/1106 356/1669/300 1844/1670/1507 3635/1667/2870
f 3635/1667/2870 1844/1670/1507 358/1671/302 1450/1672/1113
f 1840/1668/1503 3635/1667/2870 1450/1672/1113 308/1673/252
f 170/297/114 1396/296/1059 3636/1674/2871 1845/1675/1508
f 1396/296/1059 143/295/87 1843/1676/1506 3636/1674/2871
f 3636/1674/2871 1843/1676/1506 307/427/251 1445/424/1108
f 1845/1675/1508 3636/1674/2871 1445/424/1108 359/423/303
f 144/247/88 1344/246/1007 3637/1677/2872 1846/1678/1509
f 1344/246/1007 142/245/86 1847/1679/1510 3637/1677/2872
f 3637/1677/2872 1847/1679/1510 311/408/255 1542/1680/1205
f 1846/1678/1509 3637/1677/2872 1542/1680/1205 313/646/257
f 355/412/299 1438/1681/1101 3638/1682/2873 1848/1683/1511
f 1438/1681/1101 311/1684/255 1847/1685/1510 3638/1682/2873
f 3638/1682/2873 1847/1685/1510 142/1686/86 1397/1687/1060
f 1848/1683/1511 3638/1682/2873 1397/1687/1060 171/302/115
f 316/1651/260 1533/1688/1196 3639/1689/2874 1841/1652/1504
f 1533/1688/1196 322/1690/266 1849/1691/1512 3639/1689/2874
f 3639/1689/2874 1849/1691/1512 320/1692/264 1538/1693/1201
f 1841/1652/1504 3639/1689/2874 1538/1693/1201 314/1653/258
f 146/1694/90 1346/1695/1009 3640/1696/2875 1850/1697/1513
f 1346/1695/1009 144/247/88 1846/1678/1509 3640/1696/2875
f 3640/1696/2875 1846/1678/1509 313/646/257 1534/643/1197
f 1850/1697/1513 3640/1696/2875 1534/643/1197 319/621/263
f 323/1698/267 1530/1699/1193 3641/1700/2876 1851/1701/1514
f 1530/1699/1193 317/1656/261 1842/1659/1505 3641/1700/2876
f 3641/1700/2876 1842/1659/1505 145/1664/89 1347/1702/1010
f 1851/1701/1514 3641/1700/2876 1347/1702/1010 147/188/91
f 322/1703/266 1523/1704/1186 3642/1705/2877 1849/1706/1512
f 1523/1704/1186 328/1707/272 1852/1708/1515 3642/1705/2877
f 3642/1705/2877 1852/1708/1515 326/1709/270 1528/1710/1191
f 1849/1706/1512 3642/1705/2877 1528/1710/1191 320/1711/264
f 148/276/92 1348/1712/1011 3643/1713/2878 1853/1714/1516
f 1348/1712/1011 146/1694/90 1850/1697/1513 3643/1713/2878
f 3643/1713/2878 1850/1697/1513 319/621/263 1524/1715/1187
f 1853/1714/1516 3643/1713/2878 1524/1715/1187 325/596/269
f 329/1716/273 1520/1717/1183 3644/1718/2879 1854/1719/1517
f 1520/1717/1183 323/1698/267 1851/1701/1514 3644/1718/2879
f 3644/1718/2879 1851/1701/1514 147/188/91 1349/1720/1012
f 1854/1719/1517 3644/1718/2879 1349/1720/1012 149/196/93
f 328/1721/272 1511/1722/1174 3645/1723/2880 1852/1724/1515
f 1511/1722/1174 332/1725/276 1855/1726/1518 3645/1723/2880
f 3645/1723/2880 1855/1726/1518 334/1727/278 1518/1728/1181
f 1852/1724/1515 3645/1723/2880 1518/1728/1181 326/1729/270
f 150/278/94 1350/277/1013 3646/1730/2881 1856/1731/1519
f 1350/277/1013 148/276/92 1853/1714/1516 3646/1730/2881
f 3646/1730/2881 1853/1714/1516 325/596/269 1513/1732/1176
f 1856/1731/1519 3646/1730/2881 1513/1732/1176 335/1733/279
f 331/1734/275 1506/1735/1169 3647/1736/2882 1857/1737/1520
f 1506/1735/1169 329/1716/273 1854/1719/1517 3647/1736/2882
f 3647/1736/2882 1854/1719/1517 149/196/93 1351/1738/1014
f 1857/1737/1520 3647/1736/2882 1351/1738/1014 151/1739/95
f 332/1725/276 1733/1740/1396 3648/1741/2883 1855/1726/1518
f 1733/1740/1396 376/1742/320 1858/1743/1521 3648/1741/2883
f 3648/1741/2883 1858/1743/1521 374/1744/318 1736/1745/1399
f 1855/1726/1518 3648/1741/2883 1736/1745/1399 334/1727/278
f 177/1746/121 1410/1747/1073 3649/1748/2884 1859/1749/1522
f 1410/1747/1073 150/278/94 1856/1731/1519 3649/1748/2884
f 3649/1748/2884 1856/1731/1519 335/1733/279 1734/1750/1397
f 1859/1749/1522 3649/1748/2884 1734/1750/1397 373/1751/317
f 376/1742/320 1711/1752/1374 3650/1753/2885 1858/1743/1521
f 1711/1752/1374 346/1452/290 1810/1455/1473 3650/1753/2885
f 3650/1753/2885 1810/1455/1473 344/1460/288 1716/1754/1379
f 1858/1743/1521 3650/1753/2885 1716/1754/1379 374/1744/318
f 154/1482/98 1402/1755/1065 3651/1756/2886 1816/1483/1479
f 1402/1755/1065 177/1746/121 1859/1749/1522 3651/1756/2886
f 3651/1756/2886 1859/1749/1522 373/1751/317 1712/1757/1375
f 1816/1483/1479 3651/1756/2886 1712/1757/1375 343/1484/287
f 377/1758/321 1737/1759/1400 3652/1760/2887 1820/1761/1483
f 1737/1759/1400 352/1762/296 1824/1763/1487 3652/1760/2887
f 3652/1760/2887 1824/1763/1487 350/1764/294 1740/1765/1403
f 1820/1761/1483 3652/1760/2887 1740/1765/1403 378/1766/322
f 156/360/100 1411/359/1074 3653/1767/2888 1830/1588/1493
f 1411/359/1074 176/358/120 1821/1549/1484 3653/1767/2888
f 3653/1767/2888 1821/1549/1484 379/1551/323 1738/1139/1401
f 1830/1588/1493 3653/1767/2888 1738/1139/1401 349/1589/293
f 356/1768/300 1463/1769/1126 3654/1770/2889 1844/1771/1507
f 1463/1769/1126 370/1772/314 1860/1773/1523 3654/1770/2889
f 3654/1770/2889 1860/1773/1523 368/1774/312 1466/1775/1129
f 1844/1771/1507 3654/1770/2889 1466/1775/1129 358/1776/302
f 371/1777/315 1461/1778/1124 3655/1779/2890 1861/1780/1524
f 1461/1778/1124 355/412/299 1848/1683/1511 3655/1779/2890
f 3655/1779/2890 1848/1683/1511 171/302/115 1393/299/1056
f 1861/1780/1524 3655/1779/2890 1393/299/1056 175/298/119
f 174/289/118 1392/1781/1055 3656/1782/2891 1862/1783/1525
f 1392/1781/1055 170/297/114 1845/1675/1508 3656/1782/2891
f 3656/1782/2891 1845/1675/1508 359/423/303 1464/476/1127
f 1862/1783/1525 3656/1782/2891 1464/476/1127 367/394/311
f 361/1612/305 1424/376/1087 3657/1784/2892 1835/1613/1498
f 1424/376/1087 371/1777/315 1861/1780/1524 3657/1784/2892
f 3657/1784/2892 1861/1780/1524 175/298/119 1399/313/1062
f 1835/1613/1498 3657/1784/2892 1399/313/1062 173/312/117
f 370/1785/314 1429/1786/1092 3658/1787/2893 1860/1788/1523
f 1429/1786/1092 362/1789/306 1836/1790/1499 3658/1787/2893
f 3658/1787/2893 1836/1790/1499 364/1791/308 1436/1792/1099
f 1860/1788/1523 3658/1787/2893 1436/1792/1099 368/1793/312
f 172/306/116 1398/1794/1061 3659/1795/2894 1839/1646/1502
f 1398/1794/1061 174/289/118 1862/1783/1525 3659/1795/2894
f 3659/1795/2894 1862/1783/1525 367/394/311 1431/391/1094
f 1839/1646/1502 3659/1795/2894 1431/391/1094 365/390/309
f 459/1796/403 1876/1797/1539 3660/1798/2895 1875/1799/1538
f 1876/1797/1539 400/1800/344 1872/1801/1535 3660/1798/2895
f 3660/1798/2895 1872/1801/1535 399/1802/343 1871/1803/1534
f 1875/1799/1538 3660/1798/2895 1871/1803/1534 460/1804/404
f 460/1804/404 1871/1803/1534 3661/1805/2896 1877/1806/1540
f 399/1802/343 1878/1807/1541 3661/1805/2896 1871/1808/1534
f 458/1809/402 1877/1806/1540 3661/1805/2896 1878/1807/1541
f 453/1810/397 1880/1811/1543 3662/1812/2897 1879/1813/1542
f 397/1814/341 1866/1815/1529 3662/1812/2897 1880/1816/1543
f 454/1817/398 1879/1818/1542 3662/1812/2897 1866/1815/1529
f 454/1819/398 1866/1820/1529 3663/1821/2898 1881/1822/1544
f 1866/1820/1529 397/1823/341 1873/1824/1536 3663/1821/2898
f 3663/1821/2898 1873/1824/1536 398/1825/342 1882/1826/1545
f 1881/1822/1544 3663/1821/2898 1882/1826/1545 452/1827/396
f 397/1823/341 1883/1828/1546 3664/1829/2899 1874/1830/1537
f 449/1831/393 1884/1832/1547 3664/1829/2899 1883/1828/1546
f 451/1833/395 1874/1834/1537 3664/1829/2899 1884/1835/1547
f 397/1823/341 1874/1836/1537 3665/1837/2900 1873/1824/1536
f 1874/1836/1537 451/1833/395 1885/1838/1548 3665/1837/2900
f 3665/1837/2900 1885/1838/1548 450/1839/394 1886/1840/1549
f 1873/1824/1536 3665/1837/2900 1886/1840/1549 398/1825/342
f 396/1841/340 1887/1842/1550 3666/1843/2901 1865/1844/1528
f 1887/1842/1550 443/1845/387 1888/1846/1551 3666/1843/2901
f 3666/1843/2901 1888/1846/1551 445/1847/389 1870/1848/1533
f 1865/1844/1528 3666/1843/2901 1870/1848/1533 395/1849/339
f 395/1849/339 1870/1848/1533 3667/1850/2902 1890/1851/1553
f 445/1847/389 1889/1852/1552 3667/1850/2902 1870/1853/1533
f 444/1854/388 1890/1851/1553 3667/1850/2902 1889/1855/1552
f 441/1856/385 1892/1857/1555 3668/1858/2903 1891/1859/1554
f 1892/1857/1555 394/1860/338 1869/1861/1532 3668/1858/2903
f 3668/1858/2903 1869/1861/1532 393/1862/337 1864/1863/1527
f 1891/1859/1554 3668/1858/2903 1864/1863/1527 442/1864/386
f 442/1864/386 1864/1863/1527 3669/1865/2904 1893/1866/1556
f 393/1862/337 1894/1867/1557 3669/1865/2904 1864/1868/1527
f 440/1869/384 1893/1866/1556 3669/1865/2904 1894/1870/1557
f 447/1871/391 1896/1872/1559 3670/1873/2905 1895/1874/1558
f 1896/1872/1559 396/1841/340 1865/1844/1528 3670/1873/2905
f 3670/1873/2905 1865/1844/1528 395/1849/339 1867/1875/1530
f 1895/1874/1558 3670/1873/2905 1867/1875/1530 448/1876/392
f 448/1877/392 1867/1878/1530 3671/1879/2906 1897/1880/1560
f 395/1881/339 1898/1882/1561 3671/1879/2906 1867/1878/1530
f 446/1883/390 1897/1884/1560 3671/1879/2906 1898/1882/1561
f 394/1860/338 1899/1885/1562 3672/1886/2907 1869/1861/1532
f 1899/1885/1562 437/1887/381 1900/1888/1563 3672/1886/2907
f 3672/1886/2907 1900/1888/1563 439/1889/383 1868/1890/1531
f 1869/1861/1532 3672/1886/2907 1868/1890/1531 393/1862/337
f 393/1891/337 1868/1892/1531 3673/1893/2908 1902/1894/1565
f 439/1895/383 1901/1896/1564 3673/1893/2908 1868/1892/1531
f 438/1897/382 1902/1894/1565 3673/1893/2908 1901/1898/1564
f 400/1899/344 1903/1900/1566 3674/1901/2909 1872/1902/1535
f 1903/1900/1566 455/1903/399 1904/1904/1567 3674/1901/2909
f 3674/1901/2909 1904/1904/1567 457/1905/401 1863/1906/1526
f 1872/1902/1535 3674/1901/2909 1863/1906/1526 399/1907/343
f 399/1908/343 1863/1909/1526 3675/1910/2910 1906/1911/1569
f 457/1912/401 1905/1913/1568 3675/1910/2910 1863/1914/1526
f 456/1915/400 1906/1911/1569 3675/1910/2910 1905/1913/1568
f 417/1916/361 1908/1917/1571 3676/1918/2911 1907/1919/1570
f 1908/1917/1571 407/1920/351 1909/1921/1572 3676/1918/2911
f 3676/1918/2911 1909/1921/1572 409/1922/353 1910/1923/1573
f 1907/1919/1570 3676/1918/2911 1910/1923/1573 418/1924/362
f 418/1925/362 1910/1926/1573 3677/1927/2912 1911/1928/1574
f 1910/1926/1573 409/1929/353 1912/1930/1575 3677/1927/2912
f 3677/1927/2912 1912/1930/1575 408/1931/352 1913/1932/1576
f 1911/1928/1574 3677/1927/2912 1913/1932/1576 416/1933/360
f 411/1934/355 1915/1935/1578 3678/1936/2913 1914/1937/1577
f 1915/1935/1578 413/1938/357 1916/1939/1579 3678/1936/2913
f 3678/1936/2913 1916/1939/1579 415/1940/359 1917/1941/1580
f 1914/1937/1577 3678/1936/2913 1917/1941/1580 412/1942/356
f 412/1942/356 1917/1941/1580 3679/1943/2914 1918/1944/1581
f 1917/1941/1580 415/1940/359 1919/1945/1582 3679/1943/2914
f 3679/1943/2914 1919/1945/1582 414/1946/358 1920/1947/1583
f 1918/1944/1581 3679/1943/2914 1920/1947/1583 410/1948/354
f 405/1949/349 1922/1950/1585 3680/1951/2915 1921/1952/1584
f 1922/1950/1585 417/1916/361 1907/1919/1570 3680/1951/2915
f 3680/1951/2915 1907/1919/1570 418/1924/362 1923/1953/1586
f 1921/1952/1584 3680/1951/2915 1923/1953/1586 406/1954/350
f 406/1955/350 1923/1956/1586 3681/1957/2916 1924/1958/1587
f 1923/1956/1586 418/1925/362 1911/1959/1574 3681/1957/2916
f 3681/1957/2916 1911/1959/1574 416/1960/360 1925/1961/1588
f 1924/1958/1587 3681/1957/2916 1925/1961/1588 404/1962/348
f 413/1938/357 1926/1963/1589 3682/1964/2917 1916/1939/1579
f 1926/1963/1589 401/1965/345 1927/1966/1590 3682/1964/2917
f 3682/1964/2917 1927/1966/1590 403/1967/347 1928/1968/1591
f 1916/1939/1579 3682/1964/2917 1928/1968/1591 415/1940/359
f 415/1940/359 1928/1968/1591 3683/1969/2918 1919/1970/1582
f 1928/1968/1591 403/1967/347 1929/1971/1592 3683/1969/2918
f 3683/1969/2918 1929/1971/1592 402/1972/346 1930/1973/1593
f 1919/1970/1582 3683/1969/2918 1930/1973/1593 414/1974/358
f 429/1975/373 1932/1976/1595 3684/1977/2919 1931/1978/1594
f 1932/1976/1595 431/1979/375 1933/1980/1596 3684/1977/2919
f 3684/1977/2919 1933/1980/1596 433/1981/377 1934/1982/1597
f 1931/1978/1594 3684/1977/2919 1934/1982/1597 430/1983/374
f 430/1983/374 1934/1982/1597 3685/1984/2920 1935/1985/1598
f 1934/1982/1597 433/1981/377 1936/1986/1599 3685/1984/2920
f 3685/1984/2920 1936/1986/1599 432/1987/376 1937/1988/1600
f 1935/1985/1598 3685/1984/2920 1937/1988/1600 428/1989/372
f 435/1990/379 1939/1991/1602 3686/1992/2921 1938/1993/1601
f 1939/1991/1602 425/1994/369 1940/1995/1603 3686/1992/2921
f 3686/1992/2921 1940/1995/1603 427/1996/371 1941/1997/1604
f 1938/1993/1601 3686/1992/2921 1941/1997/1604 436/1998/380
f 436/1999/380 1941/2000/1604 3687/2001/2922 1942/2002/1605
f 1941/2000/1604 427/2003/371 1943/2004/1606 3687/2001/2922
f 3687/2001/2922 1943/2004/1606 426/2005/370 1944/2006/1607
f 1942/2002/1605 3687/2001/2922 1944/2006/1607 434/2007/378
f 431/1979/375 1945/2008/1608 3688/2009/2923 1933/1980/1596
f 1945/2008/1608 419/2010/363 1946/2011/1609 3688/2009/2923
f 3688/2009/2923 1946/2011/1609 421/2012/365 1947/2013/1610
f 1933/1980/1596 3688/2009/2923 1947/2013/1610 433/1981/377
f 433/1981/377 1947/2013/1610 3689/2014/2924 1936/1986/1599
f 1947/2013/1610 421/2012/365 1948/2015/1611 3689/2014/2924
f 3689/2014/2924 1948/2015/1611 420/2016/364 1949/2017/1612
f 1936/1986/1599 3689/2014/2924 1949/2017/1612 432/1987/376
f 423/2018/367 1951/2019/1614 3690/2020/2925 1950/2021/1613
f 1951/2019/1614 435/1990/379 1938/1993/1601 3690/2020/2925
f 3690/2020/2925 1938/1993/1601 436/1998/380 1952/2022/1615
f 1950/2021/1613 3690/2020/2925 1952/2022/1615 424/2023/368
f 424/2024/368 1952/2025/1615 3691/2026/2926 1953/2027/1616
f 1952/2025/1615 436/1999/380 1942/2002/1605 3691/2026/2926
f 3691/2026/2926 1942/2002/1605 434/2007/378 1954/2028/1617
f 1953/2027/1616 3691/2026/2926 1954/2028/1617 422/2029/366
f 407/1920/351 1955/2030/1618 3692/2031/2927 1909/1921/1572
f 1955/2030/1618 447/1871/391 1895/1874/1558 3692/2031/2927
f 3692/2031/2927 1895/1874/1558 448/1876/392 1956/2032/1619
f 1909/1921/1572 3692/2031/2927 1956/2032/1619 409/1922/353
f 409/1929/353 1956/2033/1619 3693/2034/2928 1912/2035/1575
f 1956/2033/1619 448/1877/392 1897/2036/1560 3693/2034/2928
f 3693/2034/2928 1897/2036/1560 446/2037/390 1957/2038/1620
f 1912/2035/1575 3693/2034/2928 1957/2038/1620 408/2039/352
f 443/1845/387 1958/2040/1621 3694/2041/2929 1888/1846/1551
f 1958/2040/1621 411/1934/355 1914/1937/1577 3694/2041/2929
f 3694/2041/2929 1914/1937/1577 412/1942/356 1959/2042/1622
f 1888/1846/1551 3694/2041/2929 1959/2042/1622 445/1847/389
f 445/1847/389 1959/2042/1622 3695/2043/2930 1889/2044/1552
f 1959/2042/1622 412/1942/356 1918/2045/1581 3695/2043/2930
f 3695/2043/2930 1918/2045/1581 410/2046/354 1960/2047/1623
f 1889/2044/1552 3695/2043/2930 1960/2047/1623 444/2048/388
f 437/1887/381 1961/2049/1624 3696/2050/2931 1900/1888/1563
f 1961/2049/1624 405/1949/349 1921/1952/1584 3696/2050/2931
f 3696/2050/2931 1921/1952/1584 406/1954/350 1962/2051/1625
f 1900/1888/1563 3696/2050/2931 1962/2051/1625 439/1889/383
f 439/1895/383 1962/2052/1625 3697/2053/2932 1901/2054/1564
f 1962/2052/1625 406/1955/350 1924/2055/1587 3697/2053/2932
f 3697/2053/2932 1924/2055/1587 404/2056/348 1963/2057/1626
f 1901/2054/1564 3697/2053/2932 1963/2057/1626 438/2058/382
f 401/1965/345 1964/2059/1627 3698/2060/2933 1927/1966/1590
f 1964/2059/1627 441/1856/385 1891/1859/1554 3698/2060/2933
f 3698/2060/2933 1891/1859/1554 442/1864/386 1965/2061/1628
f 1927/1966/1590 3698/2060/2933 1965/2061/1628 403/1967/347
f 403/1967/347 1965/2061/1628 3699/2062/2934 1929/2063/1592
f 1965/2061/1628 442/1864/386 1893/2064/1556 3699/2062/2934
f 3699/2062/2934 1893/2064/1556 440/2065/384 1966/2066/1629
f 1929/2063/1592 3699/2062/2934 1966/2066/1629 402/2067/346
f 419/2010/363 1967/2068/1630 3700/2069/2935 1946/2011/1609
f 1967/2068/1630 459/1796/403 1875/1799/1538 3700/2069/2935
f 3700/2069/2935 1875/1799/1538 460/1804/404 1968/2070/1631
f 1946/2011/1609 3700/2069/2935 1968/2070/1631 421/2012/365
f 421/2012/365 1968/2070/1631 3701/2071/2936 1948/2072/1611
f 1968/2070/1631 460/1804/404 1877/2073/1540 3701/2071/2936
f 3701/2071/2936 1877/2073/1540 458/2074/402 1969/2075/1632
f 1948/2072/1611 3701/2071/2936 1969/2075/1632 420/2076/364
f 455/1903/399 1970/2077/1633 3702/2078/2937 1904/1904/1567
f 1970/2077/1633 423/2018/367 1950/2021/1613 3702/2078/2937
f 3702/2078/2937 1950/2021/1613 424/2023/368 1971/2079/1634
f 1904/1904/1567 3702/2078/2937 1971/2079/1634 457/1905/401
f 457/1912/401 1971/2080/1634 3703/2081/2938 1905/2082/1568
f 1971/2080/1634 424/2024/368 1953/2083/1616 3703/2081/2938
f 3703/2081/2938 1953/2083/1616 422/2084/366 1972/2085/1635
f 1905/2082/1568 3703/2081/2938 1972/2085/1635 456/2086/400
f 425/1994/369 1973/2087/1636 3704/2088/2939 1940/1995/1603
f 1973/2087/1636 453/2089/397 1879/1813/1542 3704/2088/2939
f 3704/2088/2939 1879/1813/1542 454/1817/398 1974/2090/1637
f 1940/1995/1603 3704/2088/2939 1974/2090/1637 427/1996/371
f 427/2003/371 1974/2091/1637 3705/2092/2940 1943/2093/1606
f 1974/2091/1637 454/1819/398 1881/2094/1544 3705/2092/2940
f 3705/2092/2940 1881/2094/1544 452/2095/396 1975/2096/1638
f 1943/2093/1606 3705/2092/2940 1975/2096/1638 426/2097/370
f 449/2098/393 1976/2099/1639 3706/2100/2941 1884/2101/1547
f 1976/2099/1639 429/1975/373 1931/1978/1594 3706/2100/2941
f 3706/2100/2941 1931/1978/1594 430/1983/374 1977/2102/1640
f 1884/2101/1547 3706/2100/2941 1977/2102/1640 451/1833/395
f 451/1833/395 1977/2102/1640 3707/2103/2942 1885/2104/1548
f 1977/2102/1640 430/1983/374 1935/2105/1598 3707/2103/2942
f 3707/2103/2942 1935/2105/1598 428/2106/372 1978/2107/1641
f 1885/2104/1548 3707/2103/2942 1978/2107/1641 450/2108/394
f 394/1860/338 1892/2109/1555 3708/2110/2943 1979/2111/1642
f 1892/2109/1555 441/2112/385 1980/2113/1643 3708/2110/2943
f 3708/2110/2943 1980/2113/1643 233/2114/177 1656/2115/1319
f 1979/2111/1642 3708/2110/2943 1656/2115/1319 235/957/179
f 438/2116/382 1981/2117/1644 3709/2118/2944 1902/2119/1565
f 440/2120/384 1894/2121/1557 3709/2118/2944 1981/2117/1644
f 393/1891/337 1902/2119/1565 3709/2118/2944 1894/2121/1557
f 387/1120/331 1982/2122/1645 3710/2123/2945 1729/1121/1392
f 1982/2122/1645 437/2124/381 1899/2125/1562 3710/2123/2945
f 3710/2123/2945 1899/2125/1562 394/1860/338 1983/2126/1646
f 1729/1121/1392 3710/2123/2945 1983/2126/1646 389/1122/333
f 394/2127/338 1979/2128/1642 3711/2129/2946 1984/2130/1647
f 1979/2128/1642 235/958/179 1657/2131/1320 3711/2129/2946
f 3711/2129/2946 1657/2131/1320 234/2132/178 1658/2133/1321
f 1984/2130/1647 3711/2129/2946 1658/2133/1321 242/2134/186
f 389/1126/333 1983/2135/1646 3712/2136/2947 1731/2137/1394
f 1983/2135/1646 394/2127/338 1984/2138/1647 3712/2136/2947
f 3712/2136/2947 1984/2138/1647 242/2139/186 1758/2140/1421
f 1731/2137/1394 3712/2136/2947 1758/2140/1421 388/2141/332
f 201/1044/145 1985/2142/1648 3713/2143/2948 1626/1045/1289
f 1985/2142/1648 443/2144/387 1887/2145/1550 3713/2143/2948
f 3713/2143/2948 1887/2145/1550 396/1841/340 1986/2146/1649
f 1626/1045/1289 3713/2143/2948 1986/2146/1649 202/1046/146
f 202/1051/146 1986/2147/1649 3714/2148/2949 1627/2149/1290
f 1986/2147/1649 396/2150/340 1987/2151/1650 3714/2148/2949
f 3714/2148/2949 1987/2151/1650 261/2152/205 1628/2153/1291
f 1627/2149/1290 3714/2148/2949 1628/2153/1291 200/2154/144
f 444/2155/388 1988/2156/1651 3715/2157/2950 1890/2158/1553
f 446/2159/390 1898/2160/1561 3715/2157/2950 1988/2156/1651
f 395/1881/339 1890/2158/1553 3715/2157/2950 1898/2160/1561
f 396/1841/340 1896/2161/1559 3716/2162/2951 1989/2163/1652
f 1896/2161/1559 447/2164/391 1990/2165/1653 3716/2162/2951
f 3716/2162/2951 1990/2165/1653 385/2166/329 1746/2167/1409
f 1989/2163/1652 3716/2162/2951 1746/2167/1409 386/1165/330
f 396/2150/340 1989/2168/1652 3717/2169/2952 1987/2170/1650
f 1989/2168/1652 386/1166/330 1749/2171/1412 3717/2169/2952
f 3717/2169/2952 1749/2171/1412 384/2172/328 1754/2173/1417
f 1987/2170/1650 3717/2169/2952 1754/2173/1417 261/2174/205
f 397/1814/341 1880/2175/1543 3718/2176/2953 1991/2177/1654
f 1880/2175/1543 453/2178/397 1992/2179/1655 3718/2176/2953
f 3718/2176/2953 1992/2179/1655 347/519/291 1481/522/1144
f 1991/2177/1654 3718/2176/2953 1481/522/1144 348/527/292
f 450/2180/394 1993/2181/1656 3719/2182/2954 1886/2183/1549
f 452/2184/396 1882/2185/1545 3719/2182/2954 1993/2181/1656
f 398/2186/342 1886/2183/1549 3719/2182/2954 1882/2187/1545
f 397/2188/341 1991/2189/1654 3720/2190/2955 1994/2191/1657
f 1991/2189/1654 348/528/292 1485/2192/1148 3720/2190/2955
f 3720/2190/2955 1485/2192/1148 346/2193/290 1711/2194/1374
f 1994/2191/1657 3720/2190/2955 1711/2194/1374 376/2195/320
f 333/587/277 1995/2196/1658 3721/2197/2956 1510/2198/1173
f 1995/2196/1658 397/2188/341 1994/2199/1657 3721/2197/2956
f 3721/2197/2956 1994/2199/1657 376/2200/320 1733/2201/1396
f 1510/2198/1173 3721/2197/2956 1733/2201/1396 332/2202/276
f 331/578/275 1996/2203/1659 3722/2204/2957 1507/579/1170
f 1996/2203/1659 449/1831/393 1883/1828/1546 3722/2204/2957
f 3722/2204/2957 1883/1828/1546 397/1823/341 1995/2205/1658
f 1507/579/1170 3722/2204/2957 1995/2205/1658 333/580/277
f 400/1800/344 1876/2206/1539 3723/2207/2958 1997/2208/1660
f 1876/2206/1539 459/2209/403 1998/2210/1661 3723/2207/2958
f 3723/2207/2958 1998/2210/1661 353/2211/297 1467/2212/1130
f 1997/2208/1660 3723/2207/2958 1467/2212/1130 354/494/298
f 283/721/227 1999/2213/1662 3724/2214/2959 1563/722/1226
f 1999/2213/1662 455/2215/399 1903/1900/1566 3724/2214/2959
f 3724/2214/2959 1903/1900/1566 400/1899/344 2000/2216/1663
f 1563/722/1226 3724/2214/2959 2000/2216/1663 285/723/229
f 285/730/229 2000/2217/1663 3725/2218/2960 1566/2219/1229
f 2000/2217/1663 400/2220/344 2001/2221/1664 3725/2218/2960
f 3725/2218/2960 2001/2221/1664 377/2222/321 1717/2223/1380
f 1566/2219/1229 3725/2218/2960 1717/2223/1380 284/2224/228
f 400/2220/344 1997/2225/1660 3726/2226/2961 2001/2227/1664
f 1997/2225/1660 354/495/298 1471/2228/1134 3726/2226/2961
f 3726/2226/2961 1471/2228/1134 352/2229/296 1737/2230/1400
f 2001/2227/1664 3726/2226/2961 1737/2230/1400 377/2231/321
f 456/2232/400 2002/2233/1665 3727/2234/2962 1906/2235/1569
f 458/2236/402 1878/2237/1541 3727/2234/2962 2002/2238/1665
f 399/1908/343 1906/2239/1569 3727/2234/2962 1878/2237/1541
f 438/2240/382 1963/2241/1626 3728/2242/2963 1981/2243/1644
f 1963/2241/1626 404/2244/348 2003/2245/1666 3728/2242/2963
f 3728/2242/2963 2003/2245/1666 402/2246/346 1966/2247/1629
f 1981/2243/1644 3728/2242/2963 1966/2247/1629 440/2248/384
f 401/1965/345 2004/2249/1667 3729/2250/2964 1964/2251/1627
f 2004/2249/1667 105/37/49 1801/1410/1464 3729/2250/2964
f 3729/2250/2964 1801/1410/1464 233/1412/177 1980/2252/1643
f 1964/2251/1627 3729/2250/2964 1980/2252/1643 441/2253/385
f 404/2254/348 1925/2255/1588 3730/2256/2965 2003/2257/1666
f 1925/2255/1588 416/2258/360 2005/2259/1668 3730/2256/2965
f 3730/2256/2965 2005/2259/1668 414/2260/358 1930/2261/1593
f 2003/2257/1666 3730/2256/2965 1930/2261/1593 402/2262/346
f 105/2263/49 2004/2264/1667 3731/2265/2966 1299/32/962
f 2004/2264/1667 401/1965/345 1926/2266/1589 3731/2265/2966
f 3731/2265/2966 1926/2266/1589 413/1938/357 2006/2267/1669
f 1299/32/962 3731/2265/2966 2006/2267/1669 124/2268/68
f 180/341/124 2007/2269/1670 3732/2270/2967 1807/1490/1470
f 2007/2269/1670 405/2271/349 1961/2272/1624 3732/2270/2967
f 3732/2270/2967 1961/2272/1624 437/1887/381 1982/2273/1645
f 1807/1490/1470 3732/2270/2967 1982/2273/1645 387/1491/331
f 179/322/123 2008/2274/1671 3733/2275/2968 1419/340/1082
f 2008/2274/1671 417/2276/361 1922/2277/1585 3733/2275/2968
f 3733/2275/2968 1922/2277/1585 405/2271/349 2007/2269/1670
f 1419/340/1082 3733/2275/2968 2007/2269/1670 180/341/124
f 184/320/128 2009/2278/1672 3734/2279/2969 1416/321/1079
f 2009/2278/1672 407/2280/351 1908/2281/1571 3734/2279/2969
f 3734/2279/2969 1908/2281/1571 417/2276/361 2008/2274/1671
f 1416/321/1079 3734/2279/2969 2008/2274/1671 179/322/123
f 416/2258/360 1913/2282/1576 3735/2283/2970 2005/2259/1668
f 1913/2282/1576 408/2284/352 2010/2285/1673 3735/2283/2970
f 3735/2283/2970 2010/2285/1673 410/2286/354 1920/2287/1583
f 2005/2259/1668 3735/2283/2970 1920/2287/1583 414/2260/358
f 408/2288/352 1957/2289/1620 3736/2290/2971 2010/2291/1673
f 1957/2289/1620 446/2292/390 1988/2293/1651 3736/2290/2971
f 3736/2290/2971 1988/2293/1651 444/2294/388 1960/2295/1623
f 2010/2291/1673 3736/2290/2971 1960/2295/1623 410/2296/354
f 407/1920/351 2009/2297/1672 3737/2298/2972 1955/2299/1618
f 2009/2297/1672 184/320/128 1770/1249/1433 3737/2298/2972
f 3737/2298/2972 1770/1249/1433 385/1251/329 1990/2300/1653
f 1955/2299/1618 3737/2298/2972 1990/2300/1653 447/2301/391
f 93/1286/37 2011/2302/1674 3738/2303/2973 1778/1287/1441
f 2011/2302/1674 411/2304/355 1958/2040/1621 3738/2303/2973
f 3738/2303/2973 1958/2040/1621 443/2305/387 1985/2306/1648
f 1778/1287/1441 3738/2303/2973 1985/2306/1648 201/1288/145
f 124/2268/68 2006/2267/1669 3739/2307/2974 1314/103/977
f 2006/2267/1669 413/1938/357 1915/2308/1578 3739/2307/2974
f 3739/2307/2974 1915/2308/1578 411/2304/355 2011/2302/1674
f 1314/103/977 3739/2307/2974 2011/2302/1674 93/1286/37
f 169/2309/113 1369/2310/1032 3740/2311/2975 2012/2312/1675
f 1369/2310/1032 157/2313/101 2013/2314/1676 3740/2311/2975
f 3740/2311/2975 2013/2314/1676 419/2315/363 1945/2008/1608
f 2012/2312/1675 3740/2311/2975 1945/2008/1608 431/1979/375
f 432/2316/376 1949/2317/1612 3741/2318/2976 2014/2319/1677
f 1949/2317/1612 420/2320/364 2015/2321/1678 3741/2318/2976
f 3741/2318/2976 2015/2321/1678 422/2322/366 1954/2323/1617
f 2014/2319/1677 3741/2318/2976 1954/2323/1617 434/2324/378
f 420/2325/364 1969/2326/1632 3742/2327/2977 2015/2328/1678
f 1969/2326/1632 458/2329/402 2002/2330/1665 3742/2327/2977
f 3742/2327/2977 2002/2330/1665 456/2331/400 1972/2332/1635
f 2015/2328/1678 3742/2327/2977 1972/2332/1635 422/2333/366
f 353/486/297 1998/2334/1661 3743/2335/2978 1823/1555/1486
f 1998/2334/1661 459/1796/403 1967/2336/1630 3743/2335/2978
f 3743/2335/2978 1967/2336/1630 419/2315/363 2013/2337/1676
f 1823/1555/1486 3743/2335/2978 2013/2337/1676 157/170/101
f 455/1903/399 1999/2213/1662 3744/2338/2979 1970/2339/1633
f 1999/2213/1662 283/721/227 1767/1231/1430 3744/2338/2979
f 3744/2338/2979 1767/1231/1430 135/279/79 2016/2340/1679
f 1970/2339/1633 3744/2338/2979 2016/2340/1679 423/2018/367
f 435/2341/379 1951/2342/1614 3745/2343/2980 2017/2344/1680
f 1951/2342/1614 423/2345/367 2016/2346/1679 3745/2343/2980
f 3745/2343/2980 2016/2346/1679 135/2347/79 1378/282/1041
f 2017/2344/1680 3745/2343/2980 1378/282/1041 167/2348/111
f 426/2349/370 1975/2350/1638 3746/2351/2981 2018/2352/1681
f 1975/2350/1638 452/2353/396 1993/2354/1656 3746/2351/2981
f 3746/2351/2981 1993/2354/1656 450/2355/394 1978/2356/1641
f 2018/2352/1681 3746/2351/2981 1978/2356/1641 428/2357/372
f 347/519/291 1992/2358/1655 3747/2359/2982 1809/2360/1472
f 1992/2358/1655 453/2089/397 1973/2361/1636 3747/2359/2982
f 3747/2359/2982 1973/2361/1636 425/1994/369 2019/2362/1682
f 1809/2360/1472 3747/2359/2982 2019/2362/1682 155/2363/99
f 428/2364/372 1937/2365/1600 3748/2366/2983 2018/2367/1681
f 1937/2365/1600 432/2368/376 2014/2369/1677 3748/2366/2983
f 3748/2366/2983 2014/2369/1677 434/2370/378 1944/2371/1607
f 2018/2367/1681 3748/2366/2983 1944/2371/1607 426/2372/370
f 425/2373/369 1939/2374/1602 3749/2375/2984 2019/2376/1682
f 1939/2374/1602 435/2341/379 2017/2344/1680 3749/2375/2984
f 3749/2375/2984 2017/2344/1680 167/2348/111 1365/156/1028
f 2019/2376/1682 3749/2375/2984 1365/156/1028 155/2363/99
f 449/2377/393 1996/2378/1659 3750/2379/2985 1976/2099/1639
f 1996/2378/1659 331/1734/275 1857/2380/1520 3750/2379/2985
f 3750/2379/2985 1857/2380/1520 151/2381/95 2020/2382/1683
f 1976/2099/1639 3750/2379/2985 2020/2382/1683 429/2383/373
f 151/269/95 1380/2384/1043 3751/2385/2986 2020/2382/1683
f 1380/2384/1043 169/2309/113 2012/2312/1675 3751/2385/2986
f 3751/2385/2986 2012/2312/1675 431/1979/375 1932/1976/1595
f 2020/2382/1683 3751/2385/2986 1932/1976/1595 429/2383/373
f 502/2386/446 2088/2387/1751 3752/2388/2987 2135/2389/1798
f 2088/2387/1751 466/2390/410 2025/2391/1688 3752/2388/2987
f 3752/2388/2987 2025/2391/1688 464/2392/408 2023/2393/1686
f 2135/2389/1798 3752/2388/2987 2023/2393/1686 498/2394/442
f 490/2395/434 2052/2396/1715 3753/2397/2988 2072/2398/1735
f 2052/2396/1715 467/2399/411 2029/2400/1692 3753/2397/2988
f 3753/2397/2988 2029/2400/1692 463/2401/407 2024/2402/1687
f 2072/2398/1735 3753/2397/2988 2024/2402/1687 480/2403/424
f 474/2404/418 2022/2405/1685 3754/2406/2989 2060/2407/1723
f 2022/2405/1685 462/2408/406 2026/2409/1689 3754/2406/2989
f 3754/2406/2989 2026/2409/1689 468/2410/412 2049/2411/1712
f 2060/2407/1723 3754/2406/2989 2049/2411/1712 487/2412/431
f 487/2412/431 2049/2411/1712 3755/2413/2990 2057/2414/1720
f 2049/2411/1712 468/2410/412 2030/2415/1693 3755/2413/2990
f 3755/2413/2990 2030/2415/1693 467/2399/411 2052/2396/1715
f 2057/2414/1720 3755/2413/2990 2052/2396/1715 490/2395/434
f 495/2416/439 2021/2417/1684 3756/2418/2991 2132/2419/1795
f 2021/2417/1684 461/2420/405 2027/2421/1690 3756/2418/2991
f 3756/2418/2991 2027/2421/1690 465/2422/409 2085/2423/1748
f 2132/2419/1795 3756/2418/2991 2085/2423/1748 499/2424/443
f 499/2424/443 2085/2423/1748 3757/2425/2992 2129/2426/1792
f 2085/2423/1748 465/2422/409 2028/2427/1691 3757/2425/2992
f 3757/2425/2992 2028/2427/1691 466/2390/410 2088/2387/1751
f 2129/2426/1792 3757/2425/2992 2088/2387/1751 502/2386/446
f 489/2428/433 2051/2429/1714 3758/2430/2993 2055/2431/1718
f 2051/2429/1714 488/2432/432 2056/2433/1719 3758/2430/2993
f 3758/2430/2993 2056/2433/1719 491/2434/435 2054/2435/1717
f 2055/2431/1718 3758/2430/2993 2054/2435/1717 492/2436/436
f 488/2432/432 2050/2437/1713 3759/2438/2994 2056/2439/1719
f 2050/2437/1713 487/2440/431 2057/2441/1720 3759/2438/2994
f 3759/2438/2994 2057/2441/1720 490/2442/434 2053/2443/1716
f 2056/2439/1719 3759/2438/2994 2053/2443/1716 491/2444/435
f 472/2445/416 2038/2446/1701 3760/2447/2995 2058/2448/1721
f 2038/2446/1701 473/2449/417 2059/2450/1722 3760/2447/2995
f 3760/2447/2995 2059/2450/1722 488/2432/432 2051/2451/1714
f 2058/2448/1721 3760/2447/2995 2051/2451/1714 489/2452/433
f 473/2449/417 2039/2453/1702 3761/2454/2996 2059/2450/1722
f 2039/2453/1702 474/2455/418 2060/2456/1723 3761/2454/2996
f 3761/2454/2996 2060/2456/1723 487/2440/431 2050/2437/1713
f 2059/2450/1722 3761/2454/2996 2050/2437/1713 488/2432/432
f 465/2457/409 2031/2458/1694 3762/2459/2997 2028/2460/1691
f 2031/2458/1694 483/2461/427 2061/2462/1724 3762/2459/2997
f 3762/2459/2997 2061/2462/1724 486/2463/430 2032/2464/1695
f 2028/2460/1691 3762/2459/2997 2032/2464/1695 466/2465/410
f 483/2461/427 2046/2466/1709 3763/2467/2998 2061/2462/1724
f 2046/2466/1709 482/2468/426 2062/2469/1725 3763/2467/2998
f 3763/2467/2998 2062/2469/1725 485/2470/429 2048/2471/1711
f 2061/2462/1724 3763/2467/2998 2048/2471/1711 486/2472/430
f 482/2468/426 2045/2473/1708 3764/2474/2999 2062/2469/1725
f 2045/2473/1708 481/2475/425 2063/2476/1726 3764/2474/2999
f 3764/2474/2999 2063/2476/1726 484/2477/428 2047/2478/1710
f 2062/2469/1725 3764/2474/2999 2047/2478/1710 485/2470/429
f 461/2479/405 2035/2480/1698 3765/2481/3000 2027/2482/1690
f 2035/2480/1698 469/2483/413 2064/2484/1727 3765/2481/3000
f 3765/2481/3000 2064/2484/1727 483/2461/427 2031/2458/1694
f 2027/2482/1690 3765/2481/3000 2031/2458/1694 465/2457/409
f 469/2483/413 2036/2485/1699 3766/2486/3001 2064/2484/1727
f 2036/2485/1699 470/2487/414 2065/2488/1728 3766/2486/3001
f 3766/2486/3001 2065/2488/1728 482/2489/426 2046/2490/1709
f 2064/2484/1727 3766/2486/3001 2046/2490/1709 483/2461/427
f 470/2487/414 2037/2491/1700 3767/2492/3002 2065/2488/1728
f 2037/2491/1700 471/2493/415 2066/2494/1729 3767/2492/3002
f 3767/2492/3002 2066/2494/1729 481/2495/425 2045/2496/1708
f 2065/2488/1728 3767/2492/3002 2045/2496/1708 482/2489/426
f 466/2465/410 2032/2464/1695 3768/2497/3003 2025/2498/1688
f 2032/2464/1695 486/2463/430 2067/2499/1730 3768/2497/3003
f 3768/2497/3003 2067/2499/1730 475/2500/419 2040/2501/1703
f 2025/2498/1688 3768/2497/3003 2040/2501/1703 464/2502/408
f 486/2463/430 2048/2503/1711 3769/2504/3004 2067/2499/1730
f 2048/2503/1711 485/2505/429 2068/2506/1731 3769/2504/3004
f 3769/2504/3004 2068/2506/1731 476/2507/420 2041/2508/1704
f 2067/2499/1730 3769/2504/3004 2041/2508/1704 475/2500/419
f 485/2505/429 2047/2509/1710 3770/2510/3005 2068/2506/1731
f 2047/2509/1710 484/2511/428 2069/2512/1732 3770/2510/3005
f 3770/2510/3005 2069/2512/1732 477/2513/421 2042/2514/1705
f 2068/2506/1731 3770/2510/3005 2042/2514/1705 476/2507/420
f 492/2515/436 2054/2516/1717 3771/2517/3006 2070/2518/1733
f 2054/2516/1717 491/2444/435 2071/2519/1734 3771/2517/3006
f 3771/2517/3006 2071/2519/1734 479/2520/423 2043/2521/1706
f 2070/2518/1733 3771/2517/3006 2043/2521/1706 478/2522/422
f 491/2444/435 2053/2443/1716 3772/2523/3007 2071/2519/1734
f 2053/2443/1716 490/2442/434 2072/2524/1735 3772/2523/3007
f 3772/2523/3007 2072/2524/1735 480/2525/424 2044/2526/1707
f 2071/2519/1734 3772/2523/3007 2044/2526/1707 479/2520/423
f 496/2527/440 2126/2528/1789 3773/2529/3008 2082/2530/1745
f 2126/2528/1789 507/2531/451 2073/2532/1736 3773/2529/3008
f 3773/2529/3008 2073/2532/1736 480/2533/424 2024/2534/1687
f 2082/2530/1745 3773/2529/3008 2024/2534/1687 463/2535/407
f 507/2531/451 2123/2536/1786 3774/2537/3009 2073/2532/1736
f 2123/2536/1786 510/2538/454 2074/2539/1737 3774/2537/3009
f 3774/2537/3009 2074/2539/1737 479/2540/423 2044/2541/1707
f 2073/2532/1736 3774/2537/3009 2044/2541/1707 480/2533/424
f 510/2538/454 2120/2542/1783 3775/2543/3010 2074/2539/1737
f 2120/2542/1783 513/2544/457 2075/2545/1738 3775/2543/3010
f 3775/2543/3010 2075/2545/1738 478/2546/422 2043/2547/1706
f 2074/2539/1737 3775/2543/3010 2043/2547/1706 479/2540/423
f 493/2548/437 2079/2549/1742 3776/2550/3011 2117/2551/1780
f 2079/2549/1742 462/2552/406 2022/2553/1685 3776/2550/3011
f 3776/2550/3011 2022/2553/1685 474/2554/418 2100/2555/1763
f 2117/2551/1780 3776/2550/3011 2100/2555/1763 514/2556/458
f 514/2556/458 2100/2555/1763 3777/2557/3012 2114/2558/1777
f 2100/2555/1763 474/2554/418 2039/2559/1702 3777/2557/3012
f 3777/2557/3012 2039/2559/1702 473/2560/417 2103/2561/1766
f 2114/2558/1777 3777/2557/3012 2103/2561/1766 517/2562/461
f 517/2562/461 2103/2561/1766 3778/2563/3013 2111/2564/1774
f 2103/2561/1766 473/2560/417 2038/2565/1701 3778/2563/3013
f 3778/2563/3013 2038/2565/1701 472/2566/416 2106/2567/1769
f 2111/2564/1774 3778/2563/3013 2106/2567/1769 520/2568/464
f 470/2569/414 2077/2570/1740 3779/2571/3014 2037/2572/1700
f 2077/2570/1740 519/2573/463 2109/2574/1772 3779/2571/3014
f 3779/2571/3014 2109/2574/1772 522/2575/466 2078/2576/1741
f 2037/2572/1700 3779/2571/3014 2078/2576/1741 471/2577/415
f 519/2578/463 2105/2579/1768 3780/2580/3015 2109/2581/1772
f 2105/2579/1768 518/2582/462 2110/2583/1773 3780/2580/3015
f 3780/2580/3015 2110/2583/1773 521/2584/465 2108/2585/1771
f 2109/2581/1772 3780/2580/3015 2108/2585/1771 522/2586/466
f 518/2582/462 2104/2587/1767 3781/2588/3016 2110/2583/1773
f 2104/2587/1767 517/2589/461 2111/2590/1774 3781/2588/3016
f 3781/2588/3016 2111/2590/1774 520/2591/464 2107/2592/1770
f 2110/2583/1773 3781/2588/3016 2107/2592/1770 521/2584/465
f 469/2593/413 2076/2594/1739 3782/2595/3017 2036/2596/1699
f 2076/2594/1739 516/2597/460 2112/2598/1775 3782/2595/3017
f 3782/2595/3017 2112/2598/1775 519/2573/463 2077/2570/1740
f 2036/2596/1699 3782/2595/3017 2077/2570/1740 470/2569/414
f 516/2599/460 2102/2600/1765 3783/2601/3018 2112/2602/1775
f 2102/2600/1765 515/2603/459 2113/2604/1776 3783/2601/3018
f 3783/2601/3018 2113/2604/1776 518/2582/462 2105/2579/1768
f 2112/2602/1775 3783/2601/3018 2105/2579/1768 519/2578/463
f 515/2603/459 2101/2605/1764 3784/2606/3019 2113/2604/1776
f 2101/2605/1764 514/2556/458 2114/2607/1777 3784/2606/3019
f 3784/2606/3019 2114/2607/1777 517/2589/461 2104/2587/1767
f 2113/2604/1776 3784/2606/3019 2104/2587/1767 518/2582/462
f 461/2608/405 2021/2609/1684 3785/2610/3020 2035/2611/1698
f 2021/2609/1684 495/2612/439 2115/2613/1778 3785/2610/3020
f 3785/2610/3020 2115/2613/1778 516/2597/460 2076/2594/1739
f 2035/2611/1698 3785/2610/3020 2076/2594/1739 469/2593/413
f 495/2612/439 2081/2614/1744 3786/2615/3021 2115/2613/1778
f 2081/2614/1744 494/2616/438 2116/2617/1779 3786/2615/3021
f 3786/2615/3021 2116/2617/1779 515/2603/459 2102/2618/1765
f 2115/2613/1778 3786/2615/3021 2102/2618/1765 516/2597/460
f 494/2616/438 2080/2619/1743 3787/2620/3022 2116/2617/1779
f 2080/2619/1743 493/2548/437 2117/2551/1780 3787/2620/3022
f 3787/2620/3022 2117/2551/1780 514/2556/458 2101/2621/1764
f 2116/2617/1779 3787/2620/3022 2101/2621/1764 515/2603/459
f 476/2622/420 2042/2623/1705 3788/2624/3023 2094/2625/1757
f 2042/2623/1705 477/2626/421 2097/2627/1760 3788/2624/3023
f 3788/2624/3023 2097/2627/1760 511/2628/455 2118/2629/1781
f 2094/2625/1757 3788/2624/3023 2118/2629/1781 508/2630/452
f 508/2631/452 2118/2632/1781 3789/2633/3024 2095/2634/1758
f 2118/2632/1781 511/2635/455 2098/2636/1761 3789/2633/3024
f 3789/2633/3024 2098/2636/1761 512/2637/456 2119/2638/1782
f 2095/2634/1758 3789/2633/3024 2119/2638/1782 509/2639/453
f 509/2639/453 2119/2638/1782 3790/2640/3025 2096/2641/1759
f 2119/2638/1782 512/2637/456 2099/2642/1762 3790/2640/3025
f 3790/2640/3025 2099/2642/1762 513/2643/457 2120/2644/1783
f 2096/2641/1759 3790/2640/3025 2120/2644/1783 510/2538/454
f 475/2645/419 2041/2646/1704 3791/2647/3026 2091/2648/1754
f 2041/2646/1704 476/2622/420 2094/2625/1757 3791/2647/3026
f 3791/2647/3026 2094/2625/1757 508/2630/452 2121/2649/1784
f 2091/2648/1754 3791/2647/3026 2121/2649/1784 505/2650/449
f 505/2650/449 2121/2649/1784 3792/2651/3027 2092/2652/1755
f 2121/2649/1784 508/2630/452 2095/2653/1758 3792/2651/3027
f 3792/2651/3027 2095/2653/1758 509/2654/453 2122/2655/1785
f 2092/2652/1755 3792/2651/3027 2122/2655/1785 506/2656/450
f 506/2656/450 2122/2655/1785 3793/2657/3028 2093/2658/1756
f 2122/2655/1785 509/2654/453 2096/2659/1759 3793/2657/3028
f 3793/2657/3028 2096/2659/1759 510/2538/454 2123/2536/1786
f 2093/2658/1756 3793/2657/3028 2123/2536/1786 507/2531/451
f 464/2660/408 2040/2661/1703 3794/2662/3029 2023/2663/1686
f 2040/2661/1703 475/2645/419 2091/2648/1754 3794/2662/3029
f 3794/2662/3029 2091/2648/1754 505/2650/449 2124/2664/1787
f 2023/2663/1686 3794/2662/3029 2124/2664/1787 498/2665/442
f 498/2394/442 2124/2666/1787 3795/2667/3030 2084/2668/1747
f 2124/2666/1787 505/2669/449 2092/2670/1755 3795/2667/3030
f 3795/2667/3030 2092/2670/1755 506/2671/450 2125/2672/1788
f 2084/2668/1747 3795/2667/3030 2125/2672/1788 497/2673/441
f 497/2673/441 2125/2672/1788 3796/2674/3031 2083/2675/1746
f 2125/2672/1788 506/2671/450 2093/2676/1756 3796/2674/3031
f 3796/2674/3031 2093/2676/1756 507/2677/451 2126/2678/1789
f 2083/2675/1746 3796/2674/3031 2126/2678/1789 496/2679/440
f 468/2680/412 2033/2681/1696 3797/2682/3032 2030/2683/1693
f 2033/2681/1696 501/2684/445 2127/2685/1790 3797/2682/3032
f 3797/2682/3032 2127/2685/1790 504/2686/448 2034/2687/1697
f 2030/2683/1693 3797/2682/3032 2034/2687/1697 467/2688/411
f 501/2684/445 2087/2689/1750 3798/2690/3033 2127/2685/1790
f 2087/2689/1750 500/2691/444 2128/2692/1791 3798/2690/3033
f 3798/2690/3033 2128/2692/1791 503/2693/447 2090/2694/1753
f 2127/2685/1790 3798/2690/3033 2090/2694/1753 504/2686/448
f 500/2691/444 2086/2695/1749 3799/2696/3034 2128/2692/1791
f 2086/2695/1749 499/2424/443 2129/2697/1792 3799/2696/3034
f 3799/2696/3034 2129/2697/1792 502/2386/446 2089/2698/1752
f 2128/2692/1791 3799/2696/3034 2089/2698/1752 503/2693/447
f 462/2408/406 2079/2699/1742 3800/2700/3035 2026/2409/1689
f 2079/2699/1742 493/2701/437 2130/2702/1793 3800/2700/3035
f 3800/2700/3035 2130/2702/1793 501/2703/445 2033/2704/1696
f 2026/2409/1689 3800/2700/3035 2033/2704/1696 468/2410/412
f 493/2701/437 2080/2705/1743 3801/2706/3036 2130/2702/1793
f 2080/2705/1743 494/2707/438 2131/2708/1794 3801/2706/3036
f 3801/2706/3036 2131/2708/1794 500/2709/444 2087/2710/1750
f 2130/2702/1793 3801/2706/3036 2087/2710/1750 501/2703/445
f 494/2707/438 2081/2711/1744 3802/2712/3037 2131/2708/1794
f 2081/2711/1744 495/2416/439 2132/2419/1795 3802/2712/3037
f 3802/2712/3037 2132/2419/1795 499/2424/443 2086/2713/1749
f 2131/2708/1794 3802/2712/3037 2086/2713/1749 500/2709/444
f 467/2399/411 2034/2714/1697 3803/2715/3038 2029/2400/1692
f 2034/2714/1697 504/2716/448 2133/2717/1796 3803/2715/3038
f 3803/2715/3038 2133/2717/1796 496/2679/440 2082/2718/1745
f 2029/2400/1692 3803/2715/3038 2082/2718/1745 463/2401/407
f 504/2716/448 2090/2719/1753 3804/2720/3039 2133/2717/1796
f 2090/2719/1753 503/2721/447 2134/2722/1797 3804/2720/3039
f 3804/2720/3039 2134/2722/1797 497/2723/441 2083/2724/1746
f 2133/2717/1796 3804/2720/3039 2083/2724/1746 496/2679/440
f 503/2721/447 2089/2725/1752 3805/2726/3040 2134/2722/1797
f 2089/2725/1752 502/2386/446 2135/2389/1798 3805/2726/3040
f 3805/2726/3040 2135/2389/1798 498/2394/442 2084/2727/1747
f 2134/2722/1797 3805/2726/3040 2084/2727/1747 497/2723/441
f 556/2728/500 2236/2729/1899 3806/2730/3041 2195/2731/1858
f 2236/2729/1899 552/2732/496 2138/2733/1801 3806/2730/3041
f 3806/2730/3041 2138/2733/1801 526/2734/470 2140/2735/1803
f 2195/2731/1858 3806/2730/3041 2140/2735/1803 528/2736/472
f 545/2737/489 2181/2738/1844 3807/2739/3042 2167/2740/1830
f 2181/2738/1844 538/2741/482 2139/2742/1802 3807/2739/3042
f 3807/2739/3042 2139/2742/1802 525/2743/469 2144/2744/1807
f 2167/2740/1830 3807/2739/3042 2144/2744/1807 529/2745/473
f 534/2746/478 2173/2747/1836 3808/2748/3043 2137/2749/1800
f 2173/2747/1836 543/2750/487 2164/2751/1827 3808/2748/3043
f 3808/2748/3043 2164/2751/1827 530/2752/474 2141/2753/1804
f 2137/2749/1800 3808/2748/3043 2141/2753/1804 524/2754/468
f 543/2750/487 2171/2755/1834 3809/2756/3044 2164/2751/1827
f 2171/2755/1834 545/2737/489 2167/2740/1830 3809/2756/3044
f 3809/2756/3044 2167/2740/1830 529/2745/473 2145/2757/1808
f 2164/2751/1827 3809/2756/3044 2145/2757/1808 530/2752/474
f 549/2758/493 2233/2759/1896 3810/2760/3045 2136/2761/1799
f 2233/2759/1896 553/2762/497 2192/2763/1855 3810/2760/3045
f 3810/2760/3045 2192/2763/1855 527/2764/471 2142/2765/1805
f 2136/2761/1799 3810/2760/3045 2142/2765/1805 523/2766/467
f 553/2762/497 2230/2767/1893 3811/2768/3046 2192/2763/1855
f 2230/2767/1893 556/2728/500 2195/2731/1858 3811/2768/3046
f 3811/2768/3046 2195/2731/1858 528/2736/472 2143/2769/1806
f 2192/2763/1855 3811/2768/3046 2143/2769/1806 527/2764/471
f 489/2428/433 2055/2431/1718 3812/2770/3047 2166/2771/1829
f 2055/2431/1718 492/2772/436 2169/2773/1832 3812/2770/3047
f 3812/2770/3047 2169/2773/1832 546/2774/490 2170/2775/1833
f 2166/2771/1829 3812/2770/3047 2170/2775/1833 544/2776/488
f 544/2777/488 2170/2778/1833 3813/2779/3048 2165/2780/1828
f 2170/2778/1833 546/2774/490 2168/2781/1831 3813/2779/3048
f 3813/2779/3048 2168/2781/1831 545/2782/489 2171/2783/1834
f 2165/2780/1828 3813/2779/3048 2171/2783/1834 543/2784/487
f 472/2445/416 2058/2785/1721 3814/2786/3049 2153/2787/1816
f 2058/2785/1721 489/2452/433 2166/2788/1829 3814/2786/3049
f 3814/2786/3049 2166/2788/1829 544/2777/488 2172/2789/1835
f 2153/2787/1816 3814/2786/3049 2172/2789/1835 533/2790/477
f 533/2790/477 2172/2789/1835 3815/2791/3050 2154/2792/1817
f 2172/2789/1835 544/2777/488 2165/2780/1828 3815/2791/3050
f 3815/2791/3050 2165/2780/1828 543/2784/487 2173/2793/1836
f 2154/2792/1817 3815/2791/3050 2173/2793/1836 534/2794/478
f 527/2795/471 2143/2796/1806 3816/2797/3051 2146/2798/1809
f 2143/2796/1806 528/2799/472 2147/2800/1810 3816/2797/3051
f 3816/2797/3051 2147/2800/1810 542/2801/486 2174/2802/1837
f 2146/2798/1809 3816/2797/3051 2174/2802/1837 540/2803/484
f 540/2804/484 2174/2805/1837 3817/2806/3052 2161/2807/1824
f 2174/2805/1837 542/2808/486 2163/2809/1826 3817/2806/3052
f 3817/2806/3052 2163/2809/1826 541/2810/485 2175/2811/1838
f 2161/2807/1824 3817/2806/3052 2175/2811/1838 539/2812/483
f 539/2812/483 2175/2811/1838 3818/2813/3053 2160/2814/1823
f 2175/2811/1838 541/2810/485 2162/2815/1825 3818/2813/3053
f 3818/2813/3053 2162/2815/1825 484/2816/428 2063/2476/1726
f 2160/2814/1823 3818/2813/3053 2063/2476/1726 481/2817/425
f 523/2818/467 2142/2819/1805 3819/2820/3054 2150/2821/1813
f 2142/2819/1805 527/2795/471 2146/2798/1809 3819/2820/3054
f 3819/2820/3054 2146/2798/1809 540/2803/484 2176/2822/1839
f 2150/2821/1813 3819/2820/3054 2176/2822/1839 531/2823/475
f 531/2823/475 2176/2822/1839 3820/2824/3055 2151/2825/1814
f 2176/2822/1839 540/2803/484 2161/2826/1824 3820/2824/3055
f 3820/2824/3055 2161/2826/1824 539/2827/483 2177/2828/1840
f 2151/2825/1814 3820/2824/3055 2177/2828/1840 532/2829/476
f 532/2829/476 2177/2828/1840 3821/2830/3056 2152/2831/1815
f 2177/2828/1840 539/2827/483 2160/2832/1823 3821/2830/3056
f 3821/2830/3056 2160/2832/1823 481/2833/425 2066/2834/1729
f 2152/2831/1815 3821/2830/3056 2066/2834/1729 471/2493/415
f 528/2799/472 2140/2835/1803 3822/2836/3057 2147/2800/1810
f 2140/2835/1803 526/2837/470 2155/2838/1818 3822/2836/3057
f 3822/2836/3057 2155/2838/1818 535/2839/479 2178/2840/1841
f 2147/2800/1810 3822/2836/3057 2178/2840/1841 542/2801/486
f 542/2801/486 2178/2840/1841 3823/2841/3058 2163/2809/1826
f 2178/2840/1841 535/2839/479 2156/2842/1819 3823/2841/3058
f 3823/2841/3058 2156/2842/1819 536/2843/480 2179/2844/1842
f 2163/2809/1826 3823/2841/3058 2179/2844/1842 541/2845/485
f 541/2845/485 2179/2844/1842 3824/2846/3059 2162/2847/1825
f 2179/2844/1842 536/2843/480 2157/2848/1820 3824/2846/3059
f 3824/2846/3059 2157/2848/1820 477/2513/421 2069/2849/1732
f 2162/2847/1825 3824/2846/3059 2069/2849/1732 484/2850/428
f 492/2851/436 2070/2852/1733 3825/2853/3060 2169/2773/1832
f 2070/2852/1733 478/2522/422 2158/2854/1821 3825/2853/3060
f 3825/2853/3060 2158/2854/1821 537/2855/481 2180/2856/1843
f 2169/2773/1832 3825/2853/3060 2180/2856/1843 546/2774/490
f 546/2774/490 2180/2856/1843 3826/2857/3061 2168/2781/1831
f 2180/2856/1843 537/2855/481 2159/2858/1822 3826/2857/3061
f 3826/2857/3061 2159/2858/1822 538/2859/482 2181/2860/1844
f 2168/2781/1831 3826/2857/3061 2181/2860/1844 545/2782/489
f 550/2861/494 2189/2862/1852 3827/2863/3062 2227/2864/1890
f 2189/2862/1852 525/2865/469 2139/2866/1802 3827/2863/3062
f 3827/2863/3062 2139/2866/1802 538/2867/482 2182/2868/1845
f 2227/2864/1890 3827/2863/3062 2182/2868/1845 561/2869/505
f 561/2869/505 2182/2868/1845 3828/2870/3063 2224/2871/1887
f 2182/2868/1845 538/2867/482 2159/2872/1822 3828/2870/3063
f 3828/2870/3063 2159/2872/1822 537/2873/481 2183/2874/1846
f 2224/2871/1887 3828/2870/3063 2183/2874/1846 564/2875/508
f 564/2875/508 2183/2874/1846 3829/2876/3064 2221/2877/1884
f 2183/2874/1846 537/2873/481 2158/2878/1821 3829/2876/3064
f 3829/2876/3064 2158/2878/1821 478/2546/422 2075/2879/1738
f 2221/2877/1884 3829/2876/3064 2075/2879/1738 513/2643/457
f 547/2880/491 2218/2881/1881 3830/2882/3065 2186/2883/1849
f 2218/2881/1881 565/2884/509 2204/2885/1867 3830/2882/3065
f 3830/2882/3065 2204/2885/1867 534/2886/478 2137/2887/1800
f 2186/2883/1849 3830/2882/3065 2137/2887/1800 524/2888/468
f 565/2884/509 2215/2889/1878 3831/2890/3066 2204/2885/1867
f 2215/2889/1878 568/2891/512 2207/2892/1870 3831/2890/3066
f 3831/2890/3066 2207/2892/1870 533/2893/477 2154/2894/1817
f 2204/2885/1867 3831/2890/3066 2154/2894/1817 534/2886/478
f 568/2891/512 2212/2895/1875 3832/2896/3067 2207/2892/1870
f 2212/2895/1875 520/2897/464 2106/2898/1769 3832/2896/3067
f 3832/2896/3067 2106/2898/1769 472/2566/416 2153/2899/1816
f 2207/2892/1870 3832/2896/3067 2153/2899/1816 533/2893/477
f 532/2900/476 2152/2901/1815 3833/2902/3068 2185/2903/1848
f 2152/2901/1815 471/2577/415 2078/2904/1741 3833/2902/3068
f 3833/2902/3068 2078/2904/1741 522/2905/466 2210/2906/1873
f 2185/2903/1848 3833/2902/3068 2210/2906/1873 570/2907/514
f 570/2908/514 2210/2909/1873 3834/2910/3069 2209/2911/1872
f 2210/2909/1873 522/2905/466 2108/2912/1771 3834/2910/3069
f 3834/2910/3069 2108/2912/1771 521/2913/465 2211/2914/1874
f 2209/2911/1872 3834/2910/3069 2211/2914/1874 569/2915/513
f 569/2915/513 2211/2914/1874 3835/2916/3070 2208/2917/1871
f 2211/2914/1874 521/2913/465 2107/2592/1770 3835/2916/3070
f 3835/2916/3070 2107/2592/1770 520/2568/464 2212/2895/1875
f 2208/2917/1871 3835/2916/3070 2212/2895/1875 568/2918/512
f 531/2919/475 2151/2920/1814 3836/2921/3071 2184/2922/1847
f 2151/2920/1814 532/2900/476 2185/2903/1848 3836/2921/3071
f 3836/2921/3071 2185/2903/1848 570/2907/514 2213/2923/1876
f 2184/2922/1847 3836/2921/3071 2213/2923/1876 567/2924/511
f 567/2925/511 2213/2926/1876 3837/2927/3072 2206/2928/1869
f 2213/2926/1876 570/2908/514 2209/2911/1872 3837/2927/3072
f 3837/2927/3072 2209/2911/1872 569/2915/513 2214/2929/1877
f 2206/2928/1869 3837/2927/3072 2214/2929/1877 566/2930/510
f 566/2930/510 2214/2929/1877 3838/2931/3073 2205/2932/1868
f 2214/2929/1877 569/2915/513 2208/2917/1871 3838/2931/3073
f 3838/2931/3073 2208/2917/1871 568/2918/512 2215/2933/1878
f 2205/2932/1868 3838/2931/3073 2215/2933/1878 565/2884/509
f 523/2934/467 2150/2935/1813 3839/2936/3074 2136/2937/1799
f 2150/2935/1813 531/2919/475 2184/2922/1847 3839/2936/3074
f 3839/2936/3074 2184/2922/1847 567/2924/511 2216/2938/1879
f 2136/2937/1799 3839/2936/3074 2216/2938/1879 549/2939/493
f 549/2939/493 2216/2938/1879 3840/2940/3075 2188/2941/1851
f 2216/2938/1879 567/2924/511 2206/2942/1869 3840/2940/3075
f 3840/2940/3075 2206/2942/1869 566/2943/510 2217/2944/1880
f 2188/2941/1851 3840/2940/3075 2217/2944/1880 548/2945/492
f 548/2945/492 2217/2944/1880 3841/2946/3076 2187/2947/1850
f 2217/2944/1880 566/2943/510 2205/2948/1868 3841/2946/3076
f 3841/2946/3076 2205/2948/1868 565/2884/509 2218/2881/1881
f 2187/2947/1850 3841/2946/3076 2218/2881/1881 547/2880/491
f 536/2949/480 2201/2950/1864 3842/2951/3077 2157/2952/1820
f 2201/2950/1864 562/2953/506 2219/2954/1882 3842/2951/3077
f 3842/2951/3077 2219/2954/1882 511/2628/455 2097/2955/1760
f 2157/2952/1820 3842/2951/3077 2097/2955/1760 477/2626/421
f 562/2956/506 2202/2957/1865 3843/2958/3078 2219/2959/1882
f 2202/2957/1865 563/2960/507 2220/2961/1883 3843/2958/3078
f 3843/2958/3078 2220/2961/1883 512/2962/456 2098/2636/1761
f 2219/2959/1882 3843/2958/3078 2098/2636/1761 511/2635/455
f 563/2960/507 2203/2963/1866 3844/2964/3079 2220/2961/1883
f 2203/2963/1866 564/2965/508 2221/2877/1884 3844/2964/3079
f 3844/2964/3079 2221/2877/1884 513/2643/457 2099/2966/1762
f 2220/2961/1883 3844/2964/3079 2099/2966/1762 512/2962/456
f 535/2967/479 2198/2968/1861 3845/2969/3080 2156/2970/1819
f 2198/2968/1861 559/2971/503 2222/2972/1885 3845/2969/3080
f 3845/2969/3080 2222/2972/1885 562/2953/506 2201/2950/1864
f 2156/2970/1819 3845/2969/3080 2201/2950/1864 536/2949/480
f 559/2971/503 2199/2973/1862 3846/2974/3081 2222/2972/1885
f 2199/2973/1862 560/2975/504 2223/2976/1886 3846/2974/3081
f 3846/2974/3081 2223/2976/1886 563/2960/507 2202/2977/1865
f 2222/2972/1885 3846/2974/3081 2202/2977/1865 562/2953/506
f 560/2975/504 2200/2978/1863 3847/2979/3082 2223/2976/1886
f 2200/2978/1863 561/2869/505 2224/2871/1887 3847/2979/3082
f 3847/2979/3082 2224/2871/1887 564/2875/508 2203/2980/1866
f 2223/2976/1886 3847/2979/3082 2203/2980/1866 563/2960/507
f 526/2981/470 2138/2982/1801 3848/2983/3083 2155/2984/1818
f 2138/2982/1801 552/2985/496 2225/2986/1888 3848/2983/3083
f 3848/2983/3083 2225/2986/1888 559/2971/503 2198/2968/1861
f 2155/2984/1818 3848/2983/3083 2198/2968/1861 535/2967/479
f 552/2732/496 2191/2987/1854 3849/2988/3084 2225/2989/1888
f 2191/2987/1854 551/2990/495 2226/2991/1889 3849/2988/3084
f 3849/2988/3084 2226/2991/1889 560/2992/504 2199/2993/1862
f 2225/2989/1888 3849/2988/3084 2199/2993/1862 559/2994/503
f 551/2990/495 2190/2995/1853 3850/2996/3085 2226/2991/1889
f 2190/2995/1853 550/2997/494 2227/2998/1890 3850/2996/3085
f 3850/2996/3085 2227/2998/1890 561/2999/505 2200/3000/1863
f 2226/2991/1889 3850/2996/3085 2200/3000/1863 560/2992/504
f 530/3001/474 2145/2757/1808 3851/3002/3086 2148/3003/1811
f 2145/2757/1808 529/3004/473 2149/3005/1812 3851/3002/3086
f 3851/3002/3086 2149/3005/1812 558/3006/502 2228/3007/1891
f 2148/3003/1811 3851/3002/3086 2228/3007/1891 555/3008/499
f 555/3008/499 2228/3007/1891 3852/3009/3087 2194/3010/1857
f 2228/3007/1891 558/3006/502 2197/3011/1860 3852/3009/3087
f 3852/3009/3087 2197/3011/1860 557/3012/501 2229/3013/1892
f 2194/3010/1857 3852/3009/3087 2229/3013/1892 554/3014/498
f 554/3014/498 2229/3013/1892 3853/3015/3088 2193/3016/1856
f 2229/3013/1892 557/3012/501 2196/3017/1859 3853/3015/3088
f 3853/3015/3088 2196/3017/1859 556/3018/500 2230/3019/1893
f 2193/3016/1856 3853/3015/3088 2230/3019/1893 553/3020/497
f 524/2754/468 2141/2753/1804 3854/3021/3089 2186/3022/1849
f 2141/2753/1804 530/2752/474 2148/3023/1811 3854/3021/3089
f 3854/3021/3089 2148/3023/1811 555/3024/499 2231/3025/1894
f 2186/3022/1849 3854/3021/3089 2231/3025/1894 547/3026/491
f 547/3026/491 2231/3025/1894 3855/3027/3090 2187/3028/1850
f 2231/3025/1894 555/3024/499 2194/3029/1857 3855/3027/3090
f 3855/3027/3090 2194/3029/1857 554/3030/498 2232/3031/1895
f 2187/3028/1850 3855/3027/3090 2232/3031/1895 548/3032/492
f 548/3032/492 2232/3031/1895 3856/3033/3091 2188/3034/1851
f 2232/3031/1895 554/3030/498 2193/3035/1856 3856/3033/3091
f 3856/3033/3091 2193/3035/1856 553/2762/497 2233/2759/1896
f 2188/3034/1851 3856/3033/3091 2233/2759/1896 549/2758/493
f 529/2745/473 2144/2744/1807 3857/3036/3092 2149/3005/1812
f 2144/2744/1807 525/2743/469 2189/3037/1852 3857/3036/3092
f 3857/3036/3092 2189/3037/1852 550/2997/494 2234/3038/1897
f 2149/3005/1812 3857/3036/3092 2234/3038/1897 558/3039/502
f 558/3039/502 2234/3038/1897 3858/3040/3093 2197/3041/1860
f 2234/3038/1897 550/2997/494 2190/3042/1853 3858/3040/3093
f 3858/3040/3093 2190/3042/1853 551/3043/495 2235/3044/1898
f 2197/3041/1860 3858/3040/3093 2235/3044/1898 557/3012/501
f 557/3012/501 2235/3044/1898 3859/3045/3094 2196/3017/1859
f 2235/3044/1898 551/3043/495 2191/3046/1854 3859/3045/3094
f 3859/3045/3094 2191/3046/1854 552/2732/496 2236/2729/1899
f 2196/3017/1859 3859/3045/3094 2236/2729/1899 556/2728/500
usemtl Gold
f 4/1/4 1108/1/899 3295/1/2601 1107/1/898
f 1108/1/899 3/1/3 1109/1/900 3295/1/2601
f 3295/1/2601 1109/1/900 2/1/2 1110/1/901
f 1107/1/898 3295/1/2601 1110/1/901 1/1/1
f 10/1/10 1118/1/907 3296/1/907 1117/1/10
f 1118/1/907 11/1/11 1119/1/11 3296/1/907
f 3296/1/907 1119/1/11 7/1/7 1112/1/903
f 1117/1/10 3296/1/907 1112/1/903 6/1/6
f 11/1/11 1120/1/908 3297/1/908 1119/1/11
f 1120/1/908 12/1/12 1121/1/12 3297/1/908
f 3297/1/908 1121/1/12 8/1/8 1113/1/904
f 1119/1/11 3297/1/908 1113/1/904 7/1/7
f 12/1/12 1122/1/909 3298/1/909 1121/1/12
f 1122/1/909 9/1/9 1115/1/9 3298/1/909
f 3298/1/909 1115/1/9 5/1/5 1114/1/905
f 1121/1/12 3298/1/909 1114/1/905 8/1/8
f 13/1/9 1124/1/906 3299/1/906 1123/1/9
f 1124/1/906 14/1/10 1125/1/10 3299/1/906
f 3299/1/906 1125/1/10 10/1/10 1116/1/906
f 1123/1/9 3299/1/906 1116/1/906 9/1/9
f 14/1/10 1126/1/907 3300/1/907 1125/1/10
f 1126/1/907 15/1/11 1127/1/11 3300/1/907
f 3300/1/907 1127/1/11 11/1/11 1118/1/907
f 1125/1/10 3300/1/907 1118/1/907 10/1/10
f 15/1/11 1128/1/908 3301/1/908 1127/1/11
f 1128/1/908 16/1/12 1129/1/12 3301/1/908
f 3301/1/908 1129/1/12 12/1/12 1120/1/908
f 1127/1/11 3301/1/908 1120/1/908 11/1/11
f 16/1/12 1130/1/909 3302/1/909 1129/1/12
f 1130/1/909 13/1/9 1123/1/9 3302/1/909
f 3302/1/909 1123/1/9 9/1/9 1122/1/909
f 1129/1/12 3302/1/909 1122/1/909 12/1/12
f 17/1/9 1132/1/906 3303/1/906 1131/1/9
f 1132/1/906 18/1/10 1133/1/10 3303/1/906
f 3303/1/906 1133/1/10 14/1/10 1124/1/906
f 1131/1/9 3303/1/906 1124/1/906 13/1/9
f 18/1/10 1134/1/907 3304/1/907 1133/1/10
f 1134/1/907 19/1/11 1135/1/11 3304/1/907
f 3304/1/907 1135/1/11 15/1/11 1126/1/907
f 1133/1/10 3304/1/907 1126/1/907 14/1/10
f 19/1/11 1136/1/908 3305/1/908 1135/1/11
f 1136/1/908 20/1/12 1137/1/12 3305/1/908
f 3305/1/908 1137/1/12 16/1/12 1128/1/908
f 1135/1/11 3305/1/908 1128/1/908 15/1/11
f 20/1/12 1138/1/909 3306/1/909 1137/1/12
f 1138/1/909 17/1/9 1131/1/9 3306/1/909
f 3306/1/909 1131/1/9 13/1/9 1130/1/909
f 1137/1/12 3306/1/909 1130/1/909 16/1/12
f 21/1/9 1140/1/906 3307/1/906 1139/1/9
f 1140/1/906 22/1/10 1141/1/10 3307/1/906
f 3307/1/906 1141/1/10 18/1/10 1132/1/906
f 1139/1/9 3307/1/906 1132/1/906 17/1/9
f 22/1/10 1142/1/907 3308/1/907 1141/1/10
f 1142/1/907 23/1/11 1143/1/11 3308/1/907
f 3308/1/907 1143/1/11 19/1/11 1134/1/907
f 1141/1/10 3308/1/907 1134/1/907 18/1/10
f 23/1/11 1144/1/908 3309/1/908 1143/1/11
f 1144/1/908 24/1/12 1145/1/12 3309/1/908
f 3309/1/908 1145/1/12 20/1/12 1136/1/908
f 1143/1/11 3309/1/908 1136/1/908 19/1/11
f 24/1/12 1146/1/909 3310/1/909 1145/1/12
f 1146/1/909 21/1/9 1139/1/9 3310/1/909
f 3310/1/909 1139/1/9 17/1/9 1138/1/909
f 1145/1/12 3310/1/909 1138/1/909 20/1/12
f 25/1/9 1148/1/906 3311/1/906 1147/1/9
f 1148/1/906 26/1/10 1149/1/10 3311/1/906
f 3311/1/906 1149/1/10 22/1/10 1140/1/906
f 1147/1/9 3311/1/906 1140/1/906 21/1/9
f 26/1/10 1150/1/907 3312/1/907 1149/1/10
f 1150/1/907 27/1/11 1151/1/11 3312/1/907
f 3312/1/907 1151/1/11 23/1/11 1142/1/907
f 1149/1/10 3312/1/907 1142/1/907 22/1/10
f 27/1/11 1152/1/908 3313/1/908 1151/1/11
f 1152/1/908 28/1/12 1153/1/12 3313/1/908
f 3313/1/908 1153/1/12 24/1/12 1144/1/908
f 1151/1/11 3313/1/908 1144/1/908 23/1/11
f 28/1/12 1154/1/909 3314/1/909 1153/1/12
f 1154/1/909 25/1/9 1147/1/9 3314/1/909
f 3314/1/909 1147/1/9 21/1/9 1146/1/909
f 1153/1/12 3314/1/909 1146/1/909 24/1/12
f 29/1/9 1156/1/906 3315/1/906 1155/1/9
f 1156/1/906 30/1/10 1157/1/10 3315/1/906
f 3315/1/906 1157/1/10 26/1/10 1148/1/906
f 1155/1/9 3315/1/906 1148/1/906 25/1/9
f 30/1/10 1158/1/907 3316/1/907 1157/1/10
f 1158/1/907 31/1/11 1159/1/11 3316/1/907
f 3316/1/907 1159/1/11 27/1/11 1150/1/907
f 1157/1/10 3316/1/907 1150/1/907 26/1/10
f 31/1/11 1160/1/908 3317/1/908 1159/1/11
f 1160/1/908 32/1/12 1161/1/12 3317/1/908
f 3317/1/908 1161/1/12 28/1/12 1152/1/908
f 1159/1/11 3317/1/908 1152/1/908 27/1/11
f 32/1/12 1162/1/909 3318/1/909 1161/1/12
f 1162/1/909 29/1/9 1155/1/9 3318/1/909
f 3318/1/909 1155/1/9 25/1/9 1154/1/909
f 1161/1/12 3318/1/909 1154/1/909 28/1/12
f 33/1/9 1164/1/906 3319/1/906 1163/1/9
f 1164/1/906 34/1/10 1165/1/10 3319/1/906
f 3319/1/906 1165/1/10 30/1/10 1156/1/906
f 1163/1/9 3319/1/906 1156/1/906 29/1/9
f 34/1/10 1166/1/907 3320/1/907 1165/1/10
f 1166/1/907 35/1/11 1167/1/11 3320/1/907
f 3320/1/907 1167/1/11 31/1/11 1158/1/907
f 1165/1/10 3320/1/907 1158/1/907 30/1/10
f 35/1/11 1168/1/908 3321/1/908 1167/1/11
f 1168/1/908 36/1/12 1169/1/12 3321/1/908
f 3321/1/908 1169/1/12 32/1/12 1160/1/908
f 1167/1/11 3321/1/908 1160/1/908 31/1/11
f 36/1/12 1170/1/909 3322/1/909 1169/1/12
f 1170/1/909 33/1/9 1163/1/9 3322/1/909
f 3322/1/909 1163/1/9 29/1/9 1162/1/909
f 1169/1/12 3322/1/909 1162/1/909 32/1/12
f 37/1/9 1172/1/906 3323/1/906 1171/1/9
f 1172/1/906 38/1/10 1173/1/10 3323/1/906
f 3323/1/906 1173/1/10 34/1/10 1164/1/906
f 1171/1/9 3323/1/906 1164/1/906 33/1/9
f 38/1/10 1174/1/907 3324/1/907 1173/1/10
f 1174/1/907 39/1/11 1175/1/11 3324/1/907
f 3324/1/907 1175/1/11 35/1/11 1166/1/907
f 1173/1/10 3324/1/907 1166/1/907 34/1/10
f 39/1/11 1176/1/908 3325/1/908 1175/1/11
f 1176/1/908 40/1/12 1177/1/12 3325/1/908
f 3325/1/908 1177/1/12 36/1/12 1168/1/908
f 1175/1/11 3325/1/908 1168/1/908 35/1/11
f 40/1/12 1178/1/909 3326/1/909 1177/1/12
f 1178/1/909 37/1/9 1171/1/9 3326/1/909
f 3326/1/909 1171/1/9 33/1/9 1170/1/909
f 1177/1/12 3326/1/909 1170/1/909 36/1/12
f 41/1/13 1180/1/910 3327/1/906 1179/1/9
f 1180/1/910 42/1/14 1181/1/10 3327/1/906
f 3327/1/906 1181/1/10 38/1/10 1172/1/906
f 1179/1/9 3327/1/906 1172/1/906 37/1/9
f 42/1/14 1182/1/911 3328/1/907 1181/1/10
f 1182/1/911 43/1/15 1183/1/11 3328/1/907
f 3328/1/907 1183/1/11 39/1/11 1174/1/907
f 1181/1/10 3328/1/907 1174/1/907 38/1/10
f 43/1/15 1184/1/912 3329/1/908 1183/1/11
f 1184/1/912 44/1/16 1185/1/12 3329/1/908
f 3329/1/908 1185/1/12 40/1/12 1176/1/908
f 1183/1/11 3329/1/908 1176/1/908 39/1/11
f 44/1/16 1186/1/913 3330/1/909 1185/1/12
f 1186/1/913 41/1/13 1179/1/9 3330/1/909
f 3330/1/909 1179/1/9 37/1/9 1178/1/909
f 1185/1/12 3330/1/909 1178/1/909 40/1/12
f 53/1/25 1199/1/25 3331/1/926 1200/1/926
f 1199/1/25 49/1/21 1195/1/922 3331/1/926
f 3331/1/926 1195/1/922 50/1/22 1201/1/26
f 1200/1/926 3331/1/926 1201/1/26 54/1/26
f 1/1/1 1110/1/901 3332/1/2602 1187/1/914
f 1110/1/901 2/1/2 1188/1/915 3332/1/2602
f 3332/1/2602 1188/1/915 42/1/14 1180/1/910
f 1187/1/914 3332/1/2602 1180/1/910 41/1/13
f 2/1/2 1109/1/900 3333/1/2603 1188/1/915
f 1109/1/900 3/1/3 1189/1/916 3333/1/2603
f 3333/1/2603 1189/1/916 43/1/15 1182/1/911
f 1188/1/915 3333/1/2603 1182/1/911 42/1/14
f 3/1/3 1108/1/899 3334/1/2604 1189/1/916
f 1108/1/899 4/1/4 1190/1/917 3334/1/2604
f 3334/1/2604 1190/1/917 44/1/16 1184/1/912
f 1189/1/916 3334/1/2604 1184/1/912 43/1/15
f 4/1/4 1107/1/898 3335/1/2605 1190/1/917
f 1107/1/898 1/1/1 1187/1/914 3335/1/2605
f 3335/1/2605 1187/1/914 41/1/13 1186/1/913
f 1190/1/917 3335/1/2605 1186/1/913 44/1/16
f 48/1/20 1191/1/918 3336/1/2606 1192/1/919
f 1191/1/918 45/1/17 1194/1/921 3336/1/2606
f 3336/1/2606 1194/1/921 46/1/18 1193/1/920
f 1192/1/919 3336/1/2606 1193/1/920 47/1/19
f 54/1/26 1201/1/26 3337/1/927 1202/1/927
f 1201/1/26 50/1/22 1196/1/923 3337/1/927
f 3337/1/927 1196/1/923 51/1/23 1203/1/27
f 1202/1/927 3337/1/927 1203/1/27 55/1/27
f 55/1/27 1203/1/27 3338/1/928 1204/1/928
f 1203/1/27 51/1/23 1197/1/924 3338/1/928
f 3338/1/928 1197/1/924 52/1/24 1205/1/28
f 1204/1/928 3338/1/928 1205/1/28 56/1/28
f 56/1/28 1205/1/28 3339/1/929 1206/1/929
f 1205/1/28 52/1/24 1198/1/925 3339/1/929
f 3339/1/929 1198/1/925 49/1/21 1199/1/25
f 1206/1/929 3339/1/929 1199/1/25 53/1/25
f 57/1/25 1207/1/25 3340/1/926 1208/1/926
f 1207/1/25 53/1/25 1200/1/926 3340/1/926
f 3340/1/926 1200/1/926 54/1/26 1209/1/26
f 1208/1/926 3340/1/926 1209/1/26 58/1/26
f 58/1/26 1209/1/26 3341/1/927 1210/1/927
f 1209/1/26 54/1/26 1202/1/927 3341/1/927
f 3341/1/927 1202/1/927 55/1/27 1211/1/27
f 1210/1/927 3341/1/927 1211/1/27 59/1/27
f 59/1/27 1211/1/27 3342/1/928 1212/1/928
f 1211/1/27 55/1/27 1204/1/928 3342/1/928
f 3342/1/928 1204/1/928 56/1/28 1213/1/28
f 1212/1/928 3342/1/928 1213/1/28 60/1/28
f 60/1/28 1213/1/28 3343/1/929 1214/1/929
f 1213/1/28 56/1/28 1206/1/929 3343/1/929
f 3343/1/929 1206/1/929 53/1/25 1207/1/25
f 1214/1/929 3343/1/929 1207/1/25 57/1/25
f 61/1/25 1215/1/25 3344/1/926 1216/1/926
f 1215/1/25 57/1/25 1208/1/926 3344/1/926
f 3344/1/926 1208/1/926 58/1/26 1217/1/26
f 1216/1/926 3344/1/926 1217/1/26 62/1/26
f 62/1/26 1217/1/26 3345/1/927 1218/1/927
f 1217/1/26 58/1/26 1210/1/927 3345/1/927
f 3345/1/927 1210/1/927 59/1/27 1219/1/27
f 1218/1/927 3345/1/927 1219/1/27 63/1/27
f 63/1/27 1219/1/27 3346/1/928 1220/1/928
f 1219/1/27 59/1/27 1212/1/928 3346/1/928
f 3346/1/928 1212/1/928 60/1/28 1221/1/28
f 1220/1/928 3346/1/928 1221/1/28 64/1/28
f 64/1/28 1221/1/28 3347/1/929 1222/1/929
f 1221/1/28 60/1/28 1214/1/929 3347/1/929
f 3347/1/929 1214/1/929 57/1/25 1215/1/25
f 1222/1/929 3347/1/929 1215/1/25 61/1/25
f 65/1/25 1223/1/25 3348/1/926 1224/1/926
f 1223/1/25 61/1/25 1216/1/926 3348/1/926
f 3348/1/926 1216/1/926 62/1/26 1225/1/26
f 1224/1/926 3348/1/926 1225/1/26 66/1/26
f 66/1/26 1225/1/26 3349/1/927 1226/1/927
f 1225/1/26 62/1/26 1218/1/927 3349/1/927
f 3349/1/927 1218/1/927 63/1/27 1227/1/27
f 1226/1/927 3349/1/927 1227/1/27 67/1/27
f 67/1/27 1227/1/27 3350/1/928 1228/1/928
f 1227/1/27 63/1/27 1220/1/928 3350/1/928
f 3350/1/928 1220/1/928 64/1/28 1229/1/28
f 1228/1/928 3350/1/928 1229/1/28 68/1/28
f 68/1/28 1229/1/28 3351/1/929 1230/1/929
f 1229/1/28 64/1/28 1222/1/929 3351/1/929
f 3351/1/929 1222/1/929 61/1/25 1223/1/25
f 1230/1/929 3351/1/929 1223/1/25 65/1/25
f 69/1/25 1231/1/25 3352/1/926 1232/1/926
f 1231/1/25 65/1/25 1224/1/926 3352/1/926
f 3352/1/926 1224/1/926 66/1/26 1233/1/26
f 1232/1/926 3352/1/926 1233/1/26 70/1/26
f 70/1/26 1233/1/26 3353/1/927 1234/1/927
f 1233/1/26 66/1/26 1226/1/927 3353/1/927
f 3353/1/927 1226/1/927 67/1/27 1235/1/27
f 1234/1/927 3353/1/927 1235/1/27 71/1/27
f 71/1/27 1235/1/27 3354/1/928 1236/1/928
f 1235/1/27 67/1/27 1228/1/928 3354/1/928
f 3354/1/928 1228/1/928 68/1/28 1237/1/28
f 1236/1/928 3354/1/928 1237/1/28 72/1/28
f 72/1/28 1237/1/28 3355/1/929 1238/1/929
f 1237/1/28 68/1/28 1230/1/929 3355/1/929
f 3355/1/929 1230/1/929 65/1/25 1231/1/25
f 1238/1/929 3355/1/929 1231/1/25 69/1/25
f 73/1/25 1239/1/25 3356/1/926 1240/1/926
f 1239/1/25 69/1/25 1232/1/926 3356/1/926
f 3356/1/926 1232/1/926 70/1/26 1241/1/26
f 1240/1/926 3356/1/926 1241/1/26 74/1/26
f 74/1/26 1241/1/26 3357/1/927 1242/1/927
f 1241/1/26 70/1/26 1234/1/927 3357/1/927
f 3357/1/927 1234/1/927 71/1/27 1243/1/27
f 1242/1/927 3357/1/927 1243/1/27 75/1/27
f 75/1/27 1243/1/27 3358/1/928 1244/1/928
f 1243/1/27 71/1/27 1236/1/928 3358/1/928
f 3358/1/928 1236/1/928 72/1/28 1245/1/28
f 1244/1/928 3358/1/928 1245/1/28 76/1/28
f 76/1/28 1245/1/28 3359/1/929 1246/1/929
f 1245/1/28 72/1/28 1238/1/929 3359/1/929
f 3359/1/929 1238/1/929 69/1/25 1239/1/25
f 1246/1/929 3359/1/929 1239/1/25 73/1/25
f 77/1/25 1247/1/25 3360/1/926 1248/1/926
f 1247/1/25 73/1/25 1240/1/926 3360/1/926
f 3360/1/926 1240/1/926 74/1/26 1249/1/26
f 1248/1/926 3360/1/926 1249/1/26 78/1/26
f 78/1/26 1249/1/26 3361/1/927 1250/1/927
f 1249/1/26 74/1/26 1242/1/927 3361/1/927
f 3361/1/927 1242/1/927 75/1/27 1251/1/27
f 1250/1/927 3361/1/927 1251/1/27 79/1/27
f 79/1/27 1251/1/27 3362/1/928 1252/1/928
f 1251/1/27 75/1/27 1244/1/928 3362/1/928
f 3362/1/928 1244/1/928 76/1/28 1253/1/28
f 1252/1/928 3362/1/928 1253/1/28 80/1/28
f 80/1/28 1253/1/28 3363/1/929 1254/1/929
f 1253/1/28 76/1/28 1246/1/929 3363/1/929
f 3363/1/929 1246/1/929 73/1/25 1247/1/25
f 1254/1/929 3363/1/929 1247/1/25 77/1/25
f 81/1/25 1255/1/25 3364/1/926 1256/1/926
f 1255/1/25 77/1/25 1248/1/926 3364/1/926
f 3364/1/926 1248/1/926 78/1/26 1257/1/26
f 1256/1/926 3364/1/926 1257/1/26 82/1/26
f 82/1/26 1257/1/26 3365/1/927 1258/1/927
f 1257/1/26 78/1/26 1250/1/927 3365/1/927
f 3365/1/927 1250/1/927 79/1/27 1259/1/27
f 1258/1/927 3365/1/927 1259/1/27 83/1/27
f 83/1/27 1259/1/27 3366/1/928 1260/1/928
f 1259/1/27 79/1/27 1252/1/928 3366/1/928
f 3366/1/928 1252/1/928 80/1/28 1261/1/28
f 1260/1/928 3366/1/928 1261/1/28 84/1/28
f 84/1/28 1261/1/28 3367/1/929 1262/1/929
f 1261/1/28 80/1/28 1254/1/929 3367/1/929
f 3367/1/929 1254/1/929 77/1/25 1255/1/25
f 1262/1/929 3367/1/929 1255/1/25 81/1/25
f 85/1/29 1263/1/25 3368/1/926 1264/1/930
f 1263/1/25 81/1/25 1256/1/926 3368/1/926
f 3368/1/926 1256/1/926 82/1/26 1265/1/26
f 1264/1/930 3368/1/926 1265/1/26 86/1/30
f 86/1/30 1265/1/26 3369/1/927 1266/1/931
f 1265/1/26 82/1/26 1258/1/927 3369/1/927
f 3369/1/927 1258/1/927 83/1/27 1267/1/27
f 1266/1/931 3369/1/927 1267/1/27 87/1/31
f 87/1/31 1267/1/27 3370/1/928 1268/1/932
f 1267/1/27 83/1/27 1260/1/928 3370/1/928
f 3370/1/928 1260/1/928 84/1/28 1269/1/28
f 1268/1/932 3370/1/928 1269/1/28 88/1/32
f 88/1/32 1269/1/28 3371/1/929 1270/1/933
f 1269/1/28 84/1/28 1262/1/929 3371/1/929
f 3371/1/929 1262/1/929 81/1/25 1263/1/25
f 1270/1/933 3371/1/929 1263/1/25 85/1/29
f 45/1/17 1271/1/934 3372/1/2607 1194/1/921
f 1271/1/934 85/1/29 1264/1/930 3372/1/2607
f 3372/1/2607 1264/1/930 86/1/30 1272/1/935
f 1194/1/921 3372/1/2607 1272/1/935 46/1/18
f 46/1/18 1272/1/935 3373/1/2608 1193/1/920
f 1272/1/935 86/1/30 1266/1/931 3373/1/2608
f 3373/1/2608 1266/1/931 87/1/31 1273/1/936
f 1193/1/920 3373/1/2608 1273/1/936 47/1/19
f 47/1/19 1273/1/936 3374/1/2609 1192/1/919
f 1273/1/936 87/1/31 1268/1/932 3374/1/2609
f 3374/1/2609 1268/1/932 88/1/32 1274/1/937
f 1192/1/919 3374/1/2609 1274/1/937 48/1/20
f 48/1/20 1274/1/937 3375/1/2610 1191/1/918
f 1274/1/937 88/1/32 1270/1/933 3375/1/2610
f 3375/1/2610 1270/1/933 85/1/29 1271/1/934
f 1191/1/918 3375/1/2610 1271/1/934 45/1/17
f 605/1/546 2274/1/1933 3860/1/3095 2273/1/1932
f 2274/1/1933 606/1/547 2275/1/1934 3860/1/3095
f 3860/1/3095 2275/1/1934 602/1/543 2266/1/1925
f 2273/1/1932 3860/1/3095 2266/1/1925 601/1/542
f 604/1/545 2272/1/1931 3861/1/3096 2271/1/1930
f 2272/1/1931 605/1/546 2273/1/1932 3861/1/3096
f 3861/1/3096 2273/1/1932 601/1/542 2264/1/1923
f 2271/1/1930 3861/1/3096 2264/1/1923 600/1/541
f 603/1/544 2270/1/1929 3862/1/3097 2269/1/1928
f 2270/1/1929 604/1/545 2271/1/1930 3862/1/3097
f 3862/1/3097 2271/1/1930 600/1/541 2262/1/1921
f 2269/1/1928 3862/1/3097 2262/1/1921 599/1/540
f 602/1/543 2268/1/1927 3863/1/3098 2267/1/1926
f 2268/1/1927 599/1/540 2261/1/1920 3863/1/3098
f 3863/1/3098 2261/1/1920 595/1/536 2243/1/1906
f 2267/1/1926 3863/1/3098 2243/1/1906 598/1/539
f 601/1/542 2266/1/1925 3864/1/3099 2265/1/1924
f 2266/1/1925 602/1/543 2267/1/1926 3864/1/3099
f 3864/1/3099 2267/1/1926 598/1/539 2252/1/1915
f 2265/1/1924 3864/1/3099 2252/1/1915 597/1/538
f 600/1/541 2264/1/1923 3865/1/3100 2263/1/1922
f 2264/1/1923 601/1/542 2265/1/1924 3865/1/3100
f 3865/1/3100 2265/1/1924 597/1/538 2254/1/1917
f 2263/1/1922 3865/1/3100 2254/1/1917 596/1/537
f 598/1/539 2243/1/1906 3866/1/3101 2242/1/1905
f 2243/1/1906 595/1/536 2244/1/1907 3866/1/3101
f 3866/1/3101 2244/1/1907 634/1/573 2241/1/1904
f 2242/1/1905 3866/1/3101 2241/1/1904 633/1/572
f 596/1/537 2254/1/1917 3867/1/3102 2256/1/1919
f 2254/1/1917 597/1/538 2251/1/1914 3867/1/3102
f 3867/1/3102 2251/1/1914 695/1/634 2248/1/1911
f 2256/1/1919 3867/1/3102 2248/1/1911 696/1/635
f 695/1/634 2250/1/1913 3868/1/3103 2249/1/1912
f 633/1/572 2240/1/1903 3868/1/3103 2250/1/1913
f 632/1/571 2249/1/1912 3868/1/3103 2240/1/1903
f 599/1/540 2262/1/1921 3869/1/3104 2261/1/1920
f 2262/1/1921 600/1/541 2263/1/1922 3869/1/3104
f 3869/1/3104 2263/1/1922 596/1/537 2255/1/1918
f 2261/1/1920 3869/1/3104 2255/1/1918 595/1/536
f 586/1/527 2258/1/527 3870/1/527 2257/1/527
f 2258/1/527 585/1/527 2259/1/527 3870/1/527
f 3870/1/527 2259/1/527 584/1/527 2260/1/527
f 2257/1/527 3870/1/527 2260/1/527 583/1/527
f 597/1/538 2252/1/1915 3871/1/3105 2251/1/1914
f 2252/1/1915 598/1/539 2242/1/1905 3871/1/3105
f 3871/1/3105 2242/1/1905 633/1/572 2250/1/1913
f 2251/1/1914 3871/1/3105 2250/1/1913 695/1/634
f 595/1/536 2245/1/1908 3872/1/3106 2244/1/1907
f 2245/1/1908 696/1/635 2246/1/1909 3872/1/3106
f 3872/1/3106 2246/1/1909 631/1/570 2239/1/1902
f 2244/1/1907 3872/1/3106 2239/1/1902 634/1/573
f 596/1/537 2256/1/1919 3873/1/3107 2255/1/1918
f 696/1/635 2245/1/1908 3873/1/3107 2256/1/1919
f 595/1/536 2255/1/1918 3873/1/3107 2245/1/1908
f 574/1/518 2247/1/1910 3874/1/3108 2253/1/1916
f 2247/1/1910 573/1/517 2238/1/1901 3874/1/3108
f 3874/1/3108 2238/1/1901 572/1/516 2237/1/1900
f 2253/1/1916 3874/1/3108 2237/1/1900 571/1/515
f 606/1/547 2276/1/1935 3875/1/3109 2275/1/1934
f 2276/1/1935 603/1/544 2269/1/1928 3875/1/3109
f 3875/1/3109 2269/1/1928 599/1/540 2268/1/1927
f 2275/1/1934 3875/1/3109 2268/1/1927 602/1/543
f 607/1/548 2278/1/1937 3876/1/3110 2277/1/1936
f 2278/1/1937 608/1/549 2279/1/1938 3876/1/3110
f 3876/1/3110 2279/1/1938 604/1/545 2270/1/1929
f 2277/1/1936 3876/1/3110 2270/1/1929 603/1/544
f 608/1/549 2280/1/1939 3877/1/3111 2279/1/1938
f 2280/1/1939 609/1/550 2281/1/1940 3877/1/3111
f 3877/1/3111 2281/1/1940 605/1/546 2272/1/1931
f 2279/1/1938 3877/1/3111 2272/1/1931 604/1/545
f 609/1/550 2282/1/1941 3878/1/3112 2281/1/1940
f 2282/1/1941 610/1/551 2283/1/1942 3878/1/3112
f 3878/1/3112 2283/1/1942 606/1/547 2274/1/1933
f 2281/1/1940 3878/1/3112 2274/1/1933 605/1/546
f 610/1/551 2284/1/1943 3879/1/3113 2283/1/1942
f 2284/1/1943 607/1/548 2277/1/1936 3879/1/3113
f 3879/1/3113 2277/1/1936 603/1/544 2276/1/1935
f 2283/1/1942 3879/1/3113 2276/1/1935 606/1/547
f 571/1/515 2237/1/1900 3880/1/3114 2285/1/1944
f 2237/1/1900 572/1/516 2286/1/1945 3880/1/3114
f 3880/1/3114 2286/1/1945 608/1/549 2278/1/1937
f 2285/1/1944 3880/1/3114 2278/1/1937 607/1/548
f 572/1/516 2238/1/1901 3881/1/3115 2286/1/1945
f 2238/1/1901 573/1/517 2287/1/1946 3881/1/3115
f 3881/1/3115 2287/1/1946 609/1/550 2280/1/1939
f 2286/1/1945 3881/1/3115 2280/1/1939 608/1/549
f 573/1/517 2247/1/1910 3882/1/3116 2287/1/1946
f 2247/1/1910 574/1/518 2288/1/1947 3882/1/3116
f 3882/1/3116 2288/1/1947 610/1/551 2282/1/1941
f 2287/1/1946 3882/1/3116 2282/1/1941 609/1/550
f 574/1/518 2253/1/1916 3883/1/3117 2288/1/1947
f 2253/1/1916 571/1/515 2285/1/1944 3883/1/3117
f 3883/1/3117 2285/1/1944 607/1/548 2284/1/1943
f 2288/1/1947 3883/1/3117 2284/1/1943 610/1/551
f 613/1/554 2556/1/2152 3884/1/3118 2290/1/1949
f 2556/1/2152 731/1/648 2549/1/2145 3884/1/3118
f 3884/1/3118 2549/1/2145 730/1/647 2555/1/2151
f 2290/1/1949 3884/1/3118 2555/1/2151 612/1/553
f 614/1/555 2557/1/2153 3885/1/3119 2291/1/1950
f 2557/1/2153 732/1/649 2551/1/2147 3885/1/3119
f 3885/1/3119 2551/1/2147 731/1/648 2556/1/2152
f 2291/1/1950 3885/1/3119 2556/1/2152 613/1/554
f 611/1/552 2554/1/2150 3886/1/3120 2292/1/1951
f 2554/1/2150 729/1/646 2553/1/2149 3886/1/3120
f 3886/1/3120 2553/1/2149 732/1/649 2557/1/2153
f 2292/1/1951 3886/1/3120 2557/1/2153 614/1/555
f 615/1/556 2294/1/1953 3887/1/3121 2293/1/1952
f 2294/1/1953 616/1/557 2295/1/563 3887/1/3121
f 3887/1/3121 2295/1/563 612/1/553 2289/1/1948
f 2293/1/1952 3887/1/3121 2289/1/1948 611/1/552
f 616/1/557 2296/1/1954 3888/1/3122 2295/1/563
f 2296/1/1954 617/1/558 2297/1/1955 3888/1/3122
f 3888/1/3122 2297/1/1955 613/1/554 2290/1/1949
f 2295/1/563 3888/1/3122 2290/1/1949 612/1/553
f 617/1/558 2298/1/1956 3889/1/3123 2297/1/1955
f 2298/1/1956 618/1/559 2299/1/1957 3889/1/3123
f 3889/1/3123 2299/1/1957 614/1/555 2291/1/1950
f 2297/1/1955 3889/1/3123 2291/1/1950 613/1/554
f 618/1/559 2300/1/1958 3890/1/3124 2299/1/1957
f 2300/1/1958 615/1/556 2293/1/1952 3890/1/3124
f 3890/1/3124 2293/1/1952 611/1/552 2292/1/1951
f 2299/1/1957 3890/1/3124 2292/1/1951 614/1/555
f 619/1/556 2302/1/1953 3891/1/1953 2301/1/556
f 2302/1/1953 620/1/557 2303/1/557 3891/1/1953
f 3891/1/1953 2303/1/557 616/1/557 2294/1/1953
f 2301/1/556 3891/1/1953 2294/1/1953 615/1/556
f 620/1/557 2304/1/1954 3892/1/1954 2303/1/557
f 2304/1/1954 621/1/560 2305/1/560 3892/1/1954
f 3892/1/1954 2305/1/560 617/1/558 2296/1/1954
f 2303/1/557 3892/1/1954 2296/1/1954 616/1/557
f 621/1/560 2306/1/1956 3893/1/1956 2305/1/560
f 2306/1/1956 622/1/561 2307/1/561 3893/1/1956
f 3893/1/1956 2307/1/561 618/1/559 2298/1/1956
f 2305/1/560 3893/1/1956 2298/1/1956 617/1/558
f 622/1/561 2308/1/1959 3894/1/1959 2307/1/561
f 2308/1/1959 619/1/556 2301/1/556 3894/1/1959
f 3894/1/1959 2301/1/556 615/1/556 2300/1/1958
f 2307/1/561 3894/1/1959 2300/1/1958 618/1/559
f 623/1/562 2310/1/1960 3895/1/1953 2309/1/556
f 2310/1/1960 624/1/563 2311/1/557 3895/1/1953
f 3895/1/1953 2311/1/557 620/1/557 2302/1/1953
f 2309/1/556 3895/1/1953 2302/1/1953 619/1/556
f 624/1/563 2312/1/1961 3896/1/1954 2311/1/557
f 2312/1/1961 625/1/564 2313/1/560 3896/1/1954
f 3896/1/1954 2313/1/560 621/1/560 2304/1/1954
f 2311/1/557 3896/1/1954 2304/1/1954 620/1/557
f 625/1/564 2314/1/1962 3897/1/1956 2313/1/560
f 2314/1/1962 626/1/565 2315/1/561 3897/1/1956
f 3897/1/1956 2315/1/561 622/1/561 2306/1/1956
f 2313/1/560 3897/1/1956 2306/1/1956 621/1/560
f 626/1/565 2316/1/1963 3898/1/1958 2315/1/561
f 2316/1/1963 623/1/562 2309/1/556 3898/1/1958
f 3898/1/1958 2309/1/556 619/1/556 2308/1/1959
f 2315/1/561 3898/1/1958 2308/1/1959 622/1/561
f 698/1/637 3288/1/2594 3899/1/3125 2486/1/2131
f 3288/1/2594 1087/1/878 3252/1/2558 3899/1/3125
f 3899/1/3125 3252/1/2558 1084/1/875 3287/1/2593
f 2486/1/2131 3899/1/3125 3287/1/2593 697/1/636
f 627/1/566 2318/1/1965 3900/1/3126 2317/1/1964
f 2318/1/1965 628/1/567 2319/1/1966 3900/1/3126
f 3900/1/3126 2319/1/1966 624/1/563 2310/1/1960
f 2317/1/1964 3900/1/3126 2310/1/1960 623/1/562
f 628/1/567 2320/1/1967 3901/1/3127 2319/1/1966
f 2320/1/1967 629/1/568 2321/1/1968 3901/1/3127
f 3901/1/3127 2321/1/1968 625/1/564 2312/1/1961
f 2319/1/1966 3901/1/3127 2312/1/1961 624/1/563
f 629/1/568 2322/1/1969 3902/1/3128 2321/1/1968
f 2322/1/1969 630/1/569 2323/1/1970 3902/1/3128
f 3902/1/3128 2323/1/1970 626/1/565 2314/1/1962
f 2321/1/1968 3902/1/3128 2314/1/1962 625/1/564
f 630/1/569 2324/1/1971 3903/1/3129 2323/1/1970
f 2324/1/1971 627/1/566 2317/1/1964 3903/1/3129
f 3903/1/3129 2317/1/1964 623/1/562 2316/1/1963
f 2323/1/1970 3903/1/3129 2316/1/1963 626/1/565
f 631/1/570 2326/1/1973 3904/1/3130 2325/1/1972
f 2326/1/1973 632/1/571 2327/1/1974 3904/1/3130
f 3904/1/3130 2327/1/1974 628/1/567 2318/1/1965
f 2325/1/1972 3904/1/3130 2318/1/1965 627/1/566
f 632/1/571 2240/1/1903 3905/1/3131 2327/1/1974
f 2240/1/1903 633/1/572 2328/1/1975 3905/1/3131
f 3905/1/3131 2328/1/1975 629/1/568 2320/1/1967
f 2327/1/1974 3905/1/3131 2320/1/1967 628/1/567
f 633/1/572 2241/1/1904 3906/1/3132 2328/1/1975
f 2241/1/1904 634/1/573 2329/1/1976 3906/1/3132
f 3906/1/3132 2329/1/1976 630/1/569 2322/1/1969
f 2328/1/1975 3906/1/3132 2322/1/1969 629/1/568
f 634/1/573 2239/1/1902 3907/1/3133 2329/1/1976
f 2239/1/1902 631/1/570 2325/1/1972 3907/1/3133
f 3907/1/3133 2325/1/1972 627/1/566 2324/1/1971
f 2329/1/1976 3907/1/3133 2324/1/1971 630/1/569
f 652/1/591 2366/1/2013 3908/1/3134 2371/1/2018
f 2366/1/2013 653/1/592 2372/1/2019 3908/1/3134
f 3908/1/3134 2372/1/2019 637/1/576 2331/1/1978
f 2371/1/2018 3908/1/3134 2331/1/1978 636/1/575
f 653/1/592 2368/1/2015 3909/1/3135 2372/1/2019
f 2368/1/2015 654/1/593 2373/1/2020 3909/1/3135
f 3909/1/3135 2373/1/2020 638/1/577 2332/1/1979
f 2372/1/2019 3909/1/3135 2332/1/1979 637/1/576
f 654/1/593 2369/1/2016 3910/1/3136 2373/1/2020
f 2369/1/2016 651/1/590 2370/1/2017 3910/1/3136
f 3910/1/3136 2370/1/2017 635/1/574 2333/1/1980
f 2373/1/2020 3910/1/3136 2333/1/1980 638/1/577
f 636/1/575 2335/1/1982 3911/1/3137 2330/1/1977
f 2335/1/1982 640/1/579 2336/1/1983 3911/1/3137
f 3911/1/3137 2336/1/1983 639/1/578 2334/1/1981
f 2330/1/1977 3911/1/3137 2334/1/1981 635/1/574
f 637/1/576 2337/1/1984 3912/1/3138 2331/1/1978
f 2337/1/1984 641/1/580 2338/1/1985 3912/1/3138
f 3912/1/3138 2338/1/1985 640/1/579 2335/1/1982
f 2331/1/1978 3912/1/3138 2335/1/1982 636/1/575
f 638/1/577 2339/1/1986 3913/1/3139 2332/1/1979
f 2339/1/1986 642/1/581 2340/1/1987 3913/1/3139
f 3913/1/3139 2340/1/1987 641/1/580 2337/1/1984
f 2332/1/1979 3913/1/3139 2337/1/1984 637/1/576
f 635/1/574 2334/1/1981 3914/1/3140 2333/1/1980
f 2334/1/1981 639/1/578 2341/1/1988 3914/1/3140
f 3914/1/3140 2341/1/1988 642/1/581 2339/1/1986
f 2333/1/1980 3914/1/3140 2339/1/1986 638/1/577
f 640/1/579 2475/1/2120 3915/1/3141 2336/1/1983
f 2475/1/2120 692/1/631 2476/1/2121 3915/1/3141
f 3915/1/3141 2476/1/2121 691/1/630 2474/1/2119
f 2336/1/1983 3915/1/3141 2474/1/2119 639/1/578
f 641/1/580 2477/1/2122 3916/1/3142 2338/1/1985
f 2477/1/2122 693/1/632 2478/1/2123 3916/1/3142
f 3916/1/3142 2478/1/2123 692/1/631 2475/1/2120
f 2338/1/1985 3916/1/3142 2475/1/2120 640/1/579
f 642/1/581 2479/1/2124 3917/1/3143 2340/1/1987
f 2479/1/2124 694/1/633 2480/1/2125 3917/1/3143
f 3917/1/3143 2480/1/2125 693/1/632 2477/1/2122
f 2340/1/1987 3917/1/3143 2477/1/2122 641/1/580
f 639/1/578 2474/1/2119 3918/1/3144 2341/1/1988
f 2474/1/2119 691/1/630 2481/1/2126 3918/1/3144
f 3918/1/3144 2481/1/2126 694/1/633 2479/1/2124
f 2341/1/1988 3918/1/3144 2479/1/2124 642/1/581
f 576/1/520 2347/1/1994 3919/1/3145 2342/1/1989
f 2347/1/1994 644/1/583 2348/1/1995 3919/1/3145
f 3919/1/3145 2348/1/1995 643/1/582 2346/1/1993
f 2342/1/1989 3919/1/3145 2346/1/1993 575/1/519
f 577/1/521 2349/1/1996 3920/1/3146 2343/1/1990
f 2349/1/1996 645/1/584 2350/1/1997 3920/1/3146
f 3920/1/3146 2350/1/1997 644/1/583 2347/1/1994
f 2343/1/1990 3920/1/3146 2347/1/1994 576/1/520
f 578/1/522 2351/1/1998 3921/1/3147 2344/1/1991
f 2351/1/1998 646/1/585 2352/1/1999 3921/1/3147
f 3921/1/3147 2352/1/1999 645/1/584 2349/1/1996
f 2344/1/1991 3921/1/3147 2349/1/1996 577/1/521
f 575/1/519 2346/1/1993 3922/1/3148 2345/1/1992
f 2346/1/1993 643/1/582 2353/1/2000 3922/1/3148
f 3922/1/3148 2353/1/2000 646/1/585 2351/1/1998
f 2345/1/1992 3922/1/3148 2351/1/1998 578/1/522
f 644/1/583 2355/1/2002 3923/1/3149 2348/1/1995
f 2355/1/2002 648/1/587 2356/1/2003 3923/1/3149
f 3923/1/3149 2356/1/2003 647/1/586 2354/1/2001
f 2348/1/1995 3923/1/3149 2354/1/2001 643/1/582
f 645/1/584 2357/1/2004 3924/1/3150 2350/1/1997
f 2357/1/2004 649/1/588 2358/1/2005 3924/1/3150
f 3924/1/3150 2358/1/2005 648/1/587 2355/1/2002
f 2350/1/1997 3924/1/3150 2355/1/2002 644/1/583
f 646/1/585 2359/1/2006 3925/1/3151 2352/1/1999
f 2359/1/2006 650/1/589 2360/1/2007 3925/1/3151
f 3925/1/3151 2360/1/2007 649/1/588 2357/1/2004
f 2352/1/1999 3925/1/3151 2357/1/2004 645/1/584
f 643/1/582 2354/1/2001 3926/1/3152 2353/1/2000
f 2354/1/2001 647/1/586 2361/1/2008 3926/1/3152
f 3926/1/3152 2361/1/2008 650/1/589 2359/1/2006
f 2353/1/2000 3926/1/3152 2359/1/2006 646/1/585
f 648/1/587 2363/1/2010 3927/1/3153 2356/1/2003
f 2363/1/2010 652/1/591 2364/1/2011 3927/1/3153
f 3927/1/3153 2364/1/2011 651/1/590 2362/1/2009
f 2356/1/2003 3927/1/3153 2362/1/2009 647/1/586
f 649/1/588 2365/1/2012 3928/1/3154 2358/1/2005
f 2365/1/2012 653/1/592 2366/1/2013 3928/1/3154
f 3928/1/3154 2366/1/2013 652/1/591 2363/1/2010
f 2358/1/2005 3928/1/3154 2363/1/2010 648/1/587
f 650/1/589 2367/1/2014 3929/1/3155 2360/1/2007
f 2367/1/2014 654/1/593 2368/1/2015 3929/1/3155
f 3929/1/3155 2368/1/2015 653/1/592 2365/1/2012
f 2360/1/2007 3929/1/3155 2365/1/2012 649/1/588
f 647/1/586 2362/1/2009 3930/1/3156 2361/1/2008
f 2362/1/2009 651/1/590 2369/1/2016 3930/1/3156
f 3930/1/3156 2369/1/2016 654/1/593 2367/1/2014
f 2361/1/2008 3930/1/3156 2367/1/2014 650/1/589
f 580/1/524 2379/1/2026 3931/1/3157 2374/1/2021
f 2379/1/2026 656/1/595 2380/1/2027 3931/1/3157
f 3931/1/3157 2380/1/2027 655/1/594 2378/1/2025
f 2374/1/2021 3931/1/3157 2378/1/2025 579/1/523
f 581/1/525 2381/1/2028 3932/1/3158 2375/1/2022
f 2381/1/2028 657/1/596 2382/1/2029 3932/1/3158
f 3932/1/3158 2382/1/2029 656/1/595 2379/1/2026
f 2375/1/2022 3932/1/3158 2379/1/2026 580/1/524
f 582/1/526 2383/1/2030 3933/1/3159 2376/1/2023
f 2383/1/2030 658/1/597 2384/1/2031 3933/1/3159
f 3933/1/3159 2384/1/2031 657/1/596 2381/1/2028
f 2376/1/2023 3933/1/3159 2381/1/2028 581/1/525
f 579/1/523 2378/1/2025 3934/1/3160 2377/1/2024
f 2378/1/2025 655/1/594 2385/1/2032 3934/1/3160
f 3934/1/3160 2385/1/2032 658/1/597 2383/1/2030
f 2377/1/2024 3934/1/3160 2383/1/2030 582/1/526
f 656/1/595 2387/1/2034 3935/1/3161 2380/1/2027
f 2387/1/2034 660/1/599 2388/1/2035 3935/1/3161
f 3935/1/3161 2388/1/2035 659/1/598 2386/1/2033
f 2380/1/2027 3935/1/3161 2386/1/2033 655/1/594
f 657/1/596 2389/1/2036 3936/1/3162 2382/1/2029
f 2389/1/2036 661/1/600 2390/1/2037 3936/1/3162
f 3936/1/3162 2390/1/2037 660/1/599 2387/1/2034
f 2382/1/2029 3936/1/3162 2387/1/2034 656/1/595
f 658/1/597 2391/1/2038 3937/1/3163 2384/1/2031
f 2391/1/2038 662/1/601 2392/1/2039 3937/1/3163
f 3937/1/3163 2392/1/2039 661/1/600 2389/1/2036
f 2384/1/2031 3937/1/3163 2389/1/2036 657/1/596
f 655/1/594 2386/1/2033 3938/1/3164 2385/1/2032
f 2386/1/2033 659/1/598 2393/1/2040 3938/1/3164
f 3938/1/3164 2393/1/2040 662/1/601 2391/1/2038
f 2385/1/2032 3938/1/3164 2391/1/2038 658/1/597
f 660/1/599 2395/1/2042 3939/1/3165 2388/1/2035
f 2395/1/2042 576/1/520 2342/1/1989 3939/1/3165
f 3939/1/3165 2342/1/1989 575/1/519 2394/1/2041
f 2388/1/2035 3939/1/3165 2394/1/2041 659/1/598
f 661/1/600 2396/1/2043 3940/1/3166 2390/1/2037
f 2396/1/2043 577/1/521 2343/1/1990 3940/1/3166
f 3940/1/3166 2343/1/1990 576/1/520 2395/1/2042
f 2390/1/2037 3940/1/3166 2395/1/2042 660/1/599
f 662/1/601 2397/1/2044 3941/1/3167 2392/1/2039
f 2397/1/2044 578/1/522 2344/1/1991 3941/1/3167
f 3941/1/3167 2344/1/1991 577/1/521 2396/1/2043
f 2392/1/2039 3941/1/3167 2396/1/2043 661/1/600
f 659/1/598 2394/1/2041 3942/1/3168 2393/1/2040
f 2394/1/2041 575/1/519 2345/1/1992 3942/1/3168
f 3942/1/3168 2345/1/1992 578/1/522 2397/1/2044
f 2393/1/2040 3942/1/3168 2397/1/2044 662/1/601
f 675/1/614 2436/1/2083 3943/1/3169 2442/1/2089
f 2436/1/2083 676/1/615 2443/1/2090 3943/1/3169
f 3943/1/3169 2443/1/2090 664/1/603 2398/1/2045
f 2442/1/2089 3943/1/3169 2398/1/2045 663/1/602
f 676/1/615 2438/1/2085 3944/1/3170 2443/1/2090
f 2438/1/2085 677/1/616 2444/1/2091 3944/1/3170
f 3944/1/3170 2444/1/2091 665/1/604 2399/1/2046
f 2443/1/2090 3944/1/3170 2399/1/2046 664/1/603
f 677/1/616 2440/1/2087 3945/1/3171 2444/1/2091
f 2440/1/2087 678/1/617 2445/1/2092 3945/1/3171
f 3945/1/3171 2445/1/2092 666/1/605 2400/1/2047
f 2444/1/2091 3945/1/3171 2400/1/2047 665/1/604
f 678/1/617 2441/1/2088 3946/1/3172 2445/1/2092
f 2441/1/2088 675/1/614 2442/1/2089 3946/1/3172
f 3946/1/3172 2442/1/2089 663/1/602 2401/1/2048
f 2445/1/2092 3946/1/3172 2401/1/2048 666/1/605
f 664/1/603 2403/1/2050 3947/1/3173 2398/1/2045
f 2403/1/2050 580/1/524 2374/1/2021 3947/1/3173
f 3947/1/3173 2374/1/2021 579/1/523 2402/1/2049
f 2398/1/2045 3947/1/3173 2402/1/2049 663/1/602
f 665/1/604 2404/1/2051 3948/1/3174 2399/1/2046
f 2404/1/2051 581/1/525 2375/1/2022 3948/1/3174
f 3948/1/3174 2375/1/2022 580/1/524 2403/1/2050
f 2399/1/2046 3948/1/3174 2403/1/2050 664/1/603
f 666/1/605 2405/1/2052 3949/1/3175 2400/1/2047
f 2405/1/2052 582/1/526 2376/1/2023 3949/1/3175
f 3949/1/3175 2376/1/2023 581/1/525 2404/1/2051
f 2400/1/2047 3949/1/3175 2404/1/2051 665/1/604
f 663/1/602 2402/1/2049 3950/1/3176 2401/1/2048
f 2402/1/2049 579/1/523 2377/1/2024 3950/1/3176
f 3950/1/3176 2377/1/2024 582/1/526 2405/1/2052
f 2401/1/2048 3950/1/3176 2405/1/2052 666/1/605
f 592/1/533 2411/1/2058 3951/1/3177 2406/1/2053
f 2411/1/2058 668/1/607 2412/1/2059 3951/1/3177
f 3951/1/3177 2412/1/2059 667/1/606 2410/1/2057
f 2406/1/2053 3951/1/3177 2410/1/2057 591/1/532
f 593/1/534 2413/1/2060 3952/1/3178 2407/1/2054
f 2413/1/2060 669/1/608 2414/1/2061 3952/1/3178
f 3952/1/3178 2414/1/2061 668/1/607 2411/1/2058
f 2407/1/2054 3952/1/3178 2411/1/2058 592/1/533
f 594/1/535 2415/1/2062 3953/1/3179 2408/1/2055
f 2415/1/2062 670/1/609 2416/1/2063 3953/1/3179
f 3953/1/3179 2416/1/2063 669/1/608 2413/1/2060
f 2408/1/2055 3953/1/3179 2413/1/2060 593/1/534
f 591/1/532 2410/1/2057 3954/1/3180 2409/1/2056
f 2410/1/2057 667/1/606 2417/1/2064 3954/1/3180
f 3954/1/3180 2417/1/2064 670/1/609 2415/1/2062
f 2409/1/2056 3954/1/3180 2415/1/2062 594/1/535
f 588/1/529 2435/1/2082 3955/1/3181 2428/1/2075
f 2435/1/2082 676/1/615 2436/1/2083 3955/1/3181
f 3955/1/3181 2436/1/2083 675/1/614 2434/1/2081
f 2428/1/2075 3955/1/3181 2434/1/2081 587/1/528
f 667/1/606 2412/1/2059 3956/1/3182 2418/1/2065
f 2412/1/2059 668/1/607 2419/1/2066 3956/1/3182
f 3956/1/3182 2419/1/2066 672/1/611 2420/1/2067
f 2418/1/2065 3956/1/3182 2420/1/2067 671/1/610
f 668/1/607 2414/1/2061 3957/1/3183 2419/1/2066
f 2414/1/2061 669/1/608 2421/1/2068 3957/1/3183
f 3957/1/3183 2421/1/2068 673/1/612 2422/1/2069
f 2419/1/2066 3957/1/3183 2422/1/2069 672/1/611
f 669/1/608 2416/1/2063 3958/1/3184 2421/1/2068
f 2416/1/2063 670/1/609 2423/1/2070 3958/1/3184
f 3958/1/3184 2423/1/2070 674/1/613 2424/1/2071
f 2421/1/2068 3958/1/3184 2424/1/2071 673/1/612
f 670/1/609 2417/1/2064 3959/1/3185 2423/1/2070
f 2417/1/2064 667/1/606 2418/1/2065 3959/1/3185
f 3959/1/3185 2418/1/2065 671/1/610 2425/1/2072
f 2423/1/2070 3959/1/3185 2425/1/2072 674/1/613
f 671/1/610 2420/1/2067 3960/1/3186 2426/1/2073
f 2420/1/2067 672/1/611 2427/1/2074 3960/1/3186
f 3960/1/3186 2427/1/2074 588/1/529 2428/1/2075
f 2426/1/2073 3960/1/3186 2428/1/2075 587/1/528
f 672/1/611 2422/1/2069 3961/1/3187 2427/1/2074
f 2422/1/2069 673/1/612 2429/1/2076 3961/1/3187
f 3961/1/3187 2429/1/2076 589/1/530 2430/1/2077
f 2427/1/2074 3961/1/3187 2430/1/2077 588/1/529
f 673/1/612 2424/1/2071 3962/1/3188 2429/1/2076
f 2424/1/2071 674/1/613 2431/1/2078 3962/1/3188
f 3962/1/3188 2431/1/2078 590/1/531 2432/1/2079
f 2429/1/2076 3962/1/3188 2432/1/2079 589/1/530
f 674/1/613 2425/1/2072 3963/1/3189 2431/1/2078
f 2425/1/2072 671/1/610 2426/1/2073 3963/1/3189
f 3963/1/3189 2426/1/2073 587/1/528 2433/1/2080
f 2431/1/2078 3963/1/3189 2433/1/2080 590/1/531
f 589/1/530 2437/1/2084 3964/1/3190 2430/1/2077
f 2437/1/2084 677/1/616 2438/1/2085 3964/1/3190
f 3964/1/3190 2438/1/2085 676/1/615 2435/1/2082
f 2430/1/2077 3964/1/3190 2435/1/2082 588/1/529
f 590/1/531 2439/1/2086 3965/1/3191 2432/1/2079
f 2439/1/2086 678/1/617 2440/1/2087 3965/1/3191
f 3965/1/3191 2440/1/2087 677/1/616 2437/1/2084
f 2432/1/2079 3965/1/3191 2437/1/2084 589/1/530
f 587/1/528 2434/1/2081 3966/1/3192 2433/1/2080
f 2434/1/2081 675/1/614 2441/1/2088 3966/1/3192
f 3966/1/3192 2441/1/2088 678/1/617 2439/1/2086
f 2433/1/2080 3966/1/3192 2439/1/2086 590/1/531
f 688/1/627 2471/1/2116 3967/1/3193 2464/1/2109
f 2471/1/2116 592/1/533 2406/1/2053 3967/1/3193
f 3967/1/3193 2406/1/2053 591/1/532 2470/1/2115
f 2464/1/2109 3967/1/3193 2470/1/2115 687/1/626
f 583/1/527 2260/1/527 3968/1/527 2446/1/2093
f 2260/1/527 584/1/527 2447/1/527 3968/1/527
f 3968/1/527 2447/1/527 680/1/619 2448/1/2094
f 2446/1/2093 3968/1/527 2448/1/2094 679/1/618
f 584/1/527 2259/1/527 3969/1/527 2447/1/527
f 2259/1/527 585/1/527 2449/1/527 3969/1/527
f 3969/1/527 2449/1/527 681/1/620 2450/1/2095
f 2447/1/527 3969/1/527 2450/1/2095 680/1/619
f 585/1/527 2258/1/527 3970/1/3194 2449/1/527
f 2258/1/527 586/1/527 2451/1/2096 3970/1/3194
f 3970/1/3194 2451/1/2096 682/1/621 2452/1/2097
f 2449/1/527 3970/1/3194 2452/1/2097 681/1/620
f 586/1/527 2257/1/527 3971/1/3195 2451/1/2096
f 2257/1/527 583/1/527 2446/1/2093 3971/1/3195
f 3971/1/3195 2446/1/2093 679/1/618 2453/1/2098
f 2451/1/2096 3971/1/3195 2453/1/2098 682/1/621
f 679/1/618 2448/1/2094 3972/1/3196 2454/1/2099
f 2448/1/2094 680/1/619 2455/1/2100 3972/1/3196
f 3972/1/3196 2455/1/2100 684/1/623 2456/1/2101
f 2454/1/2099 3972/1/3196 2456/1/2101 683/1/622
f 680/1/619 2450/1/2095 3973/1/3197 2455/1/2100
f 2450/1/2095 681/1/620 2457/1/2102 3973/1/3197
f 3973/1/3197 2457/1/2102 685/1/624 2458/1/2103
f 2455/1/2100 3973/1/3197 2458/1/2103 684/1/623
f 681/1/620 2452/1/2097 3974/1/3198 2457/1/2102
f 2452/1/2097 682/1/621 2459/1/2104 3974/1/3198
f 3974/1/3198 2459/1/2104 686/1/625 2460/1/2105
f 2457/1/2102 3974/1/3198 2460/1/2105 685/1/624
f 682/1/621 2453/1/2098 3975/1/3199 2459/1/2104
f 2453/1/2098 679/1/618 2454/1/2099 3975/1/3199
f 3975/1/3199 2454/1/2099 683/1/622 2461/1/2106
f 2459/1/2104 3975/1/3199 2461/1/2106 686/1/625
f 683/1/622 2456/1/2101 3976/1/3200 2462/1/2107
f 2456/1/2101 684/1/623 2463/1/2108 3976/1/3200
f 3976/1/3200 2463/1/2108 688/1/627 2464/1/2109
f 2462/1/2107 3976/1/3200 2464/1/2109 687/1/626
f 684/1/623 2458/1/2103 3977/1/3201 2463/1/2108
f 2458/1/2103 685/1/624 2465/1/2110 3977/1/3201
f 3977/1/3201 2465/1/2110 689/1/628 2466/1/2111
f 2463/1/2108 3977/1/3201 2466/1/2111 688/1/627
f 685/1/624 2460/1/2105 3978/1/3202 2465/1/2110
f 2460/1/2105 686/1/625 2467/1/2112 3978/1/3202
f 3978/1/3202 2467/1/2112 690/1/629 2468/1/2113
f 2465/1/2110 3978/1/3202 2468/1/2113 689/1/628
f 686/1/625 2461/1/2106 3979/1/3203 2467/1/2112
f 2461/1/2106 683/1/622 2462/1/2107 3979/1/3203
f 3979/1/3203 2462/1/2107 687/1/626 2469/1/2114
f 2467/1/2112 3979/1/3203 2469/1/2114 690/1/629
f 689/1/628 2472/1/2117 3980/1/3204 2466/1/2111
f 2472/1/2117 593/1/534 2407/1/2054 3980/1/3204
f 3980/1/3204 2407/1/2054 592/1/533 2471/1/2116
f 2466/1/2111 3980/1/3204 2471/1/2116 688/1/627
f 690/1/629 2473/1/2118 3981/1/3205 2468/1/2113
f 2473/1/2118 594/1/535 2408/1/2055 3981/1/3205
f 3981/1/3205 2408/1/2055 593/1/534 2472/1/2117
f 2468/1/2113 3981/1/3205 2472/1/2117 689/1/628
f 687/1/626 2470/1/2115 3982/1/3206 2469/1/2114
f 2470/1/2115 591/1/532 2409/1/2056 3982/1/3206
f 3982/1/3206 2409/1/2056 594/1/535 2473/1/2118
f 2469/1/2114 3982/1/3206 2473/1/2118 690/1/629
f 777/1/692 2626/1/686 3983/1/2207 2627/1/2217
f 2626/1/686 773/1/686 2619/1/2207 3983/1/2207
f 3983/1/2207 2619/1/2207 774/1/687 2628/1/687
f 2627/1/2217 3983/1/2207 2628/1/687 778/1/693
f 691/1/630 2476/1/2121 3984/1/3207 2482/1/2127
f 2476/1/2121 692/1/631 2483/1/2128 3984/1/3207
f 3984/1/3207 2483/1/2128 632/1/571 2326/1/1973
f 2482/1/2127 3984/1/3207 2326/1/1973 631/1/570
f 692/1/631 2478/1/2123 3985/1/3208 2483/1/2128
f 2478/1/2123 693/1/632 2484/1/2129 3985/1/3208
f 3985/1/3208 2484/1/2129 695/1/634 2249/1/1912
f 2483/1/2128 3985/1/3208 2249/1/1912 632/1/571
f 693/1/632 2480/1/2125 3986/1/3209 2484/1/2129
f 2480/1/2125 694/1/633 2485/1/2130 3986/1/3209
f 3986/1/3209 2485/1/2130 696/1/635 2248/1/1911
f 2484/1/2129 3986/1/3209 2248/1/1911 695/1/634
f 694/1/633 2481/1/2126 3987/1/3210 2485/1/2130
f 2481/1/2126 691/1/630 2482/1/2127 3987/1/3210
f 3987/1/3210 2482/1/2127 631/1/570 2246/1/1909
f 2485/1/2130 3987/1/3210 2246/1/1909 696/1/635
f 699/1/638 3290/1/2596 3988/1/3211 2487/1/2132
f 3290/1/2596 1090/1/881 3247/1/2553 3988/1/3211
f 3988/1/3211 3247/1/2553 1087/1/878 3288/1/2594
f 2487/1/2132 3988/1/3211 3288/1/2594 698/1/637
f 700/1/639 3289/1/2595 3989/1/3212 2488/1/2133
f 3289/1/2595 1092/1/883 3240/1/2546 3989/1/3212
f 3989/1/3212 3240/1/2546 1090/1/881 3290/1/2596
f 2488/1/2133 3989/1/3212 3290/1/2596 699/1/638
f 697/1/636 3287/1/2593 3990/1/3213 2489/1/2134
f 3287/1/2593 1084/1/875 3256/1/2562 3990/1/3213
f 3990/1/3213 3256/1/2562 1092/1/883 3289/1/2595
f 2489/1/2134 3990/1/3213 3289/1/2595 700/1/639
f 701/1/640 2491/1/2135 3991/1/2135 2490/1/640
f 2491/1/2135 702/1/641 2492/1/641 3991/1/2135
f 3991/1/2135 2492/1/641 698/1/637 2486/1/2131
f 2490/1/640 3991/1/2135 2486/1/2131 697/1/636
f 702/1/641 2493/1/2136 3992/1/2136 2492/1/641
f 2493/1/2136 703/1/642 2494/1/642 3992/1/2136
f 3992/1/2136 2494/1/642 699/1/638 2487/1/2132
f 2492/1/641 3992/1/2136 2487/1/2132 698/1/637
f 703/1/642 2495/1/2137 3993/1/2137 2494/1/642
f 2495/1/2137 704/1/643 2496/1/643 3993/1/2137
f 3993/1/2137 2496/1/643 700/1/639 2488/1/2133
f 2494/1/642 3993/1/2137 2488/1/2133 699/1/638
f 704/1/643 2497/1/2138 3994/1/2138 2496/1/643
f 2497/1/2138 701/1/640 2490/1/640 3994/1/2138
f 3994/1/2138 2490/1/640 697/1/636 2489/1/2134
f 2496/1/643 3994/1/2138 2489/1/2134 700/1/639
f 705/1/640 2499/1/2135 3995/1/2135 2498/1/640
f 2499/1/2135 706/1/641 2500/1/641 3995/1/2135
f 3995/1/2135 2500/1/641 702/1/641 2491/1/2135
f 2498/1/640 3995/1/2135 2491/1/2135 701/1/640
f 706/1/641 2501/1/2136 3996/1/2136 2500/1/641
f 2501/1/2136 707/1/642 2502/1/642 3996/1/2136
f 3996/1/2136 2502/1/642 703/1/642 2493/1/2136
f 2500/1/641 3996/1/2136 2493/1/2136 702/1/641
f 707/1/642 2503/1/2137 3997/1/2137 2502/1/642
f 2503/1/2137 708/1/643 2504/1/643 3997/1/2137
f 3997/1/2137 2504/1/643 704/1/643 2495/1/2137
f 2502/1/642 3997/1/2137 2495/1/2137 703/1/642
f 708/1/643 2505/1/2138 3998/1/2138 2504/1/643
f 2505/1/2138 705/1/640 2498/1/640 3998/1/2138
f 3998/1/2138 2498/1/640 701/1/640 2497/1/2138
f 2504/1/643 3998/1/2138 2497/1/2138 704/1/643
f 709/1/640 2507/1/2135 3999/1/2135 2506/1/640
f 2507/1/2135 710/1/641 2508/1/641 3999/1/2135
f 3999/1/2135 2508/1/641 706/1/641 2499/1/2135
f 2506/1/640 3999/1/2135 2499/1/2135 705/1/640
f 710/1/641 2509/1/2136 4000/1/2136 2508/1/641
f 2509/1/2136 711/1/642 2510/1/642 4000/1/2136
f 4000/1/2136 2510/1/642 707/1/642 2501/1/2136
f 2508/1/641 4000/1/2136 2501/1/2136 706/1/641
f 711/1/642 2511/1/2137 4001/1/2137 2510/1/642
f 2511/1/2137 712/1/643 2512/1/643 4001/1/2137
f 4001/1/2137 2512/1/643 708/1/643 2503/1/2137
f 2510/1/642 4001/1/2137 2503/1/2137 707/1/642
f 712/1/643 2513/1/2138 4002/1/2138 2512/1/643
f 2513/1/2138 709/1/640 2506/1/640 4002/1/2138
f 4002/1/2138 2506/1/640 705/1/640 2505/1/2138
f 2512/1/643 4002/1/2138 2505/1/2138 708/1/643
f 713/1/640 2515/1/2135 4003/1/2135 2514/1/640
f 2515/1/2135 714/1/641 2516/1/641 4003/1/2135
f 4003/1/2135 2516/1/641 710/1/641 2507/1/2135
f 2514/1/640 4003/1/2135 2507/1/2135 709/1/640
f 714/1/641 2517/1/2136 4004/1/2136 2516/1/641
f 2517/1/2136 715/1/642 2518/1/642 4004/1/2136
f 4004/1/2136 2518/1/642 711/1/642 2509/1/2136
f 2516/1/641 4004/1/2136 2509/1/2136 710/1/641
f 715/1/642 2519/1/2137 4005/1/2137 2518/1/642
f 2519/1/2137 716/1/643 2520/1/643 4005/1/2137
f 4005/1/2137 2520/1/643 712/1/643 2511/1/2137
f 2518/1/642 4005/1/2137 2511/1/2137 711/1/642
f 716/1/643 2521/1/2138 4006/1/2138 2520/1/643
f 2521/1/2138 713/1/640 2514/1/640 4006/1/2138
f 4006/1/2138 2514/1/640 709/1/640 2513/1/2138
f 2520/1/643 4006/1/2138 2513/1/2138 712/1/643
f 717/1/640 2523/1/2135 4007/1/2135 2522/1/640
f 2523/1/2135 718/1/641 2524/1/641 4007/1/2135
f 4007/1/2135 2524/1/641 714/1/641 2515/1/2135
f 2522/1/640 4007/1/2135 2515/1/2135 713/1/640
f 718/1/641 2525/1/2136 4008/1/2136 2524/1/641
f 2525/1/2136 719/1/642 2526/1/642 4008/1/2136
f 4008/1/2136 2526/1/642 715/1/642 2517/1/2136
f 2524/1/641 4008/1/2136 2517/1/2136 714/1/641
f 719/1/642 2527/1/2137 4009/1/2137 2526/1/642
f 2527/1/2137 720/1/643 2528/1/643 4009/1/2137
f 4009/1/2137 2528/1/643 716/1/643 2519/1/2137
f 2526/1/642 4009/1/2137 2519/1/2137 715/1/642
f 720/1/643 2529/1/2138 4010/1/2138 2528/1/643
f 2529/1/2138 717/1/640 2522/1/640 4010/1/2138
f 4010/1/2138 2522/1/640 713/1/640 2521/1/2138
f 2528/1/643 4010/1/2138 2521/1/2138 716/1/643
f 721/1/640 2531/1/2135 4011/1/2135 2530/1/640
f 2531/1/2135 722/1/641 2532/1/641 4011/1/2135
f 4011/1/2135 2532/1/641 718/1/641 2523/1/2135
f 2530/1/640 4011/1/2135 2523/1/2135 717/1/640
f 722/1/641 2533/1/2136 4012/1/2136 2532/1/641
f 2533/1/2136 723/1/642 2534/1/642 4012/1/2136
f 4012/1/2136 2534/1/642 719/1/642 2525/1/2136
f 2532/1/641 4012/1/2136 2525/1/2136 718/1/641
f 723/1/642 2535/1/2137 4013/1/2137 2534/1/642
f 2535/1/2137 724/1/643 2536/1/643 4013/1/2137
f 4013/1/2137 2536/1/643 720/1/643 2527/1/2137
f 2534/1/642 4013/1/2137 2527/1/2137 719/1/642
f 724/1/643 2537/1/2138 4014/1/2138 2536/1/643
f 2537/1/2138 721/1/640 2530/1/640 4014/1/2138
f 4014/1/2138 2530/1/640 717/1/640 2529/1/2138
f 2536/1/643 4014/1/2138 2529/1/2138 720/1/643
f 725/1/644 2539/1/2135 4015/1/2135 2538/1/640
f 2539/1/2135 726/1/645 2540/1/641 4015/1/2135
f 4015/1/2135 2540/1/641 722/1/641 2531/1/2135
f 2538/1/640 4015/1/2135 2531/1/2135 721/1/640
f 726/1/645 2541/1/2139 4016/1/2136 2540/1/641
f 2541/1/2139 727/1/642 2542/1/642 4016/1/2136
f 4016/1/2136 2542/1/642 723/1/642 2533/1/2136
f 2540/1/641 4016/1/2136 2533/1/2136 722/1/641
f 727/1/642 2543/1/2140 4017/1/2137 2542/1/642
f 2543/1/2140 728/1/643 2544/1/643 4017/1/2137
f 4017/1/2137 2544/1/643 724/1/643 2535/1/2137
f 2542/1/642 4017/1/2137 2535/1/2137 723/1/642
f 728/1/643 2545/1/2141 4018/1/2138 2544/1/643
f 2545/1/2141 725/1/644 2538/1/640 4018/1/2138
f 4018/1/2138 2538/1/640 721/1/640 2537/1/2138
f 2544/1/643 4018/1/2138 2537/1/2138 724/1/643
f 729/1/646 2547/1/2143 4019/1/3214 2546/1/2142
f 2547/1/2143 730/1/647 2548/1/2144 4019/1/3214
f 4019/1/3214 2548/1/2144 726/1/645 2539/1/2135
f 2546/1/2142 4019/1/3214 2539/1/2135 725/1/644
f 730/1/647 2549/1/2145 4020/1/3215 2548/1/2144
f 2549/1/2145 731/1/648 2550/1/2146 4020/1/3215
f 4020/1/3215 2550/1/2146 727/1/642 2541/1/2139
f 2548/1/2144 4020/1/3215 2541/1/2139 726/1/645
f 731/1/648 2551/1/2147 4021/1/3216 2550/1/2146
f 2551/1/2147 732/1/649 2552/1/2148 4021/1/3216
f 4021/1/3216 2552/1/2148 728/1/643 2543/1/2140
f 2550/1/2146 4021/1/3216 2543/1/2140 727/1/642
f 732/1/649 2553/1/2149 4022/1/3217 2552/1/2148
f 2553/1/2149 729/1/646 2546/1/2142 4022/1/3217
f 4022/1/3217 2546/1/2142 725/1/644 2545/1/2141
f 2552/1/2148 4022/1/3217 2545/1/2141 728/1/643
f 763/1/680 2590/1/2186 4023/1/3218 2591/1/2187
f 2590/1/2186 759/1/676 2583/1/2179 4023/1/3218
f 4023/1/3218 2583/1/2179 760/1/677 2592/1/2188
f 2591/1/2187 4023/1/3218 2592/1/2188 764/1/681
f 762/1/679 2588/1/2184 4024/1/3219 2589/1/2185
f 2588/1/2184 758/1/675 2581/1/2177 4024/1/3219
f 4024/1/3219 2581/1/2177 759/1/676 2590/1/2186
f 2589/1/2185 4024/1/3219 2590/1/2186 763/1/680
f 761/1/678 2586/1/2182 4025/1/3220 2587/1/2183
f 2586/1/2182 757/1/674 2579/1/2175 4025/1/3220
f 4025/1/3220 2579/1/2175 758/1/675 2588/1/2184
f 2587/1/2183 4025/1/3220 2588/1/2184 762/1/679
f 760/1/677 2584/1/2180 4026/1/3221 2585/1/2181
f 2584/1/2180 756/1/673 2564/1/2160 4026/1/3221
f 4026/1/3221 2564/1/2160 753/1/670 2578/1/2174
f 2585/1/2181 4026/1/3221 2578/1/2174 757/1/674
f 759/1/676 2582/1/2178 4027/1/3222 2583/1/2179
f 2582/1/2178 755/1/672 2573/1/2169 4027/1/3222
f 4027/1/3222 2573/1/2169 756/1/673 2584/1/2180
f 2583/1/2179 4027/1/3222 2584/1/2180 760/1/677
f 758/1/675 2580/1/2176 4028/1/3223 2581/1/2177
f 2580/1/2176 754/1/671 2575/1/2171 4028/1/3223
f 4028/1/3223 2575/1/2171 755/1/672 2582/1/2178
f 2581/1/2177 4028/1/3223 2582/1/2178 759/1/676
f 756/1/673 2563/1/2159 4029/1/3224 2564/1/2160
f 2563/1/2159 787/1/702 2562/1/2158 4029/1/3224
f 4029/1/3224 2562/1/2158 788/1/703 2565/1/2161
f 2564/1/2160 4029/1/3224 2565/1/2161 753/1/670
f 754/1/671 2577/1/2173 4030/1/3225 2575/1/2171
f 2577/1/2173 846/1/761 2569/1/2165 4030/1/3225
f 4030/1/3225 2569/1/2165 845/1/760 2572/1/2168
f 2575/1/2171 4030/1/3225 2572/1/2168 755/1/672
f 845/1/760 2570/1/2166 4031/1/3226 2571/1/2167
f 786/1/701 2561/1/2157 4031/1/3226 2570/1/2166
f 787/1/702 2571/1/2167 4031/1/3226 2561/1/2157
f 757/1/674 2578/1/2174 4032/1/3227 2579/1/2175
f 2578/1/2174 753/1/670 2576/1/2172 4032/1/3227
f 4032/1/3227 2576/1/2172 754/1/671 2580/1/2176
f 2579/1/2175 4032/1/3227 2580/1/2176 758/1/675
f 755/1/672 2572/1/2168 4033/1/3228 2573/1/2169
f 2572/1/2168 845/1/760 2571/1/2167 4033/1/3228
f 4033/1/3228 2571/1/2167 787/1/702 2563/1/2159
f 2573/1/2169 4033/1/3228 2563/1/2159 756/1/673
f 753/1/670 2565/1/2161 4034/1/3229 2566/1/2162
f 2565/1/2161 788/1/703 2560/1/2156 4034/1/3229
f 4034/1/3229 2560/1/2156 785/1/700 2567/1/2163
f 2566/1/2162 4034/1/3229 2567/1/2163 846/1/761
f 754/1/671 2576/1/2172 4035/1/3230 2577/1/2173
f 753/1/670 2566/1/2162 4035/1/3230 2576/1/2172
f 846/1/761 2577/1/2173 4035/1/3230 2566/1/2162
f 736/1/653 2574/1/2170 4036/1/3231 2568/1/2164
f 2574/1/2170 733/1/650 2558/1/2154 4036/1/3231
f 4036/1/3231 2558/1/2154 734/1/651 2559/1/2155
f 2568/1/2164 4036/1/3231 2559/1/2155 735/1/652
f 764/1/681 2592/1/2188 4037/1/3232 2593/1/2189
f 2592/1/2188 760/1/677 2585/1/2181 4037/1/3232
f 4037/1/3232 2585/1/2181 757/1/674 2586/1/2182
f 2593/1/2189 4037/1/3232 2586/1/2182 761/1/678
f 765/1/682 2594/1/2190 4038/1/3233 2595/1/2191
f 2594/1/2190 761/1/678 2587/1/2183 4038/1/3233
f 4038/1/3233 2587/1/2183 762/1/679 2596/1/2192
f 2595/1/2191 4038/1/3233 2596/1/2192 766/1/683
f 766/1/683 2596/1/2192 4039/1/3234 2597/1/2193
f 2596/1/2192 762/1/679 2589/1/2185 4039/1/3234
f 4039/1/3234 2589/1/2185 763/1/680 2598/1/2194
f 2597/1/2193 4039/1/3234 2598/1/2194 767/1/684
f 767/1/684 2598/1/2194 4040/1/3235 2599/1/2195
f 2598/1/2194 763/1/680 2591/1/2187 4040/1/3235
f 4040/1/3235 2591/1/2187 764/1/681 2600/1/2196
f 2599/1/2195 4040/1/3235 2600/1/2196 768/1/685
f 768/1/685 2600/1/2196 4041/1/3236 2601/1/2197
f 2600/1/2196 764/1/681 2593/1/2189 4041/1/3236
f 4041/1/3236 2593/1/2189 761/1/678 2594/1/2190
f 2601/1/2197 4041/1/3236 2594/1/2190 765/1/682
f 733/1/650 2602/1/2198 4042/1/3237 2558/1/2154
f 2602/1/2198 765/1/682 2595/1/2191 4042/1/3237
f 4042/1/3237 2595/1/2191 766/1/683 2603/1/2199
f 2558/1/2154 4042/1/3237 2603/1/2199 734/1/651
f 734/1/651 2603/1/2199 4043/1/3238 2559/1/2155
f 2603/1/2199 766/1/683 2597/1/2193 4043/1/3238
f 4043/1/3238 2597/1/2193 767/1/684 2604/1/2200
f 2559/1/2155 4043/1/3238 2604/1/2200 735/1/652
f 735/1/652 2604/1/2200 4044/1/3239 2568/1/2164
f 2604/1/2200 767/1/684 2599/1/2195 4044/1/3239
f 4044/1/3239 2599/1/2195 768/1/685 2605/1/2201
f 2568/1/2164 4044/1/3239 2605/1/2201 736/1/653
f 736/1/653 2605/1/2201 4045/1/3240 2574/1/2170
f 2605/1/2201 768/1/685 2601/1/2197 4045/1/3240
f 4045/1/3240 2601/1/2197 765/1/682 2602/1/2198
f 2574/1/2170 4045/1/3240 2602/1/2198 733/1/650
f 770/1/687 2612/1/2208 4046/1/3241 2613/1/2209
f 2612/1/2208 750/1/667 2607/1/2203 4046/1/3241
f 4046/1/3241 2607/1/2203 751/1/668 2614/1/2210
f 2613/1/2209 4046/1/3241 2614/1/2210 771/1/688
f 771/1/688 2614/1/2210 4047/1/3242 2615/1/2211
f 2614/1/2210 751/1/668 2608/1/2204 4047/1/3242
f 4047/1/3242 2608/1/2204 752/1/669 2616/1/2212
f 2615/1/2211 4047/1/3242 2616/1/2212 772/1/689
f 772/1/689 2616/1/2212 4048/1/3243 2617/1/2213
f 2616/1/2212 752/1/669 2609/1/2205 4048/1/3243
f 4048/1/3243 2609/1/2205 749/1/666 2610/1/2206
f 2617/1/2213 4048/1/3243 2610/1/2206 769/1/686
f 773/1/686 2618/1/686 4049/1/2207 2619/1/2207
f 2618/1/686 769/1/686 2611/1/2207 4049/1/2207
f 4049/1/2207 2611/1/2207 770/1/687 2620/1/687
f 2619/1/2207 4049/1/2207 2620/1/687 774/1/687
f 774/1/687 2620/1/687 4050/1/2214 2621/1/2214
f 2620/1/687 770/1/687 2613/1/2209 4050/1/2214
f 4050/1/2214 2613/1/2209 771/1/688 2622/1/690
f 2621/1/2214 4050/1/2214 2622/1/690 775/1/690
f 775/1/690 2622/1/690 4051/1/2215 2623/1/2215
f 2622/1/690 771/1/688 2615/1/2211 4051/1/2215
f 4051/1/2215 2615/1/2211 772/1/689 2624/1/691
f 2623/1/2215 4051/1/2215 2624/1/691 776/1/691
f 776/1/691 2624/1/691 4052/1/2216 2625/1/2216
f 2624/1/691 772/1/689 2617/1/2213 4052/1/2216
f 4052/1/2216 2617/1/2213 769/1/686 2618/1/686
f 2625/1/2216 4052/1/2216 2618/1/686 773/1/686
f 851/1/766 2791/1/766 4053/1/2378 2792/1/2378
f 2791/1/766 847/1/762 2787/1/2374 4053/1/2378
f 4053/1/2378 2787/1/2374 848/1/763 2793/1/767
f 2792/1/2378 4053/1/2378 2793/1/767 852/1/767
f 778/1/693 2628/1/687 4054/1/2214 2629/1/2218
f 2628/1/687 774/1/687 2621/1/2214 4054/1/2214
f 4054/1/2214 2621/1/2214 775/1/690 2630/1/690
f 2629/1/2218 4054/1/2214 2630/1/690 779/1/694
f 779/1/694 2630/1/690 4055/1/2215 2631/1/2219
f 2630/1/690 775/1/690 2623/1/2215 4055/1/2215
f 4055/1/2215 2623/1/2215 776/1/691 2632/1/691
f 2631/1/2219 4055/1/2215 2632/1/691 780/1/695
f 780/1/695 2632/1/691 4056/1/2216 2633/1/2220
f 2632/1/691 776/1/691 2625/1/2216 4056/1/2216
f 4056/1/2216 2625/1/2216 773/1/686 2626/1/686
f 2633/1/2220 4056/1/2216 2626/1/686 777/1/692
f 781/1/696 2634/1/2221 4057/1/3244 2635/1/2222
f 2634/1/2221 777/1/692 2627/1/2217 4057/1/3244
f 4057/1/3244 2627/1/2217 778/1/693 2636/1/2223
f 2635/1/2222 4057/1/3244 2636/1/2223 782/1/697
f 782/1/697 2636/1/2223 4058/1/3245 2637/1/2224
f 2636/1/2223 778/1/693 2629/1/2218 4058/1/3245
f 4058/1/3245 2629/1/2218 779/1/694 2638/1/2225
f 2637/1/2224 4058/1/3245 2638/1/2225 783/1/698
f 783/1/698 2638/1/2225 4059/1/3246 2639/1/2226
f 2638/1/2225 779/1/694 2631/1/2219 4059/1/3246
f 4059/1/3246 2631/1/2219 780/1/695 2640/1/2227
f 2639/1/2226 4059/1/3246 2640/1/2227 784/1/699
f 784/1/699 2640/1/2227 4060/1/3247 2641/1/2228
f 2640/1/2227 780/1/695 2633/1/2220 4060/1/3247
f 4060/1/3247 2633/1/2220 777/1/692 2634/1/2221
f 2641/1/2228 4060/1/3247 2634/1/2221 781/1/696
f 805/1/720 2687/1/2274 4061/1/3248 2681/1/2268
f 2687/1/2274 789/1/704 2647/1/2234 4061/1/3248
f 4061/1/3248 2647/1/2234 790/1/705 2688/1/2275
f 2681/1/2268 4061/1/3248 2688/1/2275 806/1/721
f 785/1/700 2642/1/2229 4062/1/3249 2643/1/2230
f 2642/1/2229 781/1/696 2635/1/2222 4062/1/3249
f 4062/1/3249 2635/1/2222 782/1/697 2644/1/2231
f 2643/1/2230 4062/1/3249 2644/1/2231 786/1/701
f 786/1/701 2644/1/2231 4063/1/3250 2561/1/2157
f 2644/1/2231 782/1/697 2637/1/2224 4063/1/3250
f 4063/1/3250 2637/1/2224 783/1/698 2645/1/2232
f 2561/1/2157 4063/1/3250 2645/1/2232 787/1/702
f 787/1/702 2645/1/2232 4064/1/3251 2562/1/2158
f 2645/1/2232 783/1/698 2639/1/2226 4064/1/3251
f 4064/1/3251 2639/1/2226 784/1/699 2646/1/2233
f 2562/1/2158 4064/1/3251 2646/1/2233 788/1/703
f 788/1/703 2646/1/2233 4065/1/3252 2560/1/2156
f 2646/1/2233 784/1/699 2641/1/2228 4065/1/3252
f 4065/1/3252 2641/1/2228 781/1/696 2642/1/2229
f 2560/1/2156 4065/1/3252 2642/1/2229 785/1/700
f 806/1/721 2688/1/2275 4066/1/3253 2683/1/2270
f 2688/1/2275 790/1/705 2648/1/2235 4066/1/3253
f 4066/1/3253 2648/1/2235 791/1/706 2689/1/2276
f 2683/1/2270 4066/1/3253 2689/1/2276 807/1/722
f 807/1/722 2689/1/2276 4067/1/3254 2685/1/2272
f 2689/1/2276 791/1/706 2649/1/2236 4067/1/3254
f 4067/1/3254 2649/1/2236 792/1/707 2690/1/2277
f 2685/1/2272 4067/1/3254 2690/1/2277 808/1/723
f 808/1/723 2690/1/2277 4068/1/3255 2686/1/2273
f 2690/1/2277 792/1/707 2650/1/2237 4068/1/3255
f 4068/1/3255 2650/1/2237 789/1/704 2687/1/2274
f 2686/1/2273 4068/1/3255 2687/1/2274 805/1/720
f 789/1/704 2651/1/2238 4069/1/3256 2647/1/2234
f 2651/1/2238 793/1/708 2653/1/2240 4069/1/3256
f 4069/1/3256 2653/1/2240 794/1/709 2652/1/2239
f 2647/1/2234 4069/1/3256 2652/1/2239 790/1/705
f 790/1/705 2652/1/2239 4070/1/3257 2648/1/2235
f 2652/1/2239 794/1/709 2655/1/2242 4070/1/3257
f 4070/1/3257 2655/1/2242 795/1/710 2654/1/2241
f 2648/1/2235 4070/1/3257 2654/1/2241 791/1/706
f 791/1/706 2654/1/2241 4071/1/3258 2649/1/2236
f 2654/1/2241 795/1/710 2657/1/2244 4071/1/3258
f 4071/1/3258 2657/1/2244 796/1/711 2656/1/2243
f 2649/1/2236 4071/1/3258 2656/1/2243 792/1/707
f 792/1/707 2656/1/2243 4072/1/3259 2650/1/2237
f 2656/1/2243 796/1/711 2658/1/2245 4072/1/3259
f 4072/1/3259 2658/1/2245 793/1/708 2651/1/2238
f 2650/1/2237 4072/1/3259 2651/1/2238 789/1/704
f 793/1/708 2775/1/2362 4073/1/3260 2653/1/2240
f 2775/1/2362 841/1/756 2777/1/2364 4073/1/3260
f 4073/1/3260 2777/1/2364 842/1/757 2776/1/2363
f 2653/1/2240 4073/1/3260 2776/1/2363 794/1/709
f 794/1/709 2776/1/2363 4074/1/3261 2655/1/2242
f 2776/1/2363 842/1/757 2779/1/2366 4074/1/3261
f 4074/1/3261 2779/1/2366 843/1/758 2778/1/2365
f 2655/1/2242 4074/1/3261 2778/1/2365 795/1/710
f 795/1/710 2778/1/2365 4075/1/3262 2657/1/2244
f 2778/1/2365 843/1/758 2781/1/2368 4075/1/3262
f 4075/1/3262 2781/1/2368 844/1/759 2780/1/2367
f 2657/1/2244 4075/1/3262 2780/1/2367 796/1/711
f 796/1/711 2780/1/2367 4076/1/3263 2658/1/2245
f 2780/1/2367 844/1/759 2782/1/2369 4076/1/3263
f 4076/1/3263 2782/1/2369 841/1/756 2775/1/2362
f 2658/1/2245 4076/1/3263 2775/1/2362 793/1/708
f 737/1/654 2663/1/2250 4077/1/3264 2659/1/2246
f 2663/1/2250 797/1/712 2665/1/2252 4077/1/3264
f 4077/1/3264 2665/1/2252 798/1/713 2664/1/2251
f 2659/1/2246 4077/1/3264 2664/1/2251 738/1/655
f 738/1/655 2664/1/2251 4078/1/3265 2660/1/2247
f 2664/1/2251 798/1/713 2667/1/2254 4078/1/3265
f 4078/1/3265 2667/1/2254 799/1/714 2666/1/2253
f 2660/1/2247 4078/1/3265 2666/1/2253 739/1/656
f 739/1/656 2666/1/2253 4079/1/3266 2661/1/2248
f 2666/1/2253 799/1/714 2669/1/2256 4079/1/3266
f 4079/1/3266 2669/1/2256 800/1/715 2668/1/2255
f 2661/1/2248 4079/1/3266 2668/1/2255 740/1/657
f 740/1/657 2668/1/2255 4080/1/3267 2662/1/2249
f 2668/1/2255 800/1/715 2670/1/2257 4080/1/3267
f 4080/1/3267 2670/1/2257 797/1/712 2663/1/2250
f 2662/1/2249 4080/1/3267 2663/1/2250 737/1/654
f 797/1/712 2671/1/2258 4081/1/3268 2665/1/2252
f 2671/1/2258 801/1/716 2673/1/2260 4081/1/3268
f 4081/1/3268 2673/1/2260 802/1/717 2672/1/2259
f 2665/1/2252 4081/1/3268 2672/1/2259 798/1/713
f 798/1/713 2672/1/2259 4082/1/3269 2667/1/2254
f 2672/1/2259 802/1/717 2675/1/2262 4082/1/3269
f 4082/1/3269 2675/1/2262 803/1/718 2674/1/2261
f 2667/1/2254 4082/1/3269 2674/1/2261 799/1/714
f 799/1/714 2674/1/2261 4083/1/3270 2669/1/2256
f 2674/1/2261 803/1/718 2677/1/2264 4083/1/3270
f 4083/1/3270 2677/1/2264 804/1/719 2676/1/2263
f 2669/1/2256 4083/1/3270 2676/1/2263 800/1/715
f 800/1/715 2676/1/2263 4084/1/3271 2670/1/2257
f 2676/1/2263 804/1/719 2678/1/2265 4084/1/3271
f 4084/1/3271 2678/1/2265 801/1/716 2671/1/2258
f 2670/1/2257 4084/1/3271 2671/1/2258 797/1/712
f 801/1/716 2679/1/2266 4085/1/3272 2673/1/2260
f 2679/1/2266 805/1/720 2681/1/2268 4085/1/3272
f 4085/1/3272 2681/1/2268 806/1/721 2680/1/2267
f 2673/1/2260 4085/1/3272 2680/1/2267 802/1/717
f 802/1/717 2680/1/2267 4086/1/3273 2675/1/2262
f 2680/1/2267 806/1/721 2683/1/2270 4086/1/3273
f 4086/1/3273 2683/1/2270 807/1/722 2682/1/2269
f 2675/1/2262 4086/1/3273 2682/1/2269 803/1/718
f 803/1/718 2682/1/2269 4087/1/3274 2677/1/2264
f 2682/1/2269 807/1/722 2685/1/2272 4087/1/3274
f 4087/1/3274 2685/1/2272 808/1/723 2684/1/2271
f 2677/1/2264 4087/1/3274 2684/1/2271 804/1/719
f 804/1/719 2684/1/2271 4088/1/3275 2678/1/2265
f 2684/1/2271 808/1/723 2686/1/2273 4088/1/3275
f 4088/1/3275 2686/1/2273 805/1/720 2679/1/2266
f 2678/1/2265 4088/1/3275 2679/1/2266 801/1/716
f 741/1/658 2695/1/2282 4089/1/3276 2691/1/2278
f 2695/1/2282 809/1/724 2697/1/2284 4089/1/3276
f 4089/1/3276 2697/1/2284 810/1/725 2696/1/2283
f 2691/1/2278 4089/1/3276 2696/1/2283 742/1/659
f 742/1/659 2696/1/2283 4090/1/3277 2692/1/2279
f 2696/1/2283 810/1/725 2699/1/2286 4090/1/3277
f 4090/1/3277 2699/1/2286 811/1/726 2698/1/2285
f 2692/1/2279 4090/1/3277 2698/1/2285 743/1/660
f 743/1/660 2698/1/2285 4091/1/3278 2693/1/2280
f 2698/1/2285 811/1/726 2701/1/2288 4091/1/3278
f 4091/1/3278 2701/1/2288 812/1/727 2700/1/2287
f 2693/1/2280 4091/1/3278 2700/1/2287 744/1/661
f 744/1/661 2700/1/2287 4092/1/3279 2694/1/2281
f 2700/1/2287 812/1/727 2702/1/2289 4092/1/3279
f 4092/1/3279 2702/1/2289 809/1/724 2695/1/2282
f 2694/1/2281 4092/1/3279 2695/1/2282 741/1/658
f 809/1/724 2703/1/2290 4093/1/3280 2697/1/2284
f 2703/1/2290 813/1/728 2705/1/2292 4093/1/3280
f 4093/1/3280 2705/1/2292 814/1/729 2704/1/2291
f 2697/1/2284 4093/1/3280 2704/1/2291 810/1/725
f 810/1/725 2704/1/2291 4094/1/3281 2699/1/2286
f 2704/1/2291 814/1/729 2707/1/2294 4094/1/3281
f 4094/1/3281 2707/1/2294 815/1/730 2706/1/2293
f 2699/1/2286 4094/1/3281 2706/1/2293 811/1/726
f 811/1/726 2706/1/2293 4095/1/3282 2701/1/2288
f 2706/1/2293 815/1/730 2709/1/2296 4095/1/3282
f 4095/1/3282 2709/1/2296 816/1/731 2708/1/2295
f 2701/1/2288 4095/1/3282 2708/1/2295 812/1/727
f 812/1/727 2708/1/2295 4096/1/3283 2702/1/2289
f 2708/1/2295 816/1/731 2710/1/2297 4096/1/3283
f 4096/1/3283 2710/1/2297 813/1/728 2703/1/2290
f 2702/1/2289 4096/1/3283 2703/1/2290 809/1/724
f 813/1/728 2711/1/2298 4097/1/3284 2705/1/2292
f 2711/1/2298 737/1/654 2659/1/2246 4097/1/3284
f 4097/1/3284 2659/1/2246 738/1/655 2712/1/2299
f 2705/1/2292 4097/1/3284 2712/1/2299 814/1/729
f 814/1/729 2712/1/2299 4098/1/3285 2707/1/2294
f 2712/1/2299 738/1/655 2660/1/2247 4098/1/3285
f 4098/1/3285 2660/1/2247 739/1/656 2713/1/2300
f 2707/1/2294 4098/1/3285 2713/1/2300 815/1/730
f 815/1/730 2713/1/2300 4099/1/3286 2709/1/2296
f 2713/1/2300 739/1/656 2661/1/2248 4099/1/3286
f 4099/1/3286 2661/1/2248 740/1/657 2714/1/2301
f 2709/1/2296 4099/1/3286 2714/1/2301 816/1/731
f 816/1/731 2714/1/2301 4100/1/3287 2710/1/2297
f 2714/1/2301 740/1/657 2662/1/2249 4100/1/3287
f 4100/1/3287 2662/1/2249 737/1/654 2711/1/2298
f 2710/1/2297 4100/1/3287 2711/1/2298 813/1/728
f 829/1/744 2751/1/2338 4101/1/3288 2745/1/2332
f 2751/1/2338 817/1/732 2715/1/2302 4101/1/3288
f 4101/1/3288 2715/1/2302 818/1/733 2752/1/2339
f 2745/1/2332 4101/1/3288 2752/1/2339 830/1/745
f 830/1/745 2752/1/2339 4102/1/3289 2747/1/2334
f 2752/1/2339 818/1/733 2716/1/2303 4102/1/3289
f 4102/1/3289 2716/1/2303 819/1/734 2753/1/2340
f 2747/1/2334 4102/1/3289 2753/1/2340 831/1/746
f 831/1/746 2753/1/2340 4103/1/3290 2749/1/2336
f 2753/1/2340 819/1/734 2717/1/2304 4103/1/3290
f 4103/1/3290 2717/1/2304 820/1/735 2754/1/2341
f 2749/1/2336 4103/1/3290 2754/1/2341 832/1/747
f 832/1/747 2754/1/2341 4104/1/3291 2750/1/2337
f 2754/1/2341 820/1/735 2718/1/2305 4104/1/3291
f 4104/1/3291 2718/1/2305 817/1/732 2751/1/2338
f 2750/1/2337 4104/1/3291 2751/1/2338 829/1/744
f 817/1/732 2719/1/2306 4105/1/3292 2715/1/2302
f 2719/1/2306 741/1/658 2691/1/2278 4105/1/3292
f 4105/1/3292 2691/1/2278 742/1/659 2720/1/2307
f 2715/1/2302 4105/1/3292 2720/1/2307 818/1/733
f 818/1/733 2720/1/2307 4106/1/3293 2716/1/2303
f 2720/1/2307 742/1/659 2692/1/2279 4106/1/3293
f 4106/1/3293 2692/1/2279 743/1/660 2721/1/2308
f 2716/1/2303 4106/1/3293 2721/1/2308 819/1/734
f 819/1/734 2721/1/2308 4107/1/3294 2717/1/2304
f 2721/1/2308 743/1/660 2693/1/2280 4107/1/3294
f 4107/1/3294 2693/1/2280 744/1/661 2722/1/2309
f 2717/1/2304 4107/1/3294 2722/1/2309 820/1/735
f 820/1/735 2722/1/2309 4108/1/3295 2718/1/2305
f 2722/1/2309 744/1/661 2694/1/2281 4108/1/3295
f 4108/1/3295 2694/1/2281 741/1/658 2719/1/2306
f 2718/1/2305 4108/1/3295 2719/1/2306 817/1/732
f 837/1/752 2771/1/2358 4109/1/3296 2765/1/2352
f 2771/1/2358 821/1/736 2723/1/2310 4109/1/3296
f 4109/1/3296 2723/1/2310 822/1/737 2772/1/2359
f 2765/1/2352 4109/1/3296 2772/1/2359 838/1/753
f 838/1/753 2772/1/2359 4110/1/3297 2767/1/2354
f 2772/1/2359 822/1/737 2724/1/2311 4110/1/3297
f 4110/1/3297 2724/1/2311 823/1/738 2773/1/2360
f 2767/1/2354 4110/1/3297 2773/1/2360 839/1/754
f 839/1/754 2773/1/2360 4111/1/3298 2769/1/2356
f 2773/1/2360 823/1/738 2725/1/2312 4111/1/3298
f 4111/1/3298 2725/1/2312 824/1/739 2774/1/2361
f 2769/1/2356 4111/1/3298 2774/1/2361 840/1/755
f 840/1/755 2774/1/2361 4112/1/3299 2770/1/2357
f 2774/1/2361 824/1/739 2726/1/2313 4112/1/3299
f 4112/1/3299 2726/1/2313 821/1/736 2771/1/2358
f 2770/1/2357 4112/1/3299 2771/1/2358 837/1/752
f 821/1/736 2727/1/2314 4113/1/3300 2723/1/2310
f 2727/1/2314 825/1/740 2729/1/2316 4113/1/3300
f 4113/1/3300 2729/1/2316 826/1/741 2728/1/2315
f 2723/1/2310 4113/1/3300 2728/1/2315 822/1/737
f 822/1/737 2728/1/2315 4114/1/3301 2724/1/2311
f 2728/1/2315 826/1/741 2731/1/2318 4114/1/3301
f 4114/1/3301 2731/1/2318 827/1/742 2730/1/2317
f 2724/1/2311 4114/1/3301 2730/1/2317 823/1/738
f 823/1/738 2730/1/2317 4115/1/3302 2725/1/2312
f 2730/1/2317 827/1/742 2733/1/2320 4115/1/3302
f 4115/1/3302 2733/1/2320 828/1/743 2732/1/2319
f 2725/1/2312 4115/1/3302 2732/1/2319 824/1/739
f 824/1/739 2732/1/2319 4116/1/3303 2726/1/2313
f 2732/1/2319 828/1/743 2734/1/2321 4116/1/3303
f 4116/1/3303 2734/1/2321 825/1/740 2727/1/2314
f 2726/1/2313 4116/1/3303 2727/1/2314 821/1/736
f 745/1/662 2743/1/2330 4117/1/3304 2737/1/2324
f 2743/1/2330 829/1/744 2745/1/2332 4117/1/3304
f 4117/1/3304 2745/1/2332 830/1/745 2744/1/2331
f 2737/1/2324 4117/1/3304 2744/1/2331 746/1/663
f 825/1/740 2735/1/2322 4118/1/3305 2729/1/2316
f 2735/1/2322 745/1/662 2737/1/2324 4118/1/3305
f 4118/1/3305 2737/1/2324 746/1/663 2736/1/2323
f 2729/1/2316 4118/1/3305 2736/1/2323 826/1/741
f 826/1/741 2736/1/2323 4119/1/3306 2731/1/2318
f 2736/1/2323 746/1/663 2739/1/2326 4119/1/3306
f 4119/1/3306 2739/1/2326 747/1/664 2738/1/2325
f 2731/1/2318 4119/1/3306 2738/1/2325 827/1/742
f 827/1/742 2738/1/2325 4120/1/3307 2733/1/2320
f 2738/1/2325 747/1/664 2741/1/2328 4120/1/3307
f 4120/1/3307 2741/1/2328 748/1/665 2740/1/2327
f 2733/1/2320 4120/1/3307 2740/1/2327 828/1/743
f 828/1/743 2740/1/2327 4121/1/3308 2734/1/2321
f 2740/1/2327 748/1/665 2742/1/2329 4121/1/3308
f 4121/1/3308 2742/1/2329 745/1/662 2735/1/2322
f 2734/1/2321 4121/1/3308 2735/1/2322 825/1/740
f 746/1/663 2744/1/2331 4122/1/3309 2739/1/2326
f 2744/1/2331 830/1/745 2747/1/2334 4122/1/3309
f 4122/1/3309 2747/1/2334 831/1/746 2746/1/2333
f 2739/1/2326 4122/1/3309 2746/1/2333 747/1/664
f 747/1/664 2746/1/2333 4123/1/3310 2741/1/2328
f 2746/1/2333 831/1/746 2749/1/2336 4123/1/3310
f 4123/1/3310 2749/1/2336 832/1/747 2748/1/2335
f 2741/1/2328 4123/1/3310 2748/1/2335 748/1/665
f 748/1/665 2748/1/2335 4124/1/3311 2742/1/2329
f 2748/1/2335 832/1/747 2750/1/2337 4124/1/3311
f 4124/1/3311 2750/1/2337 829/1/744 2743/1/2330
f 2742/1/2329 4124/1/3311 2743/1/2330 745/1/662
f 833/1/748 2763/1/2350 4125/1/3312 2757/1/2344
f 2763/1/2350 837/1/752 2765/1/2352 4125/1/3312
f 4125/1/3312 2765/1/2352 838/1/753 2764/1/2351
f 2757/1/2344 4125/1/3312 2764/1/2351 834/1/749
f 679/1/618 2755/1/2342 4126/1/3313 2448/1/2094
f 2755/1/2342 833/1/748 2757/1/2344 4126/1/3313
f 4126/1/3313 2757/1/2344 834/1/749 2756/1/2343
f 2448/1/2094 4126/1/3313 2756/1/2343 680/1/619
f 680/1/619 2756/1/2343 4127/1/3314 2450/1/2095
f 2756/1/2343 834/1/749 2759/1/2346 4127/1/3314
f 4127/1/3314 2759/1/2346 835/1/750 2758/1/2345
f 2450/1/2095 4127/1/3314 2758/1/2345 681/1/620
f 681/1/620 2758/1/2345 4128/1/3315 2452/1/2097
f 2758/1/2345 835/1/750 2761/1/2348 4128/1/3315
f 4128/1/3315 2761/1/2348 836/1/751 2760/1/2347
f 2452/1/2097 4128/1/3315 2760/1/2347 682/1/621
f 682/1/621 2760/1/2347 4129/1/3316 2453/1/2098
f 2760/1/2347 836/1/751 2762/1/2349 4129/1/3316
f 4129/1/3316 2762/1/2349 833/1/748 2755/1/2342
f 2453/1/2098 4129/1/3316 2755/1/2342 679/1/618
f 834/1/749 2764/1/2351 4130/1/3317 2759/1/2346
f 2764/1/2351 838/1/753 2767/1/2354 4130/1/3317
f 4130/1/3317 2767/1/2354 839/1/754 2766/1/2353
f 2759/1/2346 4130/1/3317 2766/1/2353 835/1/750
f 835/1/750 2766/1/2353 4131/1/3318 2761/1/2348
f 2766/1/2353 839/1/754 2769/1/2356 4131/1/3318
f 4131/1/3318 2769/1/2356 840/1/755 2768/1/2355
f 2761/1/2348 4131/1/3318 2768/1/2355 836/1/751
f 836/1/751 2768/1/2355 4132/1/3319 2762/1/2349
f 2768/1/2355 840/1/755 2770/1/2357 4132/1/3319
f 4132/1/3319 2770/1/2357 837/1/752 2763/1/2350
f 2762/1/2349 4132/1/3319 2763/1/2350 833/1/748
f 769/1/686 2610/1/2206 4133/1/3320 2611/1/2207
f 2610/1/2206 749/1/666 2606/1/2202 4133/1/3320
f 4133/1/3320 2606/1/2202 750/1/667 2612/1/2208
f 2611/1/2207 4133/1/3320 2612/1/2208 770/1/687
f 841/1/756 2783/1/2370 4134/1/3321 2777/1/2364
f 2783/1/2370 785/1/700 2643/1/2230 4134/1/3321
f 4134/1/3321 2643/1/2230 786/1/701 2784/1/2371
f 2777/1/2364 4134/1/3321 2784/1/2371 842/1/757
f 842/1/757 2784/1/2371 4135/1/3322 2779/1/2366
f 2784/1/2371 786/1/701 2570/1/2166 4135/1/3322
f 4135/1/3322 2570/1/2166 845/1/760 2785/1/2372
f 2779/1/2366 4135/1/3322 2785/1/2372 843/1/758
f 843/1/758 2785/1/2372 4136/1/3323 2781/1/2368
f 2785/1/2372 845/1/760 2569/1/2165 4136/1/3323
f 4136/1/3323 2569/1/2165 846/1/761 2786/1/2373
f 2781/1/2368 4136/1/3323 2786/1/2373 844/1/759
f 844/1/759 2786/1/2373 4137/1/3324 2782/1/2369
f 2786/1/2373 846/1/761 2567/1/2163 4137/1/3324
f 4137/1/3324 2567/1/2163 785/1/700 2783/1/2370
f 2782/1/2369 4137/1/3324 2783/1/2370 841/1/756
f 852/1/767 2793/1/767 4138/1/2379 2794/1/2379
f 2793/1/767 848/1/763 2788/1/2375 4138/1/2379
f 4138/1/2379 2788/1/2375 849/1/764 2795/1/768
f 2794/1/2379 4138/1/2379 2795/1/768 853/1/768
f 853/1/768 2795/1/768 4139/1/2380 2796/1/2380
f 2795/1/768 849/1/764 2789/1/2376 4139/1/2380
f 4139/1/2380 2789/1/2376 850/1/765 2797/1/769
f 2796/1/2380 4139/1/2380 2797/1/769 854/1/769
f 854/1/769 2797/1/769 4140/1/2381 2798/1/2381
f 2797/1/769 850/1/765 2790/1/2377 4140/1/2381
f 4140/1/2381 2790/1/2377 847/1/762 2791/1/766
f 2798/1/2381 4140/1/2381 2791/1/766 851/1/766
f 855/1/766 2799/1/766 4141/1/2378 2800/1/2378
f 2799/1/766 851/1/766 2792/1/2378 4141/1/2378
f 4141/1/2378 2792/1/2378 852/1/767 2801/1/767
f 2800/1/2378 4141/1/2378 2801/1/767 856/1/767
f 856/1/767 2801/1/767 4142/1/2379 2802/1/2379
f 2801/1/767 852/1/767 2794/1/2379 4142/1/2379
f 4142/1/2379 2794/1/2379 853/1/768 2803/1/768
f 2802/1/2379 4142/1/2379 2803/1/768 857/1/768
f 857/1/768 2803/1/768 4143/1/2380 2804/1/2380
f 2803/1/768 853/1/768 2796/1/2380 4143/1/2380
f 4143/1/2380 2796/1/2380 854/1/769 2805/1/769
f 2804/1/2380 4143/1/2380 2805/1/769 858/1/769
f 858/1/769 2805/1/769 4144/1/2381 2806/1/2381
f 2805/1/769 854/1/769 2798/1/2381 4144/1/2381
f 4144/1/2381 2798/1/2381 851/1/766 2799/1/766
f 2806/1/2381 4144/1/2381 2799/1/766 855/1/766
f 859/1/766 2807/1/766 4145/1/2378 2808/1/2378
f 2807/1/766 855/1/766 2800/1/2378 4145/1/2378
f 4145/1/2378 2800/1/2378 856/1/767 2809/1/767
f 2808/1/2378 4145/1/2378 2809/1/767 860/1/767
f 860/1/767 2809/1/767 4146/1/2379 2810/1/2379
f 2809/1/767 856/1/767 2802/1/2379 4146/1/2379
f 4146/1/2379 2802/1/2379 857/1/768 2811/1/768
f 2810/1/2379 4146/1/2379 2811/1/768 861/1/768
f 861/1/768 2811/1/768 4147/1/2380 2812/1/2380
f 2811/1/768 857/1/768 2804/1/2380 4147/1/2380
f 4147/1/2380 2804/1/2380 858/1/769 2813/1/769
f 2812/1/2380 4147/1/2380 2813/1/769 862/1/769
f 862/1/769 2813/1/769 4148/1/2381 2814/1/2381
f 2813/1/769 858/1/769 2806/1/2381 4148/1/2381
f 4148/1/2381 2806/1/2381 855/1/766 2807/1/766
f 2814/1/2381 4148/1/2381 2807/1/766 859/1/766
f 863/1/766 2815/1/766 4149/1/2378 2816/1/2378
f 2815/1/766 859/1/766 2808/1/2378 4149/1/2378
f 4149/1/2378 2808/1/2378 860/1/767 2817/1/767
f 2816/1/2378 4149/1/2378 2817/1/767 864/1/767
f 864/1/767 2817/1/767 4150/1/2379 2818/1/2379
f 2817/1/767 860/1/767 2810/1/2379 4150/1/2379
f 4150/1/2379 2810/1/2379 861/1/768 2819/1/768
f 2818/1/2379 4150/1/2379 2819/1/768 865/1/768
f 865/1/768 2819/1/768 4151/1/2380 2820/1/2380
f 2819/1/768 861/1/768 2812/1/2380 4151/1/2380
f 4151/1/2380 2812/1/2380 862/1/769 2821/1/769
f 2820/1/2380 4151/1/2380 2821/1/769 866/1/769
f 866/1/769 2821/1/769 4152/1/2381 2822/1/2381
f 2821/1/769 862/1/769 2814/1/2381 4152/1/2381
f 4152/1/2381 2814/1/2381 859/1/766 2815/1/766
f 2822/1/2381 4152/1/2381 2815/1/766 863/1/766
f 867/1/766 2823/1/766 4153/1/2378 2824/1/2378
f 2823/1/766 863/1/766 2816/1/2378 4153/1/2378
f 4153/1/2378 2816/1/2378 864/1/767 2825/1/767
f 2824/1/2378 4153/1/2378 2825/1/767 868/1/767
f 868/1/767 2825/1/767 4154/1/2379 2826/1/2379
f 2825/1/767 864/1/767 2818/1/2379 4154/1/2379
f 4154/1/2379 2818/1/2379 865/1/768 2827/1/768
f 2826/1/2379 4154/1/2379 2827/1/768 869/1/768
f 869/1/768 2827/1/768 4155/1/2380 2828/1/2380
f 2827/1/768 865/1/768 2820/1/2380 4155/1/2380
f 4155/1/2380 2820/1/2380 866/1/769 2829/1/769
f 2828/1/2380 4155/1/2380 2829/1/769 870/1/769
f 870/1/769 2829/1/769 4156/1/2381 2830/1/2381
f 2829/1/769 866/1/769 2822/1/2381 4156/1/2381
f 4156/1/2381 2822/1/2381 863/1/766 2823/1/766
f 2830/1/2381 4156/1/2381 2823/1/766 867/1/766
f 871/1/766 2831/1/766 4157/1/2378 2832/1/2378
f 2831/1/766 867/1/766 2824/1/2378 4157/1/2378
f 4157/1/2378 2824/1/2378 868/1/767 2833/1/767
f 2832/1/2378 4157/1/2378 2833/1/767 872/1/767
f 872/1/767 2833/1/767 4158/1/2379 2834/1/2379
f 2833/1/767 868/1/767 2826/1/2379 4158/1/2379
f 4158/1/2379 2826/1/2379 869/1/768 2835/1/768
f 2834/1/2379 4158/1/2379 2835/1/768 873/1/768
f 873/1/768 2835/1/768 4159/1/2380 2836/1/2380
f 2835/1/768 869/1/768 2828/1/2380 4159/1/2380
f 4159/1/2380 2828/1/2380 870/1/769 2837/1/769
f 2836/1/2380 4159/1/2380 2837/1/769 874/1/769
f 874/1/769 2837/1/769 4160/1/2381 2838/1/2381
f 2837/1/769 870/1/769 2830/1/2381 4160/1/2381
f 4160/1/2381 2830/1/2381 867/1/766 2831/1/766
f 2838/1/2381 4160/1/2381 2831/1/766 871/1/766
f 875/1/766 2839/1/766 4161/1/2378 2840/1/2378
f 2839/1/766 871/1/766 2832/1/2378 4161/1/2378
f 4161/1/2378 2832/1/2378 872/1/767 2841/1/767
f 2840/1/2378 4161/1/2378 2841/1/767 876/1/767
f 876/1/767 2841/1/767 4162/1/2379 2842/1/2379
f 2841/1/767 872/1/767 2834/1/2379 4162/1/2379
f 4162/1/2379 2834/1/2379 873/1/768 2843/1/768
f 2842/1/2379 4162/1/2379 2843/1/768 877/1/768
f 877/1/768 2843/1/768 4163/1/2380 2844/1/2380
f 2843/1/768 873/1/768 2836/1/2380 4163/1/2380
f 4163/1/2380 2836/1/2380 874/1/769 2845/1/769
f 2844/1/2380 4163/1/2380 2845/1/769 878/1/769
f 878/1/769 2845/1/769 4164/1/2381 2846/1/2381
f 2845/1/769 874/1/769 2838/1/2381 4164/1/2381
f 4164/1/2381 2838/1/2381 871/1/766 2839/1/766
f 2846/1/2381 4164/1/2381 2839/1/766 875/1/766
f 879/1/770 2847/1/766 4165/1/2378 2848/1/2378
f 2847/1/766 875/1/766 2840/1/2378 4165/1/2378
f 4165/1/2378 2840/1/2378 876/1/767 2849/1/767
f 2848/1/2378 4165/1/2378 2849/1/767 880/1/771
f 880/1/771 2849/1/767 4166/1/2379 2850/1/2382
f 2849/1/767 876/1/767 2842/1/2379 4166/1/2379
f 4166/1/2379 2842/1/2379 877/1/768 2851/1/768
f 2850/1/2382 4166/1/2379 2851/1/768 881/1/772
f 881/1/772 2851/1/768 4167/1/2380 2852/1/2383
f 2851/1/768 877/1/768 2844/1/2380 4167/1/2380
f 4167/1/2380 2844/1/2380 878/1/769 2853/1/769
f 2852/1/2383 4167/1/2380 2853/1/769 882/1/773
f 882/1/773 2853/1/769 4168/1/2381 2854/1/2384
f 2853/1/769 878/1/769 2846/1/2381 4168/1/2381
f 4168/1/2381 2846/1/2381 875/1/766 2847/1/766
f 2854/1/2384 4168/1/2381 2847/1/766 879/1/770
f 749/1/666 2855/1/2385 4169/1/3325 2606/1/2202
f 2855/1/2385 879/1/770 2848/1/2378 4169/1/3325
f 4169/1/3325 2848/1/2378 880/1/771 2856/1/2386
f 2606/1/2202 4169/1/3325 2856/1/2386 750/1/667
f 750/1/667 2856/1/2386 4170/1/3326 2607/1/2203
f 2856/1/2386 880/1/771 2850/1/2382 4170/1/3326
f 4170/1/3326 2850/1/2382 881/1/772 2857/1/2387
f 2607/1/2203 4170/1/3326 2857/1/2387 751/1/668
f 751/1/668 2857/1/2387 4171/1/3327 2608/1/2204
f 2857/1/2387 881/1/772 2852/1/2383 4171/1/3327
f 4171/1/3327 2852/1/2383 882/1/773 2858/1/2388
f 2608/1/2204 4171/1/3327 2858/1/2388 752/1/669
f 752/1/669 2858/1/2388 4172/1/3328 2609/1/2205
f 2858/1/2388 882/1/773 2854/1/2384 4172/1/3328
f 4172/1/3328 2854/1/2384 879/1/770 2855/1/2385
f 2609/1/2205 4172/1/3328 2855/1/2385 749/1/666
f 883/1/774 2860/1/2390 4173/1/3329 2859/1/2389
f 2860/1/2390 884/1/775 2861/1/2391 4173/1/3329
f 4173/1/3329 2861/1/2391 885/1/776 2862/1/2392
f 2859/1/2389 4173/1/3329 2862/1/2392 886/1/777
f 890/1/781 2864/1/2394 4174/1/3330 2863/1/2393
f 2864/1/2394 889/1/780 2865/1/2395 4174/1/3330
f 4174/1/3330 2865/1/2395 888/1/779 2866/1/2396
f 2863/1/2393 4174/1/3330 2866/1/2396 887/1/778
f 891/1/782 2868/1/2398 4175/1/3331 2867/1/2397
f 2868/1/2398 892/1/783 2869/1/2399 4175/1/3331
f 4175/1/3331 2869/1/2399 884/1/775 2860/1/2390
f 2867/1/2397 4175/1/3331 2860/1/2390 883/1/774
f 892/1/783 2870/1/2400 4176/1/3332 2869/1/2399
f 2870/1/2400 893/1/784 2871/1/2401 4176/1/3332
f 4176/1/3332 2871/1/2401 885/1/776 2861/1/2391
f 2869/1/2399 4176/1/3332 2861/1/2391 884/1/775
f 893/1/784 2872/1/2402 4177/1/3333 2871/1/2401
f 2872/1/2402 894/1/785 2873/1/2403 4177/1/3333
f 4177/1/3333 2873/1/2403 886/1/777 2862/1/2392
f 2871/1/2401 4177/1/3333 2862/1/2392 885/1/776
f 894/1/785 2874/1/2404 4178/1/3334 2873/1/2403
f 2874/1/2404 891/1/782 2867/1/2397 4178/1/3334
f 4178/1/3334 2867/1/2397 883/1/774 2859/1/2389
f 2873/1/2403 4178/1/3334 2859/1/2389 886/1/777
f 896/1/787 2878/1/2406 4179/1/2406 2877/1/787
f 2878/1/2406 897/1/788 2879/1/788 4179/1/2406
f 4179/1/2406 2879/1/788 893/1/784 2870/1/2400
f 2877/1/787 4179/1/2406 2870/1/2400 892/1/783
f 897/1/788 2880/1/2407 4180/1/2407 2879/1/788
f 2880/1/2407 898/1/789 2881/1/789 4180/1/2407
f 4180/1/2407 2881/1/789 894/1/785 2872/1/2402
f 2879/1/788 4180/1/2407 2872/1/2402 893/1/784
f 898/1/789 2882/1/2408 4181/1/2408 2881/1/789
f 2882/1/2408 895/1/786 2875/1/786 4181/1/2408
f 4181/1/2408 2875/1/786 891/1/782 2874/1/2404
f 2881/1/789 4181/1/2408 2874/1/2404 894/1/785
f 899/1/786 2884/1/2405 4182/1/2405 2883/1/786
f 2884/1/2405 900/1/787 2885/1/787 4182/1/2405
f 4182/1/2405 2885/1/787 896/1/787 2876/1/2405
f 2883/1/786 4182/1/2405 2876/1/2405 895/1/786
f 900/1/787 2886/1/2406 4183/1/2406 2885/1/787
f 2886/1/2406 901/1/788 2887/1/788 4183/1/2406
f 4183/1/2406 2887/1/788 897/1/788 2878/1/2406
f 2885/1/787 4183/1/2406 2878/1/2406 896/1/787
f 901/1/788 2888/1/2407 4184/1/2407 2887/1/788
f 2888/1/2407 902/1/789 2889/1/789 4184/1/2407
f 4184/1/2407 2889/1/789 898/1/789 2880/1/2407
f 2887/1/788 4184/1/2407 2880/1/2407 897/1/788
f 902/1/789 2890/1/2408 4185/1/2408 2889/1/789
f 2890/1/2408 899/1/786 2883/1/786 4185/1/2408
f 4185/1/2408 2883/1/786 895/1/786 2882/1/2408
f 2889/1/789 4185/1/2408 2882/1/2408 898/1/789
f 903/1/786 2892/1/2405 4186/1/2405 2891/1/786
f 2892/1/2405 904/1/787 2893/1/787 4186/1/2405
f 4186/1/2405 2893/1/787 900/1/787 2884/1/2405
f 2891/1/786 4186/1/2405 2884/1/2405 899/1/786
f 904/1/787 2894/1/2406 4187/1/2406 2893/1/787
f 2894/1/2406 905/1/788 2895/1/788 4187/1/2406
f 4187/1/2406 2895/1/788 901/1/788 2886/1/2406
f 2893/1/787 4187/1/2406 2886/1/2406 900/1/787
f 905/1/788 2896/1/2407 4188/1/2407 2895/1/788
f 2896/1/2407 906/1/789 2897/1/789 4188/1/2407
f 4188/1/2407 2897/1/789 902/1/789 2888/1/2407
f 2895/1/788 4188/1/2407 2888/1/2407 901/1/788
f 906/1/789 2898/1/2408 4189/1/2408 2897/1/789
f 2898/1/2408 903/1/786 2891/1/786 4189/1/2408
f 4189/1/2408 2891/1/786 899/1/786 2890/1/2408
f 2897/1/789 4189/1/2408 2890/1/2408 902/1/789
f 907/1/786 2900/1/2405 4190/1/2405 2899/1/786
f 2900/1/2405 908/1/787 2901/1/787 4190/1/2405
f 4190/1/2405 2901/1/787 904/1/787 2892/1/2405
f 2899/1/786 4190/1/2405 2892/1/2405 903/1/786
f 908/1/787 2902/1/2406 4191/1/2406 2901/1/787
f 2902/1/2406 909/1/788 2903/1/788 4191/1/2406
f 4191/1/2406 2903/1/788 905/1/788 2894/1/2406
f 2901/1/787 4191/1/2406 2894/1/2406 904/1/787
f 909/1/788 2904/1/2407 4192/1/2407 2903/1/788
f 2904/1/2407 910/1/789 2905/1/789 4192/1/2407
f 4192/1/2407 2905/1/789 906/1/789 2896/1/2407
f 2903/1/788 4192/1/2407 2896/1/2407 905/1/788
f 910/1/789 2906/1/2408 4193/1/2408 2905/1/789
f 2906/1/2408 907/1/786 2899/1/786 4193/1/2408
f 4193/1/2408 2899/1/786 903/1/786 2898/1/2408
f 2905/1/789 4193/1/2408 2898/1/2408 906/1/789
f 911/1/786 2908/1/2405 4194/1/2405 2907/1/786
f 2908/1/2405 912/1/787 2909/1/787 4194/1/2405
f 4194/1/2405 2909/1/787 908/1/787 2900/1/2405
f 2907/1/786 4194/1/2405 2900/1/2405 907/1/786
f 912/1/787 2910/1/2406 4195/1/2406 2909/1/787
f 2910/1/2406 913/1/788 2911/1/788 4195/1/2406
f 4195/1/2406 2911/1/788 909/1/788 2902/1/2406
f 2909/1/787 4195/1/2406 2902/1/2406 908/1/787
f 913/1/788 2912/1/2407 4196/1/2407 2911/1/788
f 2912/1/2407 914/1/789 2913/1/789 4196/1/2407
f 4196/1/2407 2913/1/789 910/1/789 2904/1/2407
f 2911/1/788 4196/1/2407 2904/1/2407 909/1/788
f 914/1/789 2914/1/2408 4197/1/2408 2913/1/789
f 2914/1/2408 911/1/786 2907/1/786 4197/1/2408
f 4197/1/2408 2907/1/786 907/1/786 2906/1/2408
f 2913/1/789 4197/1/2408 2906/1/2408 910/1/789
f 915/1/786 2916/1/2405 4198/1/2405 2915/1/786
f 2916/1/2405 916/1/787 2917/1/787 4198/1/2405
f 4198/1/2405 2917/1/787 912/1/787 2908/1/2405
f 2915/1/786 4198/1/2405 2908/1/2405 911/1/786
f 916/1/787 2918/1/2406 4199/1/2406 2917/1/787
f 2918/1/2406 917/1/788 2919/1/788 4199/1/2406
f 4199/1/2406 2919/1/788 913/1/788 2910/1/2406
f 2917/1/787 4199/1/2406 2910/1/2406 912/1/787
f 917/1/788 2920/1/2407 4200/1/2407 2919/1/788
f 2920/1/2407 918/1/789 2921/1/789 4200/1/2407
f 4200/1/2407 2921/1/789 914/1/789 2912/1/2407
f 2919/1/788 4200/1/2407 2912/1/2407 913/1/788
f 918/1/789 2922/1/2408 4201/1/2408 2921/1/789
f 2922/1/2408 915/1/786 2915/1/786 4201/1/2408
f 4201/1/2408 2915/1/786 911/1/786 2914/1/2408
f 2921/1/789 4201/1/2408 2914/1/2408 914/1/789
f 919/1/786 2924/1/2405 4202/1/2405 2923/1/786
f 2924/1/2405 920/1/787 2925/1/787 4202/1/2405
f 4202/1/2405 2925/1/787 916/1/787 2916/1/2405
f 2923/1/786 4202/1/2405 2916/1/2405 915/1/786
f 920/1/787 2926/1/2406 4203/1/2406 2925/1/787
f 2926/1/2406 921/1/788 2927/1/788 4203/1/2406
f 4203/1/2406 2927/1/788 917/1/788 2918/1/2406
f 2925/1/787 4203/1/2406 2918/1/2406 916/1/787
f 921/1/788 2928/1/2407 4204/1/2407 2927/1/788
f 2928/1/2407 922/1/789 2929/1/789 4204/1/2407
f 4204/1/2407 2929/1/789 918/1/789 2920/1/2407
f 2927/1/788 4204/1/2407 2920/1/2407 917/1/788
f 922/1/789 2930/1/2408 4205/1/2408 2929/1/789
f 2930/1/2408 919/1/786 2923/1/786 4205/1/2408
f 4205/1/2408 2923/1/786 915/1/786 2922/1/2408
f 2929/1/789 4205/1/2408 2922/1/2408 918/1/789
f 923/1/786 2932/1/2405 4206/1/2405 2931/1/786
f 2932/1/2405 924/1/787 2933/1/787 4206/1/2405
f 4206/1/2405 2933/1/787 920/1/787 2924/1/2405
f 2931/1/786 4206/1/2405 2924/1/2405 919/1/786
f 924/1/787 2934/1/2406 4207/1/2406 2933/1/787
f 2934/1/2406 925/1/788 2935/1/788 4207/1/2406
f 4207/1/2406 2935/1/788 921/1/788 2926/1/2406
f 2933/1/787 4207/1/2406 2926/1/2406 920/1/787
f 925/1/788 2936/1/2407 4208/1/2407 2935/1/788
f 2936/1/2407 926/1/789 2937/1/789 4208/1/2407
f 4208/1/2407 2937/1/789 922/1/789 2928/1/2407
f 2935/1/788 4208/1/2407 2928/1/2407 921/1/788
f 926/1/789 2938/1/2408 4209/1/2408 2937/1/789
f 2938/1/2408 923/1/786 2931/1/786 4209/1/2408
f 4209/1/2408 2931/1/786 919/1/786 2930/1/2408
f 2937/1/789 4209/1/2408 2930/1/2408 922/1/789
f 927/1/786 2940/1/2405 4210/1/2405 2939/1/786
f 2940/1/2405 928/1/787 2941/1/787 4210/1/2405
f 4210/1/2405 2941/1/787 924/1/787 2932/1/2405
f 2939/1/786 4210/1/2405 2932/1/2405 923/1/786
f 928/1/787 2942/1/2406 4211/1/2406 2941/1/787
f 2942/1/2406 929/1/788 2943/1/788 4211/1/2406
f 4211/1/2406 2943/1/788 925/1/788 2934/1/2406
f 2941/1/787 4211/1/2406 2934/1/2406 924/1/787
f 929/1/788 2944/1/2407 4212/1/2407 2943/1/788
f 2944/1/2407 930/1/789 2945/1/789 4212/1/2407
f 4212/1/2407 2945/1/789 926/1/789 2936/1/2407
f 2943/1/788 4212/1/2407 2936/1/2407 925/1/788
f 930/1/789 2946/1/2408 4213/1/2408 2945/1/789
f 2946/1/2408 927/1/786 2939/1/786 4213/1/2408
f 4213/1/2408 2939/1/786 923/1/786 2938/1/2408
f 2945/1/789 4213/1/2408 2938/1/2408 926/1/789
f 931/1/786 2948/1/2405 4214/1/2405 2947/1/786
f 2948/1/2405 932/1/787 2949/1/787 4214/1/2405
f 4214/1/2405 2949/1/787 928/1/787 2940/1/2405
f 2947/1/786 4214/1/2405 2940/1/2405 927/1/786
f 932/1/787 2950/1/2406 4215/1/2406 2949/1/787
f 2950/1/2406 933/1/788 2951/1/788 4215/1/2406
f 4215/1/2406 2951/1/788 929/1/788 2942/1/2406
f 2949/1/787 4215/1/2406 2942/1/2406 928/1/787
f 933/1/788 2952/1/2407 4216/1/2407 2951/1/788
f 2952/1/2407 934/1/789 2953/1/789 4216/1/2407
f 4216/1/2407 2953/1/789 930/1/789 2944/1/2407
f 2951/1/788 4216/1/2407 2944/1/2407 929/1/788
f 934/1/789 2954/1/2408 4217/1/2408 2953/1/789
f 2954/1/2408 931/1/786 2947/1/786 4217/1/2408
f 4217/1/2408 2947/1/786 927/1/786 2946/1/2408
f 2953/1/789 4217/1/2408 2946/1/2408 930/1/789
f 935/1/786 2956/1/2405 4218/1/2405 2955/1/786
f 2956/1/2405 936/1/787 2957/1/787 4218/1/2405
f 4218/1/2405 2957/1/787 932/1/787 2948/1/2405
f 2955/1/786 4218/1/2405 2948/1/2405 931/1/786
f 936/1/787 2958/1/2406 4219/1/2406 2957/1/787
f 2958/1/2406 937/1/788 2959/1/788 4219/1/2406
f 4219/1/2406 2959/1/788 933/1/788 2950/1/2406
f 2957/1/787 4219/1/2406 2950/1/2406 932/1/787
f 937/1/788 2960/1/2407 4220/1/2407 2959/1/788
f 2960/1/2407 938/1/789 2961/1/789 4220/1/2407
f 4220/1/2407 2961/1/789 934/1/789 2952/1/2407
f 2959/1/788 4220/1/2407 2952/1/2407 933/1/788
f 938/1/789 2962/1/2408 4221/1/2408 2961/1/789
f 2962/1/2408 935/1/786 2955/1/786 4221/1/2408
f 4221/1/2408 2955/1/786 931/1/786 2954/1/2408
f 2961/1/789 4221/1/2408 2954/1/2408 934/1/789
f 939/1/786 2964/1/2405 4222/1/2405 2963/1/786
f 2964/1/2405 940/1/787 2965/1/787 4222/1/2405
f 4222/1/2405 2965/1/787 936/1/787 2956/1/2405
f 2963/1/786 4222/1/2405 2956/1/2405 935/1/786
f 940/1/787 2966/1/2406 4223/1/2406 2965/1/787
f 2966/1/2406 941/1/788 2967/1/788 4223/1/2406
f 4223/1/2406 2967/1/788 937/1/788 2958/1/2406
f 2965/1/787 4223/1/2406 2958/1/2406 936/1/787
f 941/1/788 2968/1/2407 4224/1/2407 2967/1/788
f 2968/1/2407 942/1/789 2969/1/789 4224/1/2407
f 4224/1/2407 2969/1/789 938/1/789 2960/1/2407
f 2967/1/788 4224/1/2407 2960/1/2407 937/1/788
f 942/1/789 2970/1/2408 4225/1/2408 2969/1/789
f 2970/1/2408 939/1/786 2963/1/786 4225/1/2408
f 4225/1/2408 2963/1/786 935/1/786 2962/1/2408
f 2969/1/789 4225/1/2408 2962/1/2408 938/1/789
f 943/1/790 2972/1/2409 4226/1/2405 2971/1/786
f 2972/1/2409 944/1/791 2973/1/787 4226/1/2405
f 4226/1/2405 2973/1/787 940/1/787 2964/1/2405
f 2971/1/786 4226/1/2405 2964/1/2405 939/1/786
f 944/1/791 2974/1/2410 4227/1/2406 2973/1/787
f 2974/1/2410 945/1/792 2975/1/788 4227/1/2406
f 4227/1/2406 2975/1/788 941/1/788 2966/1/2406
f 2973/1/787 4227/1/2406 2966/1/2406 940/1/787
f 945/1/792 2976/1/2411 4228/1/2407 2975/1/788
f 2976/1/2411 946/1/793 2977/1/789 4228/1/2407
f 4228/1/2407 2977/1/789 942/1/789 2968/1/2407
f 2975/1/788 4228/1/2407 2968/1/2407 941/1/788
f 946/1/793 2978/1/2412 4229/1/2408 2977/1/789
f 2978/1/2412 943/1/790 2971/1/786 4229/1/2408
f 4229/1/2408 2971/1/786 939/1/786 2970/1/2408
f 2977/1/789 4229/1/2408 2970/1/2408 942/1/789
f 887/1/778 2866/1/2396 4230/1/3335 2979/1/2413
f 2866/1/2396 888/1/779 2980/1/2414 4230/1/3335
f 4230/1/3335 2980/1/2414 944/1/791 2972/1/2409
f 2979/1/2413 4230/1/3335 2972/1/2409 943/1/790
f 888/1/779 2865/1/2395 4231/1/3336 2980/1/2414
f 2865/1/2395 889/1/780 2981/1/2415 4231/1/3336
f 4231/1/3336 2981/1/2415 945/1/792 2974/1/2410
f 2980/1/2414 4231/1/3336 2974/1/2410 944/1/791
f 889/1/780 2864/1/2394 4232/1/3337 2981/1/2415
f 2864/1/2394 890/1/781 2982/1/2416 4232/1/3337
f 4232/1/3337 2982/1/2416 946/1/793 2976/1/2411
f 2981/1/2415 4232/1/3337 2976/1/2411 945/1/792
f 890/1/781 2863/1/2393 4233/1/3338 2982/1/2416
f 2863/1/2393 887/1/778 2979/1/2413 4233/1/3338
f 4233/1/3338 2979/1/2413 943/1/790 2978/1/2412
f 2982/1/2416 4233/1/3338 2978/1/2412 946/1/793
f 947/1/794 2984/1/2418 4234/1/3339 2983/1/2417
f 2984/1/2418 948/1/795 2985/1/2419 4234/1/3339
f 4234/1/3339 2985/1/2419 949/1/796 2986/1/2420
f 2983/1/2417 4234/1/3339 2986/1/2420 950/1/797
f 954/1/801 2988/1/2422 4235/1/3340 2987/1/2421
f 2988/1/2422 953/1/800 2989/1/2423 4235/1/3340
f 4235/1/3340 2989/1/2423 952/1/799 2990/1/2424
f 2987/1/2421 4235/1/3340 2990/1/2424 951/1/798
f 955/1/802 2992/1/2426 4236/1/3341 2991/1/2425
f 2992/1/2426 956/1/803 2993/1/2427 4236/1/3341
f 4236/1/3341 2993/1/2427 948/1/795 2984/1/2418
f 2991/1/2425 4236/1/3341 2984/1/2418 947/1/794
f 956/1/803 2994/1/2428 4237/1/3342 2993/1/2427
f 2994/1/2428 957/1/804 2995/1/2429 4237/1/3342
f 4237/1/3342 2995/1/2429 949/1/796 2985/1/2419
f 2993/1/2427 4237/1/3342 2985/1/2419 948/1/795
f 957/1/804 2996/1/2430 4238/1/3343 2995/1/2429
f 2996/1/2430 958/1/805 2997/1/2431 4238/1/3343
f 4238/1/3343 2997/1/2431 950/1/797 2986/1/2420
f 2995/1/2429 4238/1/3343 2986/1/2420 949/1/796
f 958/1/805 2998/1/2432 4239/1/3344 2997/1/2431
f 2998/1/2432 955/1/802 2991/1/2425 4239/1/3344
f 4239/1/3344 2991/1/2425 947/1/794 2983/1/2417
f 2997/1/2431 4239/1/3344 2983/1/2417 950/1/797
f 960/1/807 3002/1/2434 4240/1/2434 3001/1/807
f 3002/1/2434 961/1/808 3003/1/808 4240/1/2434
f 4240/1/2434 3003/1/808 957/1/804 2994/1/2428
f 3001/1/807 4240/1/2434 2994/1/2428 956/1/803
f 961/1/808 3004/1/2435 4241/1/2435 3003/1/808
f 3004/1/2435 962/1/809 3005/1/809 4241/1/2435
f 4241/1/2435 3005/1/809 958/1/805 2996/1/2430
f 3003/1/808 4241/1/2435 2996/1/2430 957/1/804
f 962/1/809 3006/1/2436 4242/1/2436 3005/1/809
f 3006/1/2436 959/1/806 2999/1/806 4242/1/2436
f 4242/1/2436 2999/1/806 955/1/802 2998/1/2432
f 3005/1/809 4242/1/2436 2998/1/2432 958/1/805
f 963/1/806 3008/1/2433 4243/1/2433 3007/1/806
f 3008/1/2433 964/1/807 3009/1/807 4243/1/2433
f 4243/1/2433 3009/1/807 960/1/807 3000/1/2433
f 3007/1/806 4243/1/2433 3000/1/2433 959/1/806
f 964/1/807 3010/1/2434 4244/1/2434 3009/1/807
f 3010/1/2434 965/1/808 3011/1/808 4244/1/2434
f 4244/1/2434 3011/1/808 961/1/808 3002/1/2434
f 3009/1/807 4244/1/2434 3002/1/2434 960/1/807
f 965/1/808 3012/1/2435 4245/1/2435 3011/1/808
f 3012/1/2435 966/1/809 3013/1/809 4245/1/2435
f 4245/1/2435 3013/1/809 962/1/809 3004/1/2435
f 3011/1/808 4245/1/2435 3004/1/2435 961/1/808
f 966/1/809 3014/1/2436 4246/1/2436 3013/1/809
f 3014/1/2436 963/1/806 3007/1/806 4246/1/2436
f 4246/1/2436 3007/1/806 959/1/806 3006/1/2436
f 3013/1/809 4246/1/2436 3006/1/2436 962/1/809
f 967/1/806 3016/1/2433 4247/1/2433 3015/1/806
f 3016/1/2433 968/1/807 3017/1/807 4247/1/2433
f 4247/1/2433 3017/1/807 964/1/807 3008/1/2433
f 3015/1/806 4247/1/2433 3008/1/2433 963/1/806
f 968/1/807 3018/1/2434 4248/1/2434 3017/1/807
f 3018/1/2434 969/1/808 3019/1/808 4248/1/2434
f 4248/1/2434 3019/1/808 965/1/808 3010/1/2434
f 3017/1/807 4248/1/2434 3010/1/2434 964/1/807
f 969/1/808 3020/1/2435 4249/1/2435 3019/1/808
f 3020/1/2435 970/1/809 3021/1/809 4249/1/2435
f 4249/1/2435 3021/1/809 966/1/809 3012/1/2435
f 3019/1/808 4249/1/2435 3012/1/2435 965/1/808
f 970/1/809 3022/1/2436 4250/1/2436 3021/1/809
f 3022/1/2436 967/1/806 3015/1/806 4250/1/2436
f 4250/1/2436 3015/1/806 963/1/806 3014/1/2436
f 3021/1/809 4250/1/2436 3014/1/2436 966/1/809
f 971/1/806 3024/1/2433 4251/1/2433 3023/1/806
f 3024/1/2433 972/1/807 3025/1/807 4251/1/2433
f 4251/1/2433 3025/1/807 968/1/807 3016/1/2433
f 3023/1/806 4251/1/2433 3016/1/2433 967/1/806
f 972/1/807 3026/1/2434 4252/1/2434 3025/1/807
f 3026/1/2434 973/1/808 3027/1/808 4252/1/2434
f 4252/1/2434 3027/1/808 969/1/808 3018/1/2434
f 3025/1/807 4252/1/2434 3018/1/2434 968/1/807
f 973/1/808 3028/1/2435 4253/1/2435 3027/1/808
f 3028/1/2435 974/1/809 3029/1/809 4253/1/2435
f 4253/1/2435 3029/1/809 970/1/809 3020/1/2435
f 3027/1/808 4253/1/2435 3020/1/2435 969/1/808
f 974/1/809 3030/1/2436 4254/1/2436 3029/1/809
f 3030/1/2436 971/1/806 3023/1/806 4254/1/2436
f 4254/1/2436 3023/1/806 967/1/806 3022/1/2436
f 3029/1/809 4254/1/2436 3022/1/2436 970/1/809
f 975/1/806 3032/1/2433 4255/1/2433 3031/1/806
f 3032/1/2433 976/1/807 3033/1/807 4255/1/2433
f 4255/1/2433 3033/1/807 972/1/807 3024/1/2433
f 3031/1/806 4255/1/2433 3024/1/2433 971/1/806
f 976/1/807 3034/1/2434 4256/1/2434 3033/1/807
f 3034/1/2434 977/1/808 3035/1/808 4256/1/2434
f 4256/1/2434 3035/1/808 973/1/808 3026/1/2434
f 3033/1/807 4256/1/2434 3026/1/2434 972/1/807
f 977/1/808 3036/1/2435 4257/1/2435 3035/1/808
f 3036/1/2435 978/1/809 3037/1/809 4257/1/2435
f 4257/1/2435 3037/1/809 974/1/809 3028/1/2435
f 3035/1/808 4257/1/2435 3028/1/2435 973/1/808
f 978/1/809 3038/1/2436 4258/1/2436 3037/1/809
f 3038/1/2436 975/1/806 3031/1/806 4258/1/2436
f 4258/1/2436 3031/1/806 971/1/806 3030/1/2436
f 3037/1/809 4258/1/2436 3030/1/2436 974/1/809
f 979/1/806 3040/1/2433 4259/1/2433 3039/1/806
f 3040/1/2433 980/1/807 3041/1/807 4259/1/2433
f 4259/1/2433 3041/1/807 976/1/807 3032/1/2433
f 3039/1/806 4259/1/2433 3032/1/2433 975/1/806
f 980/1/807 3042/1/2434 4260/1/2434 3041/1/807
f 3042/1/2434 981/1/808 3043/1/808 4260/1/2434
f 4260/1/2434 3043/1/808 977/1/808 3034/1/2434
f 3041/1/807 4260/1/2434 3034/1/2434 976/1/807
f 981/1/808 3044/1/2435 4261/1/2435 3043/1/808
f 3044/1/2435 982/1/809 3045/1/809 4261/1/2435
f 4261/1/2435 3045/1/809 978/1/809 3036/1/2435
f 3043/1/808 4261/1/2435 3036/1/2435 977/1/808
f 982/1/809 3046/1/2436 4262/1/2436 3045/1/809
f 3046/1/2436 979/1/806 3039/1/806 4262/1/2436
f 4262/1/2436 3039/1/806 975/1/806 3038/1/2436
f 3045/1/809 4262/1/2436 3038/1/2436 978/1/809
f 983/1/806 3048/1/2433 4263/1/2433 3047/1/806
f 3048/1/2433 984/1/807 3049/1/807 4263/1/2433
f 4263/1/2433 3049/1/807 980/1/807 3040/1/2433
f 3047/1/806 4263/1/2433 3040/1/2433 979/1/806
f 984/1/807 3050/1/2434 4264/1/2434 3049/1/807
f 3050/1/2434 985/1/808 3051/1/808 4264/1/2434
f 4264/1/2434 3051/1/808 981/1/808 3042/1/2434
f 3049/1/807 4264/1/2434 3042/1/2434 980/1/807
f 985/1/808 3052/1/2435 4265/1/2435 3051/1/808
f 3052/1/2435 986/1/809 3053/1/809 4265/1/2435
f 4265/1/2435 3053/1/809 982/1/809 3044/1/2435
f 3051/1/808 4265/1/2435 3044/1/2435 981/1/808
f 986/1/809 3054/1/2436 4266/1/2436 3053/1/809
f 3054/1/2436 983/1/806 3047/1/806 4266/1/2436
f 4266/1/2436 3047/1/806 979/1/806 3046/1/2436
f 3053/1/809 4266/1/2436 3046/1/2436 982/1/809
f 987/1/806 3056/1/2433 4267/1/2433 3055/1/806
f 3056/1/2433 988/1/807 3057/1/807 4267/1/2433
f 4267/1/2433 3057/1/807 984/1/807 3048/1/2433
f 3055/1/806 4267/1/2433 3048/1/2433 983/1/806
f 988/1/807 3058/1/2434 4268/1/2434 3057/1/807
f 3058/1/2434 989/1/808 3059/1/808 4268/1/2434
f 4268/1/2434 3059/1/808 985/1/808 3050/1/2434
f 3057/1/807 4268/1/2434 3050/1/2434 984/1/807
f 989/1/808 3060/1/2435 4269/1/2435 3059/1/808
f 3060/1/2435 990/1/809 3061/1/809 4269/1/2435
f 4269/1/2435 3061/1/809 986/1/809 3052/1/2435
f 3059/1/808 4269/1/2435 3052/1/2435 985/1/808
f 990/1/809 3062/1/2436 4270/1/2436 3061/1/809
f 3062/1/2436 987/1/806 3055/1/806 4270/1/2436
f 4270/1/2436 3055/1/806 983/1/806 3054/1/2436
f 3061/1/809 4270/1/2436 3054/1/2436 986/1/809
f 991/1/810 3064/1/2437 4271/1/2433 3063/1/806
f 3064/1/2437 992/1/811 3065/1/807 4271/1/2433
f 4271/1/2433 3065/1/807 988/1/807 3056/1/2433
f 3063/1/806 4271/1/2433 3056/1/2433 987/1/806
f 992/1/811 3066/1/2438 4272/1/2434 3065/1/807
f 3066/1/2438 993/1/812 3067/1/808 4272/1/2434
f 4272/1/2434 3067/1/808 989/1/808 3058/1/2434
f 3065/1/807 4272/1/2434 3058/1/2434 988/1/807
f 993/1/812 3068/1/2439 4273/1/2435 3067/1/808
f 3068/1/2439 994/1/813 3069/1/809 4273/1/2435
f 4273/1/2435 3069/1/809 990/1/809 3060/1/2435
f 3067/1/808 4273/1/2435 3060/1/2435 989/1/808
f 994/1/813 3070/1/2440 4274/1/2436 3069/1/809
f 3070/1/2440 991/1/810 3063/1/806 4274/1/2436
f 4274/1/2436 3063/1/806 987/1/806 3062/1/2436
f 3069/1/809 4274/1/2436 3062/1/2436 990/1/809
f 995/1/814 3072/1/2442 4275/1/3345 3071/1/2441
f 3072/1/2442 996/1/815 3073/1/2443 4275/1/3345
f 4275/1/3345 3073/1/2443 992/1/811 3064/1/2437
f 3071/1/2441 4275/1/3345 3064/1/2437 991/1/810
f 996/1/815 3074/1/2444 4276/1/3346 3073/1/2443
f 3074/1/2444 997/1/816 3075/1/2445 4276/1/3346
f 4276/1/3346 3075/1/2445 993/1/812 3066/1/2438
f 3073/1/2443 4276/1/3346 3066/1/2438 992/1/811
f 997/1/816 3076/1/2446 4277/1/3347 3075/1/2445
f 3076/1/2446 998/1/817 3077/1/2447 4277/1/3347
f 4277/1/3347 3077/1/2447 994/1/813 3068/1/2439
f 3075/1/2445 4277/1/3347 3068/1/2439 993/1/812
f 998/1/817 3078/1/2448 4278/1/3348 3077/1/2447
f 3078/1/2448 995/1/814 3071/1/2441 4278/1/3348
f 4278/1/3348 3071/1/2441 991/1/810 3070/1/2440
f 3077/1/2447 4278/1/3348 3070/1/2440 994/1/813
f 1015/1/834 3107/1/834 4279/1/2477 3108/1/2477
f 3107/1/834 1011/1/830 3100/1/2470 4279/1/2477
f 4279/1/2477 3100/1/2470 1012/1/831 3109/1/835
f 3108/1/2477 4279/1/2477 3109/1/835 1016/1/835
f 999/1/818 3080/1/2450 4280/1/3349 3079/1/2449
f 3080/1/2450 1000/1/819 3081/1/2451 4280/1/3349
f 4280/1/3349 3081/1/2451 996/1/815 3072/1/2442
f 3079/1/2449 4280/1/3349 3072/1/2442 995/1/814
f 1000/1/819 3082/1/2452 4281/1/3350 3081/1/2451
f 3082/1/2452 1001/1/820 3083/1/2453 4281/1/3350
f 4281/1/3350 3083/1/2453 997/1/816 3074/1/2444
f 3081/1/2451 4281/1/3350 3074/1/2444 996/1/815
f 1001/1/820 3084/1/2454 4282/1/3351 3083/1/2453
f 3084/1/2454 1002/1/821 3085/1/2455 4282/1/3351
f 4282/1/3351 3085/1/2455 998/1/817 3076/1/2446
f 3083/1/2453 4282/1/3351 3076/1/2446 997/1/816
f 1002/1/821 3086/1/2456 4283/1/3352 3085/1/2455
f 3086/1/2456 999/1/818 3079/1/2449 4283/1/3352
f 4283/1/3352 3079/1/2449 995/1/814 3078/1/2448
f 3085/1/2455 4283/1/3352 3078/1/2448 998/1/817
f 951/1/798 2990/1/2424 4284/1/3353 3087/1/2457
f 2990/1/2424 952/1/799 3088/1/2458 4284/1/3353
f 4284/1/3353 3088/1/2458 1000/1/819 3080/1/2450
f 3087/1/2457 4284/1/3353 3080/1/2450 999/1/818
f 952/1/799 2989/1/2423 4285/1/3354 3088/1/2458
f 2989/1/2423 953/1/800 3089/1/2459 4285/1/3354
f 4285/1/3354 3089/1/2459 1001/1/820 3082/1/2452
f 3088/1/2458 4285/1/3354 3082/1/2452 1000/1/819
f 953/1/800 2988/1/2422 4286/1/3355 3089/1/2459
f 2988/1/2422 954/1/801 3090/1/2460 4286/1/3355
f 4286/1/3355 3090/1/2460 1002/1/821 3084/1/2454
f 3089/1/2459 4286/1/3355 3084/1/2454 1001/1/820
f 954/1/801 2987/1/2421 4287/1/3356 3090/1/2460
f 2987/1/2421 951/1/798 3087/1/2457 4287/1/3356
f 4287/1/3356 3087/1/2457 999/1/818 3086/1/2456
f 3090/1/2460 4287/1/3356 3086/1/2456 1002/1/821
f 1003/1/822 3091/1/2461 4288/1/3357 3092/1/2462
f 3091/1/2461 1006/1/825 3094/1/2464 4288/1/3357
f 4288/1/3357 3094/1/2464 1005/1/824 3093/1/2463
f 3092/1/2462 4288/1/3357 3093/1/2463 1004/1/823
f 1010/1/829 3095/1/2465 4289/1/3358 3096/1/2466
f 3095/1/2465 1007/1/826 3098/1/2468 4289/1/3358
f 4289/1/3358 3098/1/2468 1008/1/827 3097/1/2467
f 3096/1/2466 4289/1/3358 3097/1/2467 1009/1/828
f 1011/1/830 3099/1/2469 4290/1/3359 3100/1/2470
f 3099/1/2469 1003/1/822 3092/1/2462 4290/1/3359
f 4290/1/3359 3092/1/2462 1004/1/823 3101/1/2471
f 3100/1/2470 4290/1/3359 3101/1/2471 1012/1/831
f 1012/1/831 3101/1/2471 4291/1/3360 3102/1/2472
f 3101/1/2471 1004/1/823 3093/1/2463 4291/1/3360
f 4291/1/3360 3093/1/2463 1005/1/824 3103/1/2473
f 3102/1/2472 4291/1/3360 3103/1/2473 1013/1/832
f 1013/1/832 3103/1/2473 4292/1/3361 3104/1/2474
f 3103/1/2473 1005/1/824 3094/1/2464 4292/1/3361
f 4292/1/3361 3094/1/2464 1006/1/825 3105/1/2475
f 3104/1/2474 4292/1/3361 3105/1/2475 1014/1/833
f 1014/1/833 3105/1/2475 4293/1/3362 3106/1/2476
f 3105/1/2475 1006/1/825 3091/1/2461 4293/1/3362
f 4293/1/3362 3091/1/2461 1003/1/822 3099/1/2469
f 3106/1/2476 4293/1/3362 3099/1/2469 1011/1/830
f 1016/1/835 3109/1/835 4294/1/2478 3110/1/2478
f 3109/1/835 1012/1/831 3102/1/2472 4294/1/2478
f 4294/1/2478 3102/1/2472 1013/1/832 3111/1/836
f 3110/1/2478 4294/1/2478 3111/1/836 1017/1/836
f 1017/1/836 3111/1/836 4295/1/2479 3112/1/2479
f 3111/1/836 1013/1/832 3104/1/2474 4295/1/2479
f 4295/1/2479 3104/1/2474 1014/1/833 3113/1/837
f 3112/1/2479 4295/1/2479 3113/1/837 1018/1/837
f 1018/1/837 3113/1/837 4296/1/2480 3114/1/2480
f 3113/1/837 1014/1/833 3106/1/2476 4296/1/2480
f 4296/1/2480 3106/1/2476 1011/1/830 3107/1/834
f 3114/1/2480 4296/1/2480 3107/1/834 1015/1/834
f 1019/1/834 3115/1/834 4297/1/2477 3116/1/2477
f 3115/1/834 1015/1/834 3108/1/2477 4297/1/2477
f 4297/1/2477 3108/1/2477 1016/1/835 3117/1/835
f 3116/1/2477 4297/1/2477 3117/1/835 1020/1/835
f 1020/1/835 3117/1/835 4298/1/2478 3118/1/2478
f 3117/1/835 1016/1/835 3110/1/2478 4298/1/2478
f 4298/1/2478 3110/1/2478 1017/1/836 3119/1/836
f 3118/1/2478 4298/1/2478 3119/1/836 1021/1/836
f 1021/1/836 3119/1/836 4299/1/2479 3120/1/2479
f 3119/1/836 1017/1/836 3112/1/2479 4299/1/2479
f 4299/1/2479 3112/1/2479 1018/1/837 3121/1/837
f 3120/1/2479 4299/1/2479 3121/1/837 1022/1/837
f 1022/1/837 3121/1/837 4300/1/2480 3122/1/2480
f 3121/1/837 1018/1/837 3114/1/2480 4300/1/2480
f 4300/1/2480 3114/1/2480 1015/1/834 3115/1/834
f 3122/1/2480 4300/1/2480 3115/1/834 1019/1/834
f 1023/1/834 3123/1/834 4301/1/2477 3124/1/2477
f 3123/1/834 1019/1/834 3116/1/2477 4301/1/2477
f 4301/1/2477 3116/1/2477 1020/1/835 3125/1/835
f 3124/1/2477 4301/1/2477 3125/1/835 1024/1/835
f 1024/1/835 3125/1/835 4302/1/2478 3126/1/2478
f 3125/1/835 1020/1/835 3118/1/2478 4302/1/2478
f 4302/1/2478 3118/1/2478 1021/1/836 3127/1/836
f 3126/1/2478 4302/1/2478 3127/1/836 1025/1/836
f 1025/1/836 3127/1/836 4303/1/2479 3128/1/2479
f 3127/1/836 1021/1/836 3120/1/2479 4303/1/2479
f 4303/1/2479 3120/1/2479 1022/1/837 3129/1/837
f 3128/1/2479 4303/1/2479 3129/1/837 1026/1/837
f 1026/1/837 3129/1/837 4304/1/2480 3130/1/2480
f 3129/1/837 1022/1/837 3122/1/2480 4304/1/2480
f 4304/1/2480 3122/1/2480 1019/1/834 3123/1/834
f 3130/1/2480 4304/1/2480 3123/1/834 1023/1/834
f 1027/1/834 3131/1/834 4305/1/2477 3132/1/2477
f 3131/1/834 1023/1/834 3124/1/2477 4305/1/2477
f 4305/1/2477 3124/1/2477 1024/1/835 3133/1/835
f 3132/1/2477 4305/1/2477 3133/1/835 1028/1/835
f 1028/1/835 3133/1/835 4306/1/2478 3134/1/2478
f 3133/1/835 1024/1/835 3126/1/2478 4306/1/2478
f 4306/1/2478 3126/1/2478 1025/1/836 3135/1/836
f 3134/1/2478 4306/1/2478 3135/1/836 1029/1/836
f 1029/1/836 3135/1/836 4307/1/2479 3136/1/2479
f 3135/1/836 1025/1/836 3128/1/2479 4307/1/2479
f 4307/1/2479 3128/1/2479 1026/1/837 3137/1/837
f 3136/1/2479 4307/1/2479 3137/1/837 1030/1/837
f 1030/1/837 3137/1/837 4308/1/2480 3138/1/2480
f 3137/1/837 1026/1/837 3130/1/2480 4308/1/2480
f 4308/1/2480 3130/1/2480 1023/1/834 3131/1/834
f 3138/1/2480 4308/1/2480 3131/1/834 1027/1/834
f 1031/1/834 3139/1/834 4309/1/2477 3140/1/2477
f 3139/1/834 1027/1/834 3132/1/2477 4309/1/2477
f 4309/1/2477 3132/1/2477 1028/1/835 3141/1/835
f 3140/1/2477 4309/1/2477 3141/1/835 1032/1/835
f 1032/1/835 3141/1/835 4310/1/2478 3142/1/2478
f 3141/1/835 1028/1/835 3134/1/2478 4310/1/2478
f 4310/1/2478 3134/1/2478 1029/1/836 3143/1/836
f 3142/1/2478 4310/1/2478 3143/1/836 1033/1/836
f 1033/1/836 3143/1/836 4311/1/2479 3144/1/2479
f 3143/1/836 1029/1/836 3136/1/2479 4311/1/2479
f 4311/1/2479 3136/1/2479 1030/1/837 3145/1/837
f 3144/1/2479 4311/1/2479 3145/1/837 1034/1/837
f 1034/1/837 3145/1/837 4312/1/2480 3146/1/2480
f 3145/1/837 1030/1/837 3138/1/2480 4312/1/2480
f 4312/1/2480 3138/1/2480 1027/1/834 3139/1/834
f 3146/1/2480 4312/1/2480 3139/1/834 1031/1/834
f 1035/1/834 3147/1/834 4313/1/2477 3148/1/2477
f 3147/1/834 1031/1/834 3140/1/2477 4313/1/2477
f 4313/1/2477 3140/1/2477 1032/1/835 3149/1/835
f 3148/1/2477 4313/1/2477 3149/1/835 1036/1/835
f 1036/1/835 3149/1/835 4314/1/2478 3150/1/2478
f 3149/1/835 1032/1/835 3142/1/2478 4314/1/2478
f 4314/1/2478 3142/1/2478 1033/1/836 3151/1/836
f 3150/1/2478 4314/1/2478 3151/1/836 1037/1/836
f 1037/1/836 3151/1/836 4315/1/2479 3152/1/2479
f 3151/1/836 1033/1/836 3144/1/2479 4315/1/2479
f 4315/1/2479 3144/1/2479 1034/1/837 3153/1/837
f 3152/1/2479 4315/1/2479 3153/1/837 1038/1/837
f 1038/1/837 3153/1/837 4316/1/2480 3154/1/2480
f 3153/1/837 1034/1/837 3146/1/2480 4316/1/2480
f 4316/1/2480 3146/1/2480 1031/1/834 3147/1/834
f 3154/1/2480 4316/1/2480 3147/1/834 1035/1/834
f 1039/1/834 3155/1/834 4317/1/2477 3156/1/2477
f 3155/1/834 1035/1/834 3148/1/2477 4317/1/2477
f 4317/1/2477 3148/1/2477 1036/1/835 3157/1/835
f 3156/1/2477 4317/1/2477 3157/1/835 1040/1/835
f 1040/1/835 3157/1/835 4318/1/2478 3158/1/2478
f 3157/1/835 1036/1/835 3150/1/2478 4318/1/2478
f 4318/1/2478 3150/1/2478 1037/1/836 3159/1/836
f 3158/1/2478 4318/1/2478 3159/1/836 1041/1/836
f 1041/1/836 3159/1/836 4319/1/2479 3160/1/2479
f 3159/1/836 1037/1/836 3152/1/2479 4319/1/2479
f 4319/1/2479 3152/1/2479 1038/1/837 3161/1/837
f 3160/1/2479 4319/1/2479 3161/1/837 1042/1/837
f 1042/1/837 3161/1/837 4320/1/2480 3162/1/2480
f 3161/1/837 1038/1/837 3154/1/2480 4320/1/2480
f 4320/1/2480 3154/1/2480 1035/1/834 3155/1/834
f 3162/1/2480 4320/1/2480 3155/1/834 1039/1/834
f 1043/1/834 3163/1/834 4321/1/2477 3164/1/2477
f 3163/1/834 1039/1/834 3156/1/2477 4321/1/2477
f 4321/1/2477 3156/1/2477 1040/1/835 3165/1/835
f 3164/1/2477 4321/1/2477 3165/1/835 1044/1/835
f 1044/1/835 3165/1/835 4322/1/2478 3166/1/2478
f 3165/1/835 1040/1/835 3158/1/2478 4322/1/2478
f 4322/1/2478 3158/1/2478 1041/1/836 3167/1/836
f 3166/1/2478 4322/1/2478 3167/1/836 1045/1/836
f 1045/1/836 3167/1/836 4323/1/2479 3168/1/2479
f 3167/1/836 1041/1/836 3160/1/2479 4323/1/2479
f 4323/1/2479 3160/1/2479 1042/1/837 3169/1/837
f 3168/1/2479 4323/1/2479 3169/1/837 1046/1/837
f 1046/1/837 3169/1/837 4324/1/2480 3170/1/2480
f 3169/1/837 1042/1/837 3162/1/2480 4324/1/2480
f 4324/1/2480 3162/1/2480 1039/1/834 3163/1/834
f 3170/1/2480 4324/1/2480 3163/1/834 1043/1/834
f 1047/1/838 3171/1/834 4325/1/2477 3172/1/2481
f 3171/1/834 1043/1/834 3164/1/2477 4325/1/2477
f 4325/1/2477 3164/1/2477 1044/1/835 3173/1/835
f 3172/1/2481 4325/1/2477 3173/1/835 1048/1/839
f 1048/1/839 3173/1/835 4326/1/2478 3174/1/2482
f 3173/1/835 1044/1/835 3166/1/2478 4326/1/2478
f 4326/1/2478 3166/1/2478 1045/1/836 3175/1/836
f 3174/1/2482 4326/1/2478 3175/1/836 1049/1/840
f 1049/1/840 3175/1/836 4327/1/2479 3176/1/2483
f 3175/1/836 1045/1/836 3168/1/2479 4327/1/2479
f 4327/1/2479 3168/1/2479 1046/1/837 3177/1/837
f 3176/1/2483 4327/1/2479 3177/1/837 1050/1/841
f 1050/1/841 3177/1/837 4328/1/2480 3178/1/2484
f 3177/1/837 1046/1/837 3170/1/2480 4328/1/2480
f 4328/1/2480 3170/1/2480 1043/1/834 3171/1/834
f 3178/1/2484 4328/1/2480 3171/1/834 1047/1/838
f 1051/1/842 3179/1/2485 4329/1/3363 3180/1/2486
f 3179/1/2485 1047/1/838 3172/1/2481 4329/1/3363
f 4329/1/3363 3172/1/2481 1048/1/839 3181/1/2487
f 3180/1/2486 4329/1/3363 3181/1/2487 1052/1/843
f 1052/1/843 3181/1/2487 4330/1/3364 3182/1/2488
f 3181/1/2487 1048/1/839 3174/1/2482 4330/1/3364
f 4330/1/3364 3174/1/2482 1049/1/840 3183/1/2489
f 3182/1/2488 4330/1/3364 3183/1/2489 1053/1/844
f 1053/1/844 3183/1/2489 4331/1/3365 3184/1/2490
f 3183/1/2489 1049/1/840 3176/1/2483 4331/1/3365
f 4331/1/3365 3176/1/2483 1050/1/841 3185/1/2491
f 3184/1/2490 4331/1/3365 3185/1/2491 1054/1/845
f 1054/1/845 3185/1/2491 4332/1/3366 3186/1/2492
f 3185/1/2491 1050/1/841 3178/1/2484 4332/1/3366
f 4332/1/3366 3178/1/2484 1047/1/838 3179/1/2485
f 3186/1/2492 4332/1/3366 3179/1/2485 1051/1/842
f 1055/1/846 3187/1/2493 4333/1/3367 3188/1/2494
f 3187/1/2493 1051/1/842 3180/1/2486 4333/1/3367
f 4333/1/3367 3180/1/2486 1052/1/843 3189/1/2495
f 3188/1/2494 4333/1/3367 3189/1/2495 1056/1/847
f 1056/1/847 3189/1/2495 4334/1/3368 3190/1/2496
f 3189/1/2495 1052/1/843 3182/1/2488 4334/1/3368
f 4334/1/3368 3182/1/2488 1053/1/844 3191/1/2497
f 3190/1/2496 4334/1/3368 3191/1/2497 1057/1/848
f 1057/1/848 3191/1/2497 4335/1/3369 3192/1/2498
f 3191/1/2497 1053/1/844 3184/1/2490 4335/1/3369
f 4335/1/3369 3184/1/2490 1054/1/845 3193/1/2499
f 3192/1/2498 4335/1/3369 3193/1/2499 1058/1/849
f 1058/1/849 3193/1/2499 4336/1/3370 3194/1/2500
f 3193/1/2499 1054/1/845 3186/1/2492 4336/1/3370
f 4336/1/3370 3186/1/2492 1051/1/842 3187/1/2493
f 3194/1/2500 4336/1/3370 3187/1/2493 1055/1/846
f 1007/1/826 3195/1/2501 4337/1/3371 3098/1/2468
f 3195/1/2501 1055/1/846 3188/1/2494 4337/1/3371
f 4337/1/3371 3188/1/2494 1056/1/847 3196/1/2502
f 3098/1/2468 4337/1/3371 3196/1/2502 1008/1/827
f 1008/1/827 3196/1/2502 4338/1/3372 3097/1/2467
f 3196/1/2502 1056/1/847 3190/1/2496 4338/1/3372
f 4338/1/3372 3190/1/2496 1057/1/848 3197/1/2503
f 3097/1/2467 4338/1/3372 3197/1/2503 1009/1/828
f 1009/1/828 3197/1/2503 4339/1/3373 3096/1/2466
f 3197/1/2503 1057/1/848 3192/1/2498 4339/1/3373
f 4339/1/3373 3192/1/2498 1058/1/849 3198/1/2504
f 3096/1/2466 4339/1/3373 3198/1/2504 1010/1/829
f 1010/1/829 3198/1/2504 4340/1/3374 3095/1/2465
f 3198/1/2504 1058/1/849 3194/1/2500 4340/1/3374
f 4340/1/3374 3194/1/2500 1055/1/846 3195/1/2501
f 3095/1/2465 4340/1/3374 3195/1/2501 1007/1/826
f 8/1/8 1114/1/905 4373/1/3407 3279/1/2585
f 1114/1/905 5/1/5 3280/1/2586 4373/1/3407
f 4373/1/3407 3280/1/2586 1059/1/850 3200/1/2506
f 3279/1/2585 4373/1/3407 3200/1/2506 1069/1/860
f 5/1/5 1111/1/902 4375/1/3409 3280/1/2586
f 1111/1/902 6/1/6 3281/1/2587 4375/1/3409
f 4375/1/3409 3281/1/2587 1062/1/853 3206/1/2512
f 3280/1/2586 4375/1/3409 3206/1/2512 1059/1/850
f 6/1/6 1112/1/903 4376/1/3410 3281/1/2587
f 1112/1/903 7/1/7 3282/1/2588 4376/1/3410
f 4376/1/3410 3282/1/2588 1065/1/856 3211/1/2517
f 3281/1/2587 4376/1/3410 3211/1/2517 1062/1/853
f 7/1/7 1113/1/904 4377/1/3411 3282/1/2588
f 1113/1/904 8/1/8 3279/1/2585 4377/1/3411
f 4377/1/3411 3279/1/2585 1069/1/860 3216/1/2522
f 3282/1/2588 4377/1/3411 3216/1/2522 1065/1/856
f 52/1/24 3283/1/2589 4378/1/3412 1198/1/925
f 3283/1/2589 1080/1/871 3225/1/2531 4378/1/3412
f 4378/1/3412 3225/1/2531 1072/1/863 3284/1/2590
f 1198/1/925 4378/1/3412 3284/1/2590 49/1/21
f 49/1/21 3284/1/2590 4380/1/3414 1195/1/922
f 3284/1/2590 1072/1/863 3230/1/2536 4380/1/3414
f 4380/1/3414 3230/1/2536 1075/1/866 3285/1/2591
f 1195/1/922 4380/1/3414 3285/1/2591 50/1/22
f 50/1/22 3285/1/2591 4381/1/3415 1196/1/923
f 3285/1/2591 1075/1/866 3235/1/2541 4381/1/3415
f 4381/1/3415 3235/1/2541 1078/1/869 3286/1/2592
f 1196/1/923 4381/1/3415 3286/1/2592 51/1/23
f 51/1/23 3286/1/2592 4382/1/3416 1197/1/924
f 3286/1/2592 1078/1/869 3238/1/2544 4382/1/3416
f 4382/1/3416 3238/1/2544 1080/1/871 3283/1/2589
f 1197/1/924 4382/1/3416 3283/1/2589 52/1/24
f 847/1/762 3291/1/2597 4384/1/3418 2787/1/2374
f 3291/1/2597 1095/1/886 3275/1/2581 4384/1/3418
f 4384/1/3418 3275/1/2581 1098/1/889 3292/1/2598
f 2787/1/2374 4384/1/3418 3292/1/2598 848/1/763
f 850/1/765 3293/1/2599 4386/1/3420 2790/1/2377
f 3293/1/2599 1105/1/896 3278/1/2584 4386/1/3420
f 4386/1/3420 3278/1/2584 1095/1/886 3291/1/2597
f 2790/1/2377 4386/1/3420 3291/1/2597 847/1/762
f 848/1/763 3292/1/2598 4387/1/3421 2788/1/2375
f 3292/1/2598 1098/1/889 3270/1/2576 4387/1/3421
f 4387/1/3421 3270/1/2576 1101/1/892 3294/1/2600
f 2788/1/2375 4387/1/3421 3294/1/2600 849/1/764
f 849/1/764 3294/1/2600 4388/1/3422 2789/1/2376
f 3294/1/2600 1101/1/892 3265/1/2571 4388/1/3422
f 4388/1/3422 3265/1/2571 1105/1/896 3293/1/2599
f 2789/1/2376 4388/1/3422 3293/1/2599 850/1/765
f 612/1/553 2555/1/2151 4389/1/3423 2289/1/1948
f 2555/1/2151 730/1/647 2547/1/2143 4389/1/3423
f 4389/1/3423 2547/1/2143 729/1/646 2554/1/2150
f 2289/1/1948 4389/1/3423 2554/1/2150 611/1/552
f 651/1/590 2364/1/2011 4390/1/3424 2370/1/2017
f 2364/1/2011 652/1/591 2371/1/2018 4390/1/3424
f 4390/1/3424 2371/1/2018 636/1/575 2330/1/1977
f 2370/1/2017 4390/1/3424 2330/1/1977 635/1/574
f 9/1/9 1116/1/906 4391/1/906 1115/1/9
f 1116/1/906 10/1/10 1117/1/10 4391/1/906
f 4391/1/906 1117/1/10 6/1/6 1111/1/902
f 1115/1/9 4391/1/906 1111/1/902 5/1/5
f 959/1/806 3000/1/2433 4392/1/2433 2999/1/806
f 3000/1/2433 960/1/807 3001/1/807 4392/1/2433
f 4392/1/2433 3001/1/807 956/1/803 2992/1/2426
f 2999/1/806 4392/1/2433 2992/1/2426 955/1/802
f 895/1/786 2876/1/2405 4393/1/2405 2875/1/786
f 2876/1/2405 896/1/787 2877/1/787 4393/1/2405
f 4393/1/2405 2877/1/787 892/1/783 2868/1/2398
f 2875/1/786 4393/1/2405 2868/1/2398 891/1/782
usemtl Black_Matt
f 1069/1/860 3200/1/2506 4341/1/3375 3199/1/2505
f 3200/1/2506 1059/1/850 3201/1/2507 4341/1/3375
f 4341/1/3375 3201/1/2507 1061/1/852 3202/1/2508
f 3199/1/2505 4341/1/3375 3202/1/2508 1070/1/861
f 1070/1/861 3202/1/2508 4342/1/3376 3203/1/2509
f 3202/1/2508 1061/1/852 3204/1/2510 4342/1/3376
f 4342/1/3376 3204/1/2510 1060/1/851 3205/1/2511
f 3203/1/2509 4342/1/3376 3205/1/2511 1068/1/859
f 1059/1/850 3206/1/2512 4343/1/3377 3201/1/2507
f 3206/1/2512 1062/1/853 3207/1/2513 4343/1/3377
f 4343/1/3377 3207/1/2513 1064/1/855 3208/1/2514
f 3201/1/2507 4343/1/3377 3208/1/2514 1061/1/852
f 1061/1/852 3208/1/2514 4344/1/3378 3204/1/2510
f 3208/1/2514 1064/1/855 3209/1/2515 4344/1/3378
f 4344/1/3378 3209/1/2515 1063/1/854 3210/1/2516
f 3204/1/2510 4344/1/3378 3210/1/2516 1060/1/851
f 1062/1/853 3211/1/2517 4345/1/3379 3207/1/2513
f 3211/1/2517 1065/1/856 3212/1/2518 4345/1/3379
f 4345/1/3379 3212/1/2518 1067/1/858 3213/1/2519
f 3207/1/2513 4345/1/3379 3213/1/2519 1064/1/855
f 1064/1/855 3213/1/2519 4346/1/3380 3209/1/2515
f 3213/1/2519 1067/1/858 3214/1/2520 4346/1/3380
f 4346/1/3380 3214/1/2520 1066/1/857 3215/1/2521
f 3209/1/2515 4346/1/3380 3215/1/2521 1063/1/854
f 1065/1/856 3216/1/2522 4347/1/3381 3212/1/2518
f 3216/1/2522 1069/1/860 3199/1/2505 4347/1/3381
f 4347/1/3381 3199/1/2505 1070/1/861 3217/1/2523
f 3212/1/2518 4347/1/3381 3217/1/2523 1067/1/858
f 1067/1/858 3217/1/2523 4348/1/3382 3214/1/2520
f 3217/1/2523 1070/1/861 3203/1/2509 4348/1/3382
f 4348/1/3382 3203/1/2509 1068/1/859 3218/1/2524
f 3214/1/2520 4348/1/3382 3218/1/2524 1066/1/857
f 1081/1/872 3220/1/2526 4349/1/3383 3219/1/2525
f 3220/1/2526 1071/1/862 3221/1/2527 4349/1/3383
f 4349/1/3383 3221/1/2527 1073/1/864 3222/1/2528
f 3219/1/2525 4349/1/3383 3222/1/2528 1082/1/873
f 1082/1/873 3222/1/2528 4350/1/3384 3223/1/2529
f 3222/1/2528 1073/1/864 3224/1/2530 4350/1/3384
f 4350/1/3384 3224/1/2530 1072/1/863 3225/1/2531
f 3223/1/2529 4350/1/3384 3225/1/2531 1080/1/871
f 1071/1/862 3226/1/2532 4351/1/3385 3221/1/2527
f 3226/1/2532 1074/1/865 3227/1/2533 4351/1/3385
f 4351/1/3385 3227/1/2533 1076/1/867 3228/1/2534
f 3221/1/2527 4351/1/3385 3228/1/2534 1073/1/864
f 1073/1/864 3228/1/2534 4352/1/3386 3224/1/2530
f 3228/1/2534 1076/1/867 3229/1/2535 4352/1/3386
f 4352/1/3386 3229/1/2535 1075/1/866 3230/1/2536
f 3224/1/2530 4352/1/3386 3230/1/2536 1072/1/863
f 1074/1/865 3231/1/2537 4353/1/3387 3227/1/2533
f 3231/1/2537 1077/1/868 3232/1/2538 4353/1/3387
f 4353/1/3387 3232/1/2538 1079/1/870 3233/1/2539
f 3227/1/2533 4353/1/3387 3233/1/2539 1076/1/867
f 1076/1/867 3233/1/2539 4354/1/3388 3229/1/2535
f 3233/1/2539 1079/1/870 3234/1/2540 4354/1/3388
f 4354/1/3388 3234/1/2540 1078/1/869 3235/1/2541
f 3229/1/2535 4354/1/3388 3235/1/2541 1075/1/866
f 1077/1/868 3236/1/2542 4355/1/3389 3232/1/2538
f 3236/1/2542 1081/1/872 3219/1/2525 4355/1/3389
f 4355/1/3389 3219/1/2525 1082/1/873 3237/1/2543
f 3232/1/2538 4355/1/3389 3237/1/2543 1079/1/870
f 1079/1/870 3237/1/2543 4356/1/3390 3234/1/2540
f 3237/1/2543 1082/1/873 3223/1/2529 4356/1/3390
f 4356/1/3390 3223/1/2529 1080/1/871 3238/1/2544
f 3234/1/2540 4356/1/3390 3238/1/2544 1078/1/869
f 1090/1/881 3240/1/2546 4357/1/3391 3239/1/2545
f 3240/1/2546 1092/1/883 3241/1/2547 4357/1/3391
f 4357/1/3391 3241/1/2547 1094/1/885 3242/1/2548
f 3239/1/2545 4357/1/3391 3242/1/2548 1091/1/882
f 1091/1/882 3242/1/2548 4358/1/3392 3243/1/2549
f 3242/1/2548 1094/1/885 3244/1/2550 4358/1/3392
f 4358/1/3392 3244/1/2550 1093/1/884 3245/1/2551
f 3243/1/2549 4358/1/3392 3245/1/2551 1089/1/880
f 1087/1/878 3247/1/2553 4359/1/3393 3246/1/2552
f 3247/1/2553 1090/1/881 3239/1/2545 4359/1/3393
f 4359/1/3393 3239/1/2545 1091/1/882 3248/1/2554
f 3246/1/2552 4359/1/3393 3248/1/2554 1088/1/879
f 1088/1/879 3248/1/2554 4360/1/3394 3249/1/2555
f 3248/1/2554 1091/1/882 3243/1/2549 4360/1/3394
f 4360/1/3394 3243/1/2549 1089/1/880 3250/1/2556
f 3249/1/2555 4360/1/3394 3250/1/2556 1086/1/877
f 1084/1/875 3252/1/2558 4361/1/3395 3251/1/2557
f 3252/1/2558 1087/1/878 3246/1/2552 4361/1/3395
f 4361/1/3395 3246/1/2552 1088/1/879 3253/1/2559
f 3251/1/2557 4361/1/3395 3253/1/2559 1085/1/876
f 1085/1/876 3253/1/2559 4362/1/3396 3254/1/2560
f 3253/1/2559 1088/1/879 3249/1/2555 4362/1/3396
f 4362/1/3396 3249/1/2555 1086/1/877 3255/1/2561
f 3254/1/2560 4362/1/3396 3255/1/2561 1083/1/874
f 1092/1/883 3256/1/2562 4363/1/3397 3241/1/2547
f 3256/1/2562 1084/1/875 3251/1/2557 4363/1/3397
f 4363/1/3397 3251/1/2557 1085/1/876 3257/1/2563
f 3241/1/2547 4363/1/3397 3257/1/2563 1094/1/885
f 1094/1/885 3257/1/2563 4364/1/3398 3244/1/2550
f 3257/1/2563 1085/1/876 3254/1/2560 4364/1/3398
f 4364/1/3398 3254/1/2560 1083/1/874 3258/1/2564
f 3244/1/2550 4364/1/3398 3258/1/2564 1093/1/884
f 1102/1/893 3260/1/2566 4365/1/3399 3259/1/2565
f 3260/1/2566 1104/1/895 3261/1/2567 4365/1/3399
f 4365/1/3399 3261/1/2567 1106/1/897 3262/1/2568
f 3259/1/2565 4365/1/3399 3262/1/2568 1103/1/894
f 1103/1/894 3262/1/2568 4366/1/3400 3263/1/2569
f 3262/1/2568 1106/1/897 3264/1/2570 4366/1/3400
f 4366/1/3400 3264/1/2570 1105/1/896 3265/1/2571
f 3263/1/2569 4366/1/3400 3265/1/2571 1101/1/892
f 1099/1/890 3267/1/2573 4367/1/3401 3266/1/2572
f 3267/1/2573 1102/1/893 3259/1/2565 4367/1/3401
f 4367/1/3401 3259/1/2565 1103/1/894 3268/1/2574
f 3266/1/2572 4367/1/3401 3268/1/2574 1100/1/891
f 1100/1/891 3268/1/2574 4368/1/3402 3269/1/2575
f 3268/1/2574 1103/1/894 3263/1/2569 4368/1/3402
f 4368/1/3402 3263/1/2569 1101/1/892 3270/1/2576
f 3269/1/2575 4368/1/3402 3270/1/2576 1098/1/889
f 1096/1/887 3272/1/2578 4369/1/3403 3271/1/2577
f 3272/1/2578 1099/1/890 3266/1/2572 4369/1/3403
f 4369/1/3403 3266/1/2572 1100/1/891 3273/1/2579
f 3271/1/2577 4369/1/3403 3273/1/2579 1097/1/888
f 1097/1/888 3273/1/2579 4370/1/3404 3274/1/2580
f 3273/1/2579 1100/1/891 3269/1/2575 4370/1/3404
f 4370/1/3404 3269/1/2575 1098/1/889 3275/1/2581
f 3274/1/2580 4370/1/3404 3275/1/2581 1095/1/886
f 1104/1/895 3276/1/2582 4371/1/3405 3261/1/2567
f 3276/1/2582 1096/1/887 3271/1/2577 4371/1/3405
f 4371/1/3405 3271/1/2577 1097/1/888 3277/1/2583
f 3261/1/2567 4371/1/3405 3277/1/2583 1106/1/897
f 1106/1/897 3277/1/2583 4372/1/3406 3264/1/2570
f 3277/1/2583 1097/1/888 3274/1/2580 4372/1/3406
f 4372/1/3406 3274/1/2580 1095/1/886 3278/1/2584
f 3264/1/2570 4372/1/3406 3278/1/2584 1105/1/896
f 1060/1/851 3210/1/2516 4374/1/3408 3205/1/2511
f 3210/1/2516 1063/1/854 3215/1/2521 4374/1/3408
f 4374/1/3408 3215/1/2521 1066/1/857 3218/1/2524
f 3205/1/2511 4374/1/3408 3218/1/2524 1068/1/859
f 1071/1/862 3220/1/2526 4379/1/3413 3226/1/2532
f 3220/1/2526 1081/1/872 3236/1/2542 4379/1/3413
f 4379/1/3413 3236/1/2542 1077/1/868 3231/1/2537
f 3226/1/2532 4379/1/3413 3231/1/2537 1074/1/865
f 1083/1/874 3255/1/2561 4383/1/3417 3258/1/2564
f 3255/1/2561 1086/1/877 3250/1/2556 4383/1/3417
f 4383/1/3417 3250/1/2556 1089/1/880 3245/1/2551
f 3258/1/2564 4383/1/3417 3245/1/2551 1093/1/884
f 1096/1/887 3276/1/2582 4385/1/3419 3272/1/2578
f 3276/1/2582 1104/1/895 3260/1/2566 4385/1/3419
f 4385/1/3419 3260/1/2566 1102/1/893 3267/1/2573
f 3272/1/2578 4385/1/3419 3267/1/2573 1099/1/890
