# Rhino

mtllib table.mtl
usemtl lambert1
v -3.2007298469543457 0.43124681711196899 -6.7212042808532715
v -3.2007298469543457 0.83270663022994995 -6.7212042808532715
v 0 0.43124681711196899 -6.7212042808532715
v 0 0.83270663022994995 -6.7212042808532715
v 3.2007298469543457 0.43124681711196899 -6.7212042808532715
v 3.2007298469543457 0.83270663022994995 -6.7212042808532715
v -2.1338198184967041 0.43124681711196899 -6.7212042808532715
v -1.0669099092483521 0.43124681711196899 -6.7212042808532715
v 1.0669099092483521 0.43124681711196899 -6.7212042808532715
v 2.1338198184967041 0.43124681711196899 -6.7212042808532715
v 2.1338198184967041 0.83270663022994995 -6.7212042808532715
v 1.0669099092483521 0.83270663022994995 -6.7212042808532715
v -1.0669099092483521 0.83270663022994995 -6.7212042808532715
v -2.1338198184967041 0.83270663022994995 -6.7212042808532715
v -3.2007298469543457 0.83270663022994995 -6.7212042808532715
v -3.2007298469543457 0.83270663022994995 -7.3279948234558105
v 3.2007298469543457 0.83270663022994995 -6.7212042808532715
v 3.2007298469543457 0.83270663022994995 -7.3279948234558105
v -2.1338198184967041 0.83270663022994995 -6.7212042808532715
v -1.0669099092483521 0.83270663022994995 -6.7212042808532715
v 0 0.83270663022994995 -6.7212042808532715
v 1.0669099092483521 0.83270663022994995 -6.7212042808532715
v 2.1338198184967041 0.83270663022994995 -6.7212042808532715
v 3.2007298469543457 0.83270663022994995 -7.024599552154541
v 2.1338198184967041 0.83270663022994995 -7.024599552154541
v 2.6672749519348145 0.83270663022994995 -7.024599552154541
v 2.1338198184967041 0.83270663022994995 -6.8729019165039063
v 2.6672749519348145 0.83270663022994995 -6.8729019165039063
v 2.1338198184967041 0.83270663022994995 -7.1762971878051758
v 2.6672749519348145 0.83270663022994995 -7.1762971878051758
v -3.2007298469543457 0.83270663022994995 -7.024599552154541
v -2.1338198184967041 0.83270663022994995 -7.024599552154541
v -2.1338198184967041 0.83270663022994995 -7.1762971878051758
v -2.6672749519348145 0.83270663022994995 -7.024599552154541
v -2.6672749519348145 0.83270663022994995 -7.1762971878051758
v -2.1338198184967041 0.83270663022994995 -6.8729019165039063
v -2.6672749519348145 0.83270663022994995 -6.8729019165039063
v 2.1338198184967041 0.83270663022994995 -7.3279948234558105
v 1.0669099092483521 0.83270663022994995 -7.3279948234558105
v 0 0.83270663022994995 -7.3279948234558105
v -1.0669099092483521 0.83270663022994995 -7.3279948234558105
v -2.1338198184967041 0.83270663022994995 -7.3279948234558105
v -3.2007298469543457 0.83270663022994995 -7.3279948234558105
v -3.2007298469543457 0.43124681711196899 -7.3279948234558105
v 0 0.83270663022994995 -7.3279948234558105
v 0 0.43124681711196899 -7.3279948234558105
v 3.2007298469543457 0.83270663022994995 -7.3279948234558105
v 3.2007298469543457 0.43124681711196899 -7.3279948234558105
v -2.1338198184967041 0.83270663022994995 -7.3279948234558105
v -1.0669099092483521 0.83270663022994995 -7.3279948234558105
v 1.0669099092483521 0.83270663022994995 -7.3279948234558105
v 2.1338198184967041 0.83270663022994995 -7.3279948234558105
v 2.1338198184967041 0.43124681711196899 -7.3279948234558105
v 1.0669099092483521 0.43124681711196899 -7.3279948234558105
v -1.0669099092483521 0.43124681711196899 -7.3279948234558105
v -2.1338198184967041 0.43124681711196899 -7.3279948234558105
v -3.2007298469543457 0.43124681711196899 -7.3279948234558105
v -3.2007298469543457 0.43124681711196899 -6.7212042808532715
v -1.0669099092483521 0.43124681711196899 -6.7212042808532715
v 1.0669099092483521 0.43124681711196899 -6.7212042808532715
v 3.2007298469543457 0.43124681711196899 -7.3279948234558105
v 3.2007298469543457 0.43124681711196899 -6.7212042808532715
v 2.1338198184967041 0.43124681711196899 -6.7212042808532715
v 0 0.43124681711196899 -6.7212042808532715
v -2.1338198184967041 0.43124681711196899 -6.7212042808532715
v -3.2007298469543457 0.43124681711196899 -7.024599552154541
v -2.1338198184967041 0.43124681711196899 -7.024599552154541
v -2.1338198184967041 0.43124681711196899 -6.8729019165039063
v -2.6672749519348145 0.43124681711196899 -7.024599552154541
v -2.6672749519348145 0.43124681711196899 -6.8729019165039063
v -2.1338198184967041 0.43124681711196899 -7.1762971878051758
v -2.6672749519348145 0.43124681711196899 -7.1762971878051758
v 3.2007298469543457 0.43124681711196899 -7.024599552154541
v 2.1338198184967041 0.43124681711196899 -7.024599552154541
v 2.6672749519348145 0.43124681711196899 -7.024599552154541
v 2.1338198184967041 0.43124681711196899 -7.1762971878051758
v 2.6672749519348145 0.43124681711196899 -7.1762971878051758
v 2.1338198184967041 0.43124681711196899 -6.8729019165039063
v 2.6672749519348145 0.43124681711196899 -6.8729019165039063
v -2.1338198184967041 0.43124681711196899 -7.3279948234558105
v -1.0669099092483521 0.43124681711196899 -7.3279948234558105
v 0 0.43124681711196899 -7.3279948234558105
v 1.0669099092483521 0.43124681711196899 -7.3279948234558105
v 2.1338198184967041 0.43124681711196899 -7.3279948234558105
v 3.2007298469543457 0.43124681711196899 -6.7212042808532715
v 3.2007298469543457 0.83270663022994995 -6.7212042808532715
v 3.2007298469543457 0.43124681711196899 -7.3279948234558105
v 3.2007298469543457 0.83270663022994995 -7.3279948234558105
v 3.2007298469543457 0.43124681711196899 -7.024599552154541
v 3.2007298469543457 0.83270663022994995 -7.024599552154541
v -3.2007298469543457 0.43124681711196899 -7.3279948234558105
v -3.2007298469543457 0.83270663022994995 -7.3279948234558105
v -3.2007298469543457 0.43124681711196899 -6.7212042808532715
v -3.2007298469543457 0.83270663022994995 -6.7212042808532715
v -3.2007298469543457 0.43124681711196899 -7.024599552154541
v -3.2007298469543457 0.83270663022994995 -7.024599552154541
vt 0.08658231794834137 0.45670884847640991
vt 0.08658231794834137 0.51399272680282593
vt 0.54255872964859009 0.45670884847640991
vt 0.54255872964859009 0.51399272680282593
vt 0.99853515625 0.45670884847640991
vt 0.99853515625 0.51399272680282593
vt 0.23857446014881134 0.45670884847640991
vt 0.3905666172504425 0.45670884847640991
vt 0.69455087184906006 0.45670884847640991
vt 0.84654301404953003 0.45670884847640991
vt 0.84654301404953003 0.51399272680282593
vt 0.69455087184906006 0.51399272680282593
vt 0.3905666172504425 0.51399272680282593
vt 0.23857446014881134 0.51399272680282593
vt 0.08658231794834137 0.63855874538421631
vt 0.08658231794834137 0.72514104843139648
vt 0.99853515625 0.63855874538421631
vt 0.99853515625 0.72514104843139648
vt 0.23857446014881134 0.63855874538421631
vt 0.3905666172504425 0.63855874538421631
vt 0.54255872964859009 0.63855874538421631
vt 0.69455087184906006 0.63855874538421631
vt 0.84654301404953003 0.63855874538421631
vt 0.99853515625 0.6818498969078064
vt 0.84654301404953003 0.6818498969078064
vt 0.9225391149520874 0.6818498969078064
vt 0.84654301404953003 0.66020435094833374
vt 0.9225391149520874 0.66020435094833374
vt 0.84654301404953003 0.70349550247192383
vt 0.9225391149520874 0.70349550247192383
vt 0.08658231794834137 0.6818498969078064
vt 0.23857446014881134 0.6818498969078064
vt 0.23857446014881134 0.70349550247192383
vt 0.16257838904857635 0.6818498969078064
vt 0.16257838904857635 0.70349550247192383
vt 0.23857446014881134 0.66020435094833374
vt 0.16257838904857635 0.66020435094833374
vt 0.84654301404953003 0.72514104843139648
vt 0.69455087184906006 0.72514104843139648
vt 0.54255872964859009 0.72514104843139648
vt 0.3905666172504425 0.72514104843139648
vt 0.23857446014881134 0.72514104843139648
vt 0.08658231794834137 0.27485892176628113
vt 0.08658231794834137 0.33214280009269714
vt 0.54255872964859009 0.27485892176628113
vt 0.54255872964859009 0.33214280009269714
vt 0.99853515625 0.27485892176628113
vt 0.99853515625 0.33214280009269714
vt 0.23857446014881134 0.27485892176628113
vt 0.3905666172504425 0.27485892176628113
vt 0.69455087184906006 0.27485892176628113
vt 0.84654301404953003 0.27485892176628113
vt 0.84654301404953003 0.33214280009269714
vt 0.69455087184906006 0.33214280009269714
vt 0.3905666172504425 0.33214280009269714
vt 0.23857446014881134 0.33214280009269714
vt 0.08511747419834137 0
vt 0 0
vt 0 0.30398428440093994
vt 0 0.60796856880187988
vt 0.08511747419834137 0.91195285320281982
vt 0 0.91195285320281982
vt 0 0.75996071100234985
vt 0 0.45597642660140991
vt 0 0.15199214220046997
vt 0.042558737099170685 0
vt 0.042558737099170685 0.15199214220046997
vt 0.021279368549585342 0.15199214220046997
vt 0.042558737099170685 0.075996071100234985
vt 0.021279368549585342 0.075996071100234985
vt 0.063838101923465729 0.15199214220046997
vt 0.063838101923465729 0.075996071100234985
vt 0.042558737099170685 0.91195285320281982
vt 0.042558737099170685 0.75996071100234985
vt 0.042558737099170685 0.83595681190490723
vt 0.063838101923465729 0.75996071100234985
vt 0.063838101923465729 0.83595681190490723
vt 0.021279368549585342 0.75996071100234985
vt 0.021279368549585342 0.83595681190490723
vt 0.08511747419834137 0.15199214220046997
vt 0.08511747419834137 0.30398428440093994
vt 0.08511747419834137 0.45597642660140991
vt 0.08511747419834137 0.60796856880187988
vt 0.08511747419834137 0.75996071100234985
vt 0.6005750298500061 0
vt 0.54329115152359009 0
vt 0.6005750298500061 0.08658231794834137
vt 0.54329115152359009 0.08658231794834137
vt 0.6005750298500061 0.043291158974170685
vt 0.54329115152359009 0.043291158974170685
vt 0.14386619627475739 0
vt 0.08658231794834137 0
vt 0.14386619627475739 0.08658231794834137
vt 0.08658231794834137 0.08658231794834137
vt 0.14386619627475739 0.043291158974170685
vt 0.08658231794834137 0.043291158974170685
vn 0 0 1
vn 0 0 1
vn 0 0 1
vn 0 0 1
vn 0 0 1
vn 0 0 1
vn 0 0 1
vn 0 0 1
vn 0 0 1
vn 0 0 1
vn 0 0 1
vn 0 0 1
vn 0 0 1
vn 0 0 1
vn 0 1 0
vn 0 1 0
vn 0 1 0
vn 0 1 0
vn 0 1 0
vn 0 1 0
vn 0 1 0
vn 0 1 0
vn 0 1 0
vn 0 1 0
vn 0 1 0
vn 0 1 0
vn 0 1 0
vn 0 1 0
vn 0 1 0
vn 0 1 0
vn 0 1 0
vn 0 1 0
vn 0 1 0
vn 0 1 0
vn 0 1 0
vn 0 1 0
vn 0 1 0
vn 0 1 0
vn 0 1 0
vn 0 1 0
vn 0 1 0
vn 0 1 0
vn 0 0 -1
vn 0 0 -1
vn 0 0 -1
vn 0 0 -1
vn 0 0 -1
vn 0 0 -1
vn 0 0 -1
vn 0 0 -1
vn 0 0 -1
vn 0 0 -1
vn 0 0 -1
vn 0 0 -1
vn 0 0 -1
vn 0 0 -1
vn 0 -1 0
vn 0 -1 0
vn 0 -1 0
vn 0 -1 0
vn 0 -1 0
vn 0 -1 0
vn 0 -1 0
vn 0 -1 0
vn 0 -1 0
vn 0 -1 0
vn 0 -1 0
vn 0 -1 0
vn 0 -1 0
vn 0 -1 0
vn 0 -1 0
vn 0 -1 0
vn 0 -1 0
vn 0 -1 0
vn 0 -1 0
vn 0 -1 0
vn 0 -1 0
vn 0 -1 0
vn 0 -1 0
vn 0 -1 0
vn 0 -1 0
vn 0 -1 0
vn 0 -1 0
vn 0 -1 0
vn 1 0 0
vn 1 0 0
vn 1 0 0
vn 1 0 0
vn 1 0 0
vn 1 0 0
vn -1 0 0
vn -1 0 0
vn -1 0 0
vn -1 0 0
vn -1 0 0
vn -1 0 0
f 1/1/1 7/7/7 14/14/14 2/2/2
f 7/7/7 8/8/8 13/13/13 14/14/14
f 4/4/4 13/13/13 8/8/8 3/3/3
f 9/9/9 10/10/10 11/11/11 12/12/12
f 10/10/10 5/5/5 6/6/6 11/11/11
f 12/12/12 4/4/4 3/3/3 9/9/9
f 33/33/33 35/35/35 34/34/34 32/32/32
f 32/32/32 34/34/34 37/37/37 36/36/36
f 30/30/30 29/29/29 25/25/25 26/26/26
f 26/26/26 25/25/25 27/27/27 28/28/28
f 31/31/31 15/15/15 37/37/37
f 15/15/15 19/19/19 36/36/36 37/37/37
f 37/37/37 34/34/34 31/31/31
f 36/36/36 19/19/19 20/20/20
f 36/36/36 20/20/20 32/32/32
f 41/41/41 20/20/20 21/21/21 40/40/40
f 16/16/16 31/31/31 34/34/34 35/35/35
f 42/42/42 16/16/16 35/35/35 33/33/33
f 41/41/41 33/33/33 32/32/32
f 33/33/33 41/41/41 42/42/42
f 41/41/41 32/32/32 20/20/20
f 25/25/25 22/22/22 27/27/27
f 23/23/23 27/27/27 22/22/22
f 39/39/39 22/22/22 25/25/25
f 28/28/28 23/23/23 17/17/17
f 28/28/28 24/24/24 26/26/26
f 24/24/24 28/28/28 17/17/17
f 23/23/23 28/28/28 27/27/27
f 22/22/22 39/39/39 40/40/40 21/21/21
f 39/39/39 25/25/25 29/29/29
f 38/38/38 39/39/39 29/29/29
f 24/24/24 18/18/18 30/30/30 26/26/26
f 30/30/30 18/18/18 38/38/38
f 29/29/29 30/30/30 38/38/38
f 49/49/49 56/56/56 44/44/44 43/43/43
f 50/50/50 55/55/55 56/56/56 49/49/49
f 45/45/45 46/46/46 55/55/55 50/50/50
f 52/52/52 53/53/53 54/54/54 51/51/51
f 47/47/47 48/48/48 53/53/53 52/52/52
f 51/51/51 54/54/54 46/46/46 45/45/45
f 68/68/68 70/70/70 69/69/69 67/67/67
f 67/67/67 69/69/69 72/72/72 71/71/71
f 79/79/79 78/78/78 74/74/74 75/75/75
f 75/75/75 74/74/74 76/76/76 77/77/77
f 66/66/66 57/57/57 72/72/72
f 57/57/57 80/80/80 71/71/71 72/72/72
f 72/72/72 69/69/69 66/66/66
f 71/71/71 80/80/80 81/81/81
f 71/71/71 81/81/81 67/67/67
f 64/64/64 59/59/59 81/81/81 82/82/82
f 58/58/58 66/66/66 69/69/69 70/70/70
f 65/65/65 58/58/58 70/70/70
f 59/59/59 68/68/68 67/67/67
f 68/68/68 59/59/59 65/65/65
f 59/59/59 67/67/67 81/81/81
f 70/70/70 68/68/68 65/65/65
f 74/74/74 83/83/83 76/76/76
f 84/84/84 76/76/76 83/83/83
f 60/60/60 83/83/83 74/74/74
f 77/77/77 84/84/84 61/61/61
f 77/77/77 73/73/73 75/75/75
f 73/73/73 77/77/77 61/61/61
f 84/84/84 77/77/77 76/76/76
f 60/60/60 64/64/64 82/82/82 83/83/83
f 60/60/60 74/74/74 78/78/78
f 63/63/63 60/60/60 78/78/78
f 73/73/73 62/62/62 79/79/79 75/75/75
f 79/79/79 62/62/62 63/63/63
f 78/78/78 79/79/79 63/63/63
f 90/90/90 86/86/86 85/85/85 89/89/89
f 89/89/89 87/87/87 88/88/88 90/90/90
f 91/91/91 95/95/95 96/96/96 92/92/92
f 94/94/94 96/96/96 95/95/95 93/93/93
usemtl lambert1
v -3.2007300853729248 0.43125015497207642 -6.7212042808532715
v -2.7992701530456543 0.43125015497207642 -6.7212042808532715
v -2.7992701530456543 1.7463847398757935 -6.7212042808532715
v -2.7992701530456543 3.0615191459655762 -6.7212042808532715
v -2.7992701530456543 4.3766536712646484 -6.7212042808532715
v -2.7992701530456543 5.6917881965637207 -6.7212042808532715
v -3.2007300853729248 5.6917881965637207 -6.7212042808532715
v -3.2007300853729248 4.3766536712646484 -6.7212042808532715
v -3.2007300853729248 3.0615191459655762 -6.7212042808532715
v -3.2007300853729248 1.7463847398757935 -6.7212042808532715
v -2.7992701530456543 0.43125015497207642 -6.7212042808532715
v -2.7992701530456543 0.43125015497207642 -7.3279948234558105
v -2.7992701530456543 5.6917881965637207 -6.7212042808532715
v -2.7992701530456543 4.3766536712646484 -6.7212042808532715
v -2.7992701530456543 3.0615191459655762 -6.7212042808532715
v -2.7992701530456543 1.7463847398757935 -6.7212042808532715
v -2.7992701530456543 0.43125015497207642 -7.024599552154541
v -2.7992701530456543 1.761802077293396 -7.024599552154541
v -2.7992701530456543 1.0965261459350586 -7.024599552154541
v -2.7992701530456543 1.761802077293396 -6.8729019165039063
v -2.7992701530456543 1.0965261459350586 -6.8729019165039063
v -2.7992701530456543 1.761802077293396 -7.1762971878051758
v -2.7992701530456543 1.0965261459350586 -7.1762971878051758
v -2.7992701530456543 1.7463847398757935 -7.3279948234558105
v -2.7992701530456543 3.0615191459655762 -7.3279948234558105
v -2.7992701530456543 4.3766536712646484 -7.3279948234558105
v -2.7992701530456543 5.6917881965637207 -7.3279948234558105
v -2.7992701530456543 5.6917881965637207 -7.024599552154541
v -2.7992701530456543 4.4229059219360352 -7.024599552154541
v -2.7992701530456543 4.4229059219360352 -7.1762971878051758
v -2.7992701530456543 5.0881814956665039 -7.024599552154541
v -2.7992701530456543 5.0881814956665039 -7.1762971878051758
v -2.7992701530456543 4.4229059219360352 -6.8729019165039063
v -2.7992701530456543 5.0881814956665039 -6.8729019165039063
v -2.7992701530456543 0.43125015497207642 -7.3279948234558105
v -3.2007300853729248 0.43125015497207642 -7.3279948234558105
v -2.7992701530456543 5.6917881965637207 -7.3279948234558105
v -2.7992701530456543 4.3766536712646484 -7.3279948234558105
v -2.7992701530456543 3.0615191459655762 -7.3279948234558105
v -2.7992701530456543 1.7463847398757935 -7.3279948234558105
v -3.2007300853729248 1.7463847398757935 -7.3279948234558105
v -3.2007300853729248 3.0615191459655762 -7.3279948234558105
v -3.2007300853729248 4.3766536712646484 -7.3279948234558105
v -3.2007300853729248 5.6917881965637207 -7.3279948234558105
v -3.2007300853729248 0.43125015497207642 -7.3279948234558105
v -3.2007300853729248 0.43125015497207642 -6.7212042808532715
v -3.2007300853729248 0.43125015497207642 -7.024599552154541
v -3.2007300853729248 1.761802077293396 -7.024599552154541
v -3.2007300853729248 1.0965261459350586 -7.024599552154541
v -3.2007300853729248 1.761802077293396 -7.1762971878051758
v -3.2007300853729248 1.0965261459350586 -7.1762971878051758
v -3.2007300853729248 1.761802077293396 -6.8729019165039063
v -3.2007300853729248 1.0965261459350586 -6.8729019165039063
v -3.2007300853729248 5.6917881965637207 -7.3279948234558105
v -3.2007300853729248 4.3766536712646484 -7.3279948234558105
v -3.2007300853729248 3.0615191459655762 -7.3279948234558105
v -3.2007300853729248 1.7463847398757935 -7.3279948234558105
v -3.2007300853729248 5.6917881965637207 -6.7212042808532715
v -3.2007300853729248 5.6917881965637207 -7.024599552154541
v -3.2007300853729248 4.4229059219360352 -7.024599552154541
v -3.2007300853729248 4.4229059219360352 -6.8729019165039063
v -3.2007300853729248 5.0881814956665039 -7.024599552154541
v -3.2007300853729248 5.0881814956665039 -6.8729019165039063
v -3.2007300853729248 4.4229059219360352 -7.1762971878051758
v -3.2007300853729248 5.0881814956665039 -7.1762971878051758
v -3.2007300853729248 1.7463847398757935 -6.7212042808532715
v -3.2007300853729248 3.0615191459655762 -6.7212042808532715
v -3.2007300853729248 4.3766536712646484 -6.7212042808532715
v -3.2007300853729248 0.43125015497207642 -6.7212042808532715
v -2.7992701530456543 0.43125015497207642 -6.7212042808532715
v -3.2007300853729248 0.43125015497207642 -7.3279948234558105
v -2.7992701530456543 0.43125015497207642 -7.3279948234558105
v -3.2007300853729248 0.43125015497207642 -7.024599552154541
v -2.7992701530456543 0.43125015497207642 -7.024599552154541
v -2.7992701530456543 5.6917881965637207 -7.3279948234558105
v -2.7992701530456543 5.6917881965637207 -6.7212042808532715
v -2.7992701530456543 5.6917881965637207 -7.024599552154541
v -3.2007300853729248 5.6917881965637207 -7.3279948234558105
v -3.2007300853729248 5.6917881965637207 -6.7212042808532715
v -3.2007300853729248 5.6917881965637207 -7.024599552154541
vt 0.99853515625 0.71808338165283203
vt 0.99853515625 0.78650635480880737
vt 0.77475601434707642 0.78650635480880737
vt 0.55097687244415283 0.78650635480880737
vt 0.32719770073890686 0.78650635480880737
vt 0.10341853648424149 0.78650635480880737
vt 0.10341853648424149 0.71808338165283203
vt 0.32719770073890686 0.71808338165283203
vt 0.55097687244415283 0.71808338165283203
vt 0.77475601434707642 0.71808338165283203
vt 0.99853515625 0.26979264616966248
vt 0.99853515625 0.37321120500564575
vt 0.10341853648424149 0.26979264616966248
vt 0.32719770073890686 0.26979264616966248
vt 0.55097687244415283 0.26979264616966248
vt 0.77475601434707642 0.26979264616966248
vt 0.99853515625 0.32150194048881531
vt 0.77213263511657715 0.32150194048881531
vt 0.88533389568328857 0.32150194048881531
vt 0.77213263511657715 0.29564729332923889
vt 0.88533389568328857 0.29564729332923889
vt 0.77213263511657715 0.34735655784606934
vt 0.88533389568328857 0.34735655784606934
vt 0.77475601434707642 0.37321120500564575
vt 0.55097687244415283 0.37321120500564575
vt 0.32719770073890686 0.37321120500564575
vt 0.10341853648424149 0.37321120500564575
vt 0.10341853648424149 0.32150194048881531
vt 0.31932759284973145 0.32150194048881531
vt 0.31932759284973145 0.34735655784606934
vt 0.20612633228302002 0.32150194048881531
vt 0.20612633228302002 0.34735655784606934
vt 0.31932759284973145 0.29564729332923889
vt 0.20612633228302002 0.29564729332923889
vt 0.99853515625 0.53958529233932495
vt 0.99853515625 0.60800826549530029
vt 0.10341853648424149 0.53958529233932495
vt 0.32719770073890686 0.53958529233932495
vt 0.55097687244415283 0.53958529233932495
vt 0.77475601434707642 0.53958529233932495
vt 0.77475601434707642 0.60800826549530029
vt 0.55097687244415283 0.60800826549530029
vt 0.32719770073890686 0.60800826549530029
vt 0.10341853648424149 0.60800826549530029
vt 0.10195369273424149 0.89511662721633911
vt 0 0.89511662721633911
vt 0.050976846367120743 0.89511662721633911
vt 0.050976846367120743 0.66871410608291626
vt 0.050976846367120743 0.78191536664962769
vt 0.076465271413326263 0.66871410608291626
vt 0.076465271413326263 0.78191536664962769
vt 0.025488423183560371 0.66871410608291626
vt 0.025488423183560371 0.78191536664962769
vt 0.10195369273424149 0
vt 0.10195369273424149 0.22377915680408478
vt 0.10195369273424149 0.44755831360816956
vt 0.10195369273424149 0.67133748531341553
vt 0 0
vt 0.050976846367120743 0
vt 0.050976846367120743 0.21590906381607056
vt 0.025488423183560371 0.21590906381607056
vt 0.050976846367120743 0.10270780324935913
vt 0.025488423183560371 0.10270780324935913
vt 0.076465271413326263 0.21590906381607056
vt 0.076465271413326263 0.10270780324935913
vt 0 0.67133748531341553
vt 0 0.44755831360816956
vt 0 0.22377915680408478
vt 0.17184148728847504 0
vt 0.10341853648424149 0
vt 0.17184148728847504 0.10341853648424149
vt 0.10341853648424149 0.10341853648424149
vt 0.17184148728847504 0.051709268242120743
vt 0.10341853648424149 0.051709268242120743
vt 0.6201322078704834 0
vt 0.6201322078704834 0.10341853648424149
vt 0.6201322078704834 0.051709268242120743
vt 0.55170929431915283 0
vt 0.55170929431915283 0.10341853648424149
vt 0.55170929431915283 0.051709268242120743
vn 0 0 1
vn 0 0 1
vn 0 0 1
vn 0 0 1
vn 0 0 1
vn 0 0 1
vn 0 0 1
vn 0 0 1
vn 0 0 1
vn 0 0 1
vn 1 0 0
vn 1 0 0
vn 1 0 0
vn 1 0 0
vn 1 0 0
vn 1 0 0
vn 1 0 0
vn 1 0 0
vn 1 0 0
vn 1 0 0
vn 1 0 0
vn 1 0 0
vn 1 0 0
vn 1 0 0
vn 1 0 0
vn 1 0 0
vn 1 0 0
vn 1 0 0
vn 1 0 0
vn 1 0 0
vn 1 0 0
vn 1 0 0
vn 1 0 0
vn 1 0 0
vn 0 0 -1
vn 0 0 -1
vn 0 0 -1
vn 0 0 -1
vn 0 0 -1
vn 0 0 -1
vn 0 0 -1
vn 0 0 -1
vn 0 0 -1
vn 0 0 -1
vn -1 0 0
vn -1 0 0
vn -1 0 0
vn -1 0 0
vn -1 0 0
vn -1 0 0
vn -1 0 0
vn -1 0 0
vn -1 0 0
vn -1 0 0
vn -1 0 0
vn -1 0 0
vn -1 0 0
vn -1 0 0
vn -1 0 0
vn -1 0 0
vn -1 0 0
vn -1 0 0
vn -1 0 0
vn -1 0 0
vn -1 0 0
vn -1 0 0
vn -1 0 0
vn -1 0 0
vn 0 -1 0
vn 0 -1 0
vn 0 -1 0
vn 0 -1 0
vn 0 -1 0
vn 0 -1 0
vn 0 1 0
vn 0 1 0
vn 0 1 0
vn 0 1 0
vn 0 1 0
vn 0 1 0
f 103/103/103 104/104/104 101/101/101 102/102/102
f 104/104/104 105/105/105 100/100/100 101/101/101
f 97/97/97 98/98/98 99/99/99 106/106/106
f 99/99/99 100/100/100 105/105/105 106/106/106
f 126/126/126 128/128/128 127/127/127 125/125/125
f 125/125/125 127/127/127 130/130/130 129/129/129
f 119/119/119 118/118/118 114/114/114 115/115/115
f 115/115/115 114/114/114 116/116/116 117/117/117
f 130/130/130 124/124/124 109/109/109
f 109/109/109 110/110/110 129/129/129 130/130/130
f 127/127/127 124/124/124 130/130/130
f 129/129/129 111/111/111 125/125/125
f 128/128/128 124/124/124 127/127/127
f 122/122/122 123/123/123 128/128/128 126/126/126
f 124/124/124 128/128/128 123/123/123
f 122/122/122 126/126/126 121/121/121
f 125/125/125 121/121/121 126/126/126
f 114/114/114 121/121/121 125/125/125
f 111/111/111 129/129/129 110/110/110
f 114/114/114 111/111/111 116/116/116
f 112/112/112 116/116/116 111/111/111
f 121/121/121 114/114/114 118/118/118
f 117/117/117 112/112/112 107/107/107
f 113/113/113 117/117/117 107/107/107
f 116/116/116 112/112/112 117/117/117
f 119/119/119 120/120/120 118/118/118
f 118/118/118 120/120/120 121/121/121
f 108/108/108 119/119/119 113/113/113
f 115/115/115 113/113/113 119/119/119
f 120/120/120 119/119/119 108/108/108
f 113/113/113 115/115/115 117/117/117
f 114/114/114 125/125/125 111/111/111
f 133/133/133 134/134/134 139/139/139 140/140/140
f 138/138/138 139/139/139 134/134/134 135/135/135
f 135/135/135 136/136/136 137/137/137 138/138/138
f 131/131/131 132/132/132 137/137/137 136/136/136
f 157/157/157 159/159/159 158/158/158 156/156/156
f 156/156/156 158/158/158 161/161/161 160/160/160
f 149/149/149 148/148/148 144/144/144 145/145/145
f 145/145/145 144/144/144 146/146/146 147/147/147
f 161/161/161 155/155/155 150/150/150
f 150/150/150 151/151/151 160/160/160 161/161/161
f 158/158/158 155/155/155 161/161/161
f 160/160/160 152/152/152 156/156/156
f 159/159/159 155/155/155 158/158/158
f 164/164/164 154/154/154 159/159/159 157/157/157
f 155/155/155 159/159/159 154/154/154
f 164/164/164 157/157/157 163/163/163
f 156/156/156 163/163/163 157/157/157
f 144/144/144 163/163/163 156/156/156
f 152/152/152 160/160/160 151/151/151
f 144/144/144 152/152/152 146/146/146
f 153/153/153 146/146/146 152/152/152
f 163/163/163 144/144/144 148/148/148
f 147/147/147 153/153/153 141/141/141
f 143/143/143 147/147/147 141/141/141
f 146/146/146 153/153/153 147/147/147
f 149/149/149 162/162/162 148/148/148
f 148/148/148 162/162/162 163/163/163
f 142/142/142 149/149/149 143/143/143
f 145/145/145 143/143/143 149/149/149
f 162/162/162 149/149/149 142/142/142
f 143/143/143 145/145/145 147/147/147
f 144/144/144 156/156/156 152/152/152
f 166/166/166 165/165/165 169/169/169 170/170/170
f 167/167/167 168/168/168 170/170/170 169/169/169
f 176/176/176 173/173/173 171/171/171 174/174/174
f 175/175/175 172/172/172 173/173/173 176/176/176
usemtl lambert1
v 2.7992701530456543 0.43125015497207642 -6.7212042808532715
v 3.2007300853729248 0.43125015497207642 -6.7212042808532715
v 3.2007300853729248 1.7463847398757935 -6.7212042808532715
v 3.2007300853729248 3.0615191459655762 -6.7212042808532715
v 3.2007300853729248 4.3766536712646484 -6.7212042808532715
v 3.2007300853729248 5.6917881965637207 -6.7212042808532715
v 2.7992701530456543 5.6917881965637207 -6.7212042808532715
v 2.7992701530456543 4.3766536712646484 -6.7212042808532715
v 2.7992701530456543 3.0615191459655762 -6.7212042808532715
v 2.7992701530456543 1.7463847398757935 -6.7212042808532715
v 3.2007300853729248 0.43125015497207642 -6.7212042808532715
v 3.2007300853729248 0.43125015497207642 -7.3279948234558105
v 3.2007300853729248 5.6917881965637207 -6.7212042808532715
v 3.2007300853729248 4.3766536712646484 -6.7212042808532715
v 3.2007300853729248 3.0615191459655762 -6.7212042808532715
v 3.2007300853729248 1.7463847398757935 -6.7212042808532715
v 3.2007300853729248 0.43125015497207642 -7.024599552154541
v 3.2007300853729248 1.761802077293396 -7.024599552154541
v 3.2007300853729248 1.0965261459350586 -7.024599552154541
v 3.2007300853729248 1.761802077293396 -6.8729019165039063
v 3.2007300853729248 1.0965261459350586 -6.8729019165039063
v 3.2007300853729248 1.761802077293396 -7.1762971878051758
v 3.2007300853729248 1.0965261459350586 -7.1762971878051758
v 3.2007300853729248 1.7463847398757935 -7.3279948234558105
v 3.2007300853729248 3.0615191459655762 -7.3279948234558105
v 3.2007300853729248 4.3766536712646484 -7.3279948234558105
v 3.2007300853729248 5.6917881965637207 -7.3279948234558105
v 3.2007300853729248 5.6917881965637207 -7.024599552154541
v 3.2007300853729248 4.4229059219360352 -7.024599552154541
v 3.2007300853729248 4.4229059219360352 -7.1762971878051758
v 3.2007300853729248 5.0881814956665039 -7.024599552154541
v 3.2007300853729248 5.0881814956665039 -7.1762971878051758
v 3.2007300853729248 4.4229059219360352 -6.8729019165039063
v 3.2007300853729248 5.0881814956665039 -6.8729019165039063
v 3.2007300853729248 0.43125015497207642 -7.3279948234558105
v 2.7992701530456543 0.43125015497207642 -7.3279948234558105
v 3.2007300853729248 5.6917881965637207 -7.3279948234558105
v 3.2007300853729248 4.3766536712646484 -7.3279948234558105
v 3.2007300853729248 3.0615191459655762 -7.3279948234558105
v 3.2007300853729248 1.7463847398757935 -7.3279948234558105
v 2.7992701530456543 1.7463847398757935 -7.3279948234558105
v 2.7992701530456543 3.0615191459655762 -7.3279948234558105
v 2.7992701530456543 4.3766536712646484 -7.3279948234558105
v 2.7992701530456543 5.6917881965637207 -7.3279948234558105
v 2.7992701530456543 0.43125015497207642 -7.3279948234558105
v 2.7992701530456543 0.43125015497207642 -6.7212042808532715
v 2.7992701530456543 0.43125015497207642 -7.024599552154541
v 2.7992701530456543 1.761802077293396 -7.024599552154541
v 2.7992701530456543 1.0965261459350586 -7.024599552154541
v 2.7992701530456543 1.761802077293396 -7.1762971878051758
v 2.7992701530456543 1.0965261459350586 -7.1762971878051758
v 2.7992701530456543 1.761802077293396 -6.8729019165039063
v 2.7992701530456543 1.0965261459350586 -6.8729019165039063
v 2.7992701530456543 5.6917881965637207 -7.3279948234558105
v 2.7992701530456543 4.3766536712646484 -7.3279948234558105
v 2.7992701530456543 3.0615191459655762 -7.3279948234558105
v 2.7992701530456543 1.7463847398757935 -7.3279948234558105
v 2.7992701530456543 5.6917881965637207 -6.7212042808532715
v 2.7992701530456543 5.6917881965637207 -7.024599552154541
v 2.7992701530456543 4.4229059219360352 -7.024599552154541
v 2.7992701530456543 4.4229059219360352 -6.8729019165039063
v 2.7992701530456543 5.0881814956665039 -7.024599552154541
v 2.7992701530456543 5.0881814956665039 -6.8729019165039063
v 2.7992701530456543 4.4229059219360352 -7.1762971878051758
v 2.7992701530456543 5.0881814956665039 -7.1762971878051758
v 2.7992701530456543 1.7463847398757935 -6.7212042808532715
v 2.7992701530456543 3.0615191459655762 -6.7212042808532715
v 2.7992701530456543 4.3766536712646484 -6.7212042808532715
v 2.7992701530456543 0.43125015497207642 -6.7212042808532715
v 3.2007300853729248 0.43125015497207642 -6.7212042808532715
v 2.7992701530456543 0.43125015497207642 -7.3279948234558105
v 3.2007300853729248 0.43125015497207642 -7.3279948234558105
v 2.7992701530456543 0.43125015497207642 -7.024599552154541
v 3.2007300853729248 0.43125015497207642 -7.024599552154541
v 2.7992701530456543 5.6917881965637207 -6.7212042808532715
v 3.2007300853729248 5.6917881965637207 -7.3279948234558105
v 3.2007300853729248 5.6917881965637207 -6.7212042808532715
v 3.2007300853729248 5.6917881965637207 -7.024599552154541
v 2.7992701530456543 5.6917881965637207 -7.3279948234558105
v 2.7992701530456543 5.6917881965637207 -7.024599552154541
vt 0.99853515625 0.53958529233932495
vt 0.99853515625 0.60800826549530029
vt 0.77475601434707642 0.60800826549530029
vt 0.55097687244415283 0.60800826549530029
vt 0.32719770073890686 0.60800826549530029
vt 0.10341853648424149 0.60800826549530029
vt 0.10341853648424149 0.53958529233932495
vt 0.32719770073890686 0.53958529233932495
vt 0.55097687244415283 0.53958529233932495
vt 0.77475601434707642 0.53958529233932495
vt 0.99853515625 0.26979264616966248
vt 0.99853515625 0.37321120500564575
vt 0.10341853648424149 0.26979264616966248
vt 0.32719770073890686 0.26979264616966248
vt 0.55097687244415283 0.26979264616966248
vt 0.77475601434707642 0.26979264616966248
vt 0.99853515625 0.32150194048881531
vt 0.77213263511657715 0.32150194048881531
vt 0.88533389568328857 0.32150194048881531
vt 0.77213263511657715 0.29564729332923889
vt 0.88533389568328857 0.29564729332923889
vt 0.77213263511657715 0.34735655784606934
vt 0.88533389568328857 0.34735655784606934
vt 0.77475601434707642 0.37321120500564575
vt 0.55097687244415283 0.37321120500564575
vt 0.32719770073890686 0.37321120500564575
vt 0.10341853648424149 0.37321120500564575
vt 0.10341853648424149 0.32150194048881531
vt 0.31932759284973145 0.32150194048881531
vt 0.31932759284973145 0.34735655784606934
vt 0.20612633228302002 0.32150194048881531
vt 0.20612633228302002 0.34735655784606934
vt 0.31932759284973145 0.29564729332923889
vt 0.20612633228302002 0.29564729332923889
vt 0.99853515625 0.71808338165283203
vt 0.99853515625 0.78650635480880737
vt 0.10341853648424149 0.71808338165283203
vt 0.32719770073890686 0.71808338165283203
vt 0.55097687244415283 0.71808338165283203
vt 0.77475601434707642 0.71808338165283203
vt 0.77475601434707642 0.78650635480880737
vt 0.55097687244415283 0.78650635480880737
vt 0.32719770073890686 0.78650635480880737
vt 0.10341853648424149 0.78650635480880737
vt 0.10195369273424149 0.89511662721633911
vt 0 0.89511662721633911
vt 0.050976846367120743 0.89511662721633911
vt 0.050976846367120743 0.66871410608291626
vt 0.050976846367120743 0.78191536664962769
vt 0.076465271413326263 0.66871410608291626
vt 0.076465271413326263 0.78191536664962769
vt 0.025488423183560371 0.66871410608291626
vt 0.025488423183560371 0.78191536664962769
vt 0.10195369273424149 0
vt 0.10195369273424149 0.22377915680408478
vt 0.10195369273424149 0.44755831360816956
vt 0.10195369273424149 0.67133748531341553
vt 0 0
vt 0.050976846367120743 0
vt 0.050976846367120743 0.21590906381607056
vt 0.025488423183560371 0.21590906381607056
vt 0.050976846367120743 0.10270780324935913
vt 0.025488423183560371 0.10270780324935913
vt 0.076465271413326263 0.21590906381607056
vt 0.076465271413326263 0.10270780324935913
vt 0 0.67133748531341553
vt 0 0.44755831360816956
vt 0 0.22377915680408478
vt 0.6201322078704834 0
vt 0.55170929431915283 0
vt 0.6201322078704834 0.10341853648424149
vt 0.55170929431915283 0.10341853648424149
vt 0.6201322078704834 0.051709268242120743
vt 0.55170929431915283 0.051709268242120743
vt 0.10341853648424149 0.10341853648424149
vt 0.17184148728847504 0
vt 0.17184148728847504 0.10341853648424149
vt 0.17184148728847504 0.051709268242120743
vt 0.10341853648424149 0
vt 0.10341853648424149 0.051709268242120743
vn 0 0 1
vn 0 0 1
vn 0 0 1
vn 0 0 1
vn 0 0 1
vn 0 0 1
vn 0 0 1
vn 0 0 1
vn 0 0 1
vn 0 0 1
vn 1 0 0
vn 1 0 0
vn 1 0 0
vn 1 0 0
vn 1 0 0
vn 1 0 0
vn 1 0 0
vn 1 0 0
vn 1 0 0
vn 1 0 0
vn 1 0 0
vn 1 0 0
vn 1 0 0
vn 1 0 0
vn 1 0 0
vn 1 0 0
vn 1 0 0
vn 1 0 0
vn 1 0 0
vn 1 0 0
vn 1 0 0
vn 1 0 0
vn 1 0 0
vn 1 0 0
vn 0 0 -1
vn 0 0 -1
vn 0 0 -1
vn 0 0 -1
vn 0 0 -1
vn 0 0 -1
vn 0 0 -1
vn 0 0 -1
vn 0 0 -1
vn 0 0 -1
vn -1 0 0
vn -1 0 0
vn -1 0 0
vn -1 0 0
vn -1 0 0
vn -1 0 0
vn -1 0 0
vn -1 0 0
vn -1 0 0
vn -1 0 0
vn -1 0 0
vn -1 0 0
vn -1 0 0
vn -1 0 0
vn -1 0 0
vn -1 0 0
vn -1 0 0
vn -1 0 0
vn -1 0 0
vn -1 0 0
vn -1 0 0
vn -1 0 0
vn -1 0 0
vn -1 0 0
vn 0 -1 0
vn 0 -1 0
vn 0 -1 0
vn 0 -1 0
vn 0 -1 0
vn 0 -1 0
vn 0 1 0
vn 0 1 0
vn 0 1 0
vn 0 1 0
vn 0 1 0
vn 0 1 0
f 183/183/183 184/184/184 181/181/181 182/182/182
f 180/180/180 181/181/181 184/184/184 185/185/185
f 185/185/185 186/186/186 179/179/179 180/180/180
f 177/177/177 178/178/178 179/179/179 186/186/186
f 206/206/206 208/208/208 207/207/207 205/205/205
f 205/205/205 207/207/207 210/210/210 209/209/209
f 199/199/199 198/198/198 194/194/194 195/195/195
f 195/195/195 194/194/194 196/196/196 197/197/197
f 210/210/210 204/204/204 189/189/189
f 189/189/189 190/190/190 209/209/209 210/210/210
f 207/207/207 204/204/204 210/210/210
f 209/209/209 191/191/191 205/205/205
f 208/208/208 204/204/204 207/207/207
f 202/202/202 203/203/203 208/208/208 206/206/206
f 204/204/204 208/208/208 203/203/203
f 202/202/202 206/206/206 201/201/201
f 205/205/205 201/201/201 206/206/206
f 194/194/194 201/201/201 205/205/205
f 191/191/191 209/209/209 190/190/190
f 194/194/194 191/191/191 196/196/196
f 192/192/192 196/196/196 191/191/191
f 201/201/201 194/194/194 198/198/198
f 197/197/197 192/192/192 187/187/187
f 193/193/193 197/197/197 187/187/187
f 196/196/196 192/192/192 197/197/197
f 199/199/199 200/200/200 198/198/198
f 198/198/198 200/200/200 201/201/201
f 188/188/188 199/199/199 193/193/193
f 195/195/195 193/193/193 199/199/199
f 200/200/200 199/199/199 188/188/188
f 193/193/193 195/195/195 197/197/197
f 194/194/194 205/205/205 191/191/191
f 213/213/213 214/214/214 219/219/219 220/220/220
f 218/218/218 219/219/219 214/214/214 215/215/215
f 215/215/215 216/216/216 217/217/217 218/218/218
f 211/211/211 212/212/212 217/217/217 216/216/216
f 237/237/237 239/239/239 238/238/238 236/236/236
f 236/236/236 238/238/238 241/241/241 240/240/240
f 229/229/229 228/228/228 224/224/224 225/225/225
f 225/225/225 224/224/224 226/226/226 227/227/227
f 241/241/241 235/235/235 230/230/230
f 230/230/230 231/231/231 240/240/240 241/241/241
f 238/238/238 235/235/235 241/241/241
f 232/232/232 240/240/240 231/231/231
f 232/232/232 236/236/236 240/240/240
f 234/234/234 235/235/235 239/239/239
f 239/239/239 235/235/235 238/238/238
f 244/244/244 234/234/234 239/239/239 237/237/237
f 237/237/237 236/236/236 243/243/243
f 243/243/243 244/244/244 237/237/237
f 232/232/232 224/224/224 236/236/236
f 226/226/226 224/224/224 232/232/232
f 233/233/233 227/227/227 226/226/226
f 236/236/236 224/224/224 243/243/243
f 223/223/223 225/225/225 227/227/227
f 233/233/233 221/221/221 227/227/227
f 221/221/221 223/223/223 227/227/227
f 242/242/242 243/243/243 228/228/228
f 224/224/224 228/228/228 243/243/243
f 229/229/229 242/242/242 228/228/228
f 222/222/222 229/229/229 223/223/223
f 242/242/242 229/229/229 222/222/222
f 229/229/229 225/225/225 223/223/223
f 233/233/233 226/226/226 232/232/232
f 246/246/246 245/245/245 249/249/249 250/250/250
f 247/247/247 248/248/248 250/250/250 249/249/249
f 256/256/256 254/254/254 252/252/252 255/255/255
f 251/251/251 253/253/253 254/254/254 256/256/256
usemtl lambert1
v -3.2007298469543457 0.43465894460678101 5.2787957191467285
v -3.2007298469543457 0.83611887693405151 5.2787957191467285
v 0 0.43465894460678101 5.2787957191467285
v 0 0.83611887693405151 5.2787957191467285
v 3.2007298469543457 0.43465894460678101 5.2787957191467285
v 3.2007298469543457 0.83611887693405151 5.2787957191467285
v -2.1338198184967041 0.43465894460678101 5.2787957191467285
v -1.0669099092483521 0.43465894460678101 5.2787957191467285
v 1.0669099092483521 0.43465894460678101 5.2787957191467285
v 2.1338198184967041 0.43465894460678101 5.2787957191467285
v 2.1338198184967041 0.83611887693405151 5.2787957191467285
v 1.0669099092483521 0.83611887693405151 5.2787957191467285
v -1.0669099092483521 0.83611887693405151 5.2787957191467285
v -2.1338198184967041 0.83611887693405151 5.2787957191467285
v -3.2007298469543457 0.83611887693405151 5.2787957191467285
v -3.2007298469543457 0.83611887693405151 4.6720051765441895
v 3.2007298469543457 0.83611887693405151 5.2787957191467285
v 3.2007298469543457 0.83611887693405151 4.6720051765441895
v -2.1338198184967041 0.83611887693405151 5.2787957191467285
v -1.0669099092483521 0.83611887693405151 5.2787957191467285
v 0 0.83611887693405151 5.2787957191467285
v 1.0669099092483521 0.83611887693405151 5.2787957191467285
v 2.1338198184967041 0.83611887693405151 5.2787957191467285
v 3.2007298469543457 0.83611887693405151 4.975400447845459
v 2.1338198184967041 0.83611887693405151 4.975400447845459
v 2.6672749519348145 0.83611887693405151 4.975400447845459
v 2.1338198184967041 0.83611887693405151 5.1270980834960938
v 2.6672749519348145 0.83611887693405151 5.1270980834960938
v 2.1338198184967041 0.83611887693405151 4.8237028121948242
v 2.6672749519348145 0.83611887693405151 4.8237028121948242
v -3.2007298469543457 0.83611887693405151 4.975400447845459
v -2.1338198184967041 0.83611887693405151 4.975400447845459
v -2.1338198184967041 0.83611887693405151 4.8237028121948242
v -2.6672749519348145 0.83611887693405151 4.975400447845459
v -2.6672749519348145 0.83611887693405151 4.8237028121948242
v -2.1338198184967041 0.83611887693405151 5.1270980834960938
v -2.6672749519348145 0.83611887693405151 5.1270980834960938
v 2.1338198184967041 0.83611887693405151 4.6720051765441895
v 1.0669099092483521 0.83611887693405151 4.6720051765441895
v 0 0.83611887693405151 4.6720051765441895
v -1.0669099092483521 0.83611887693405151 4.6720051765441895
v -2.1338198184967041 0.83611887693405151 4.6720051765441895
v -3.2007298469543457 0.83611887693405151 4.6720051765441895
v -3.2007298469543457 0.43465894460678101 4.6720051765441895
v 0 0.83611887693405151 4.6720051765441895
v 0 0.43465894460678101 4.6720051765441895
v 3.2007298469543457 0.83611887693405151 4.6720051765441895
v 3.2007298469543457 0.43465894460678101 4.6720051765441895
v -2.1338198184967041 0.83611887693405151 4.6720051765441895
v -1.0669099092483521 0.83611887693405151 4.6720051765441895
v 1.0669099092483521 0.83611887693405151 4.6720051765441895
v 2.1338198184967041 0.83611887693405151 4.6720051765441895
v 2.1338198184967041 0.43465894460678101 4.6720051765441895
v 1.0669099092483521 0.43465894460678101 4.6720051765441895
v -1.0669099092483521 0.43465894460678101 4.6720051765441895
v -2.1338198184967041 0.43465894460678101 4.6720051765441895
v -3.2007298469543457 0.43465894460678101 4.6720051765441895
v -3.2007298469543457 0.43465894460678101 5.2787957191467285
v -1.0669099092483521 0.43465894460678101 5.2787957191467285
v 1.0669099092483521 0.43465894460678101 5.2787957191467285
v 3.2007298469543457 0.43465894460678101 4.6720051765441895
v 3.2007298469543457 0.43465894460678101 5.2787957191467285
v 2.1338198184967041 0.43465894460678101 5.2787957191467285
v 0 0.43465894460678101 5.2787957191467285
v -2.1338198184967041 0.43465894460678101 5.2787957191467285
v -3.2007298469543457 0.43465894460678101 4.975400447845459
v -2.1338198184967041 0.43465894460678101 4.975400447845459
v -2.1338198184967041 0.43465894460678101 5.1270980834960938
v -2.6672749519348145 0.43465894460678101 4.975400447845459
v -2.6672749519348145 0.43465894460678101 5.1270980834960938
v -2.1338198184967041 0.43465894460678101 4.8237028121948242
v -2.6672749519348145 0.43465894460678101 4.8237028121948242
v 3.2007298469543457 0.43465894460678101 4.975400447845459
v 2.1338198184967041 0.43465894460678101 4.975400447845459
v 2.6672749519348145 0.43465894460678101 4.975400447845459
v 2.1338198184967041 0.43465894460678101 4.8237028121948242
v 2.6672749519348145 0.43465894460678101 4.8237028121948242
v 2.1338198184967041 0.43465894460678101 5.1270980834960938
v 2.6672749519348145 0.43465894460678101 5.1270980834960938
v -2.1338198184967041 0.43465894460678101 4.6720051765441895
v -1.0669099092483521 0.43465894460678101 4.6720051765441895
v 0 0.43465894460678101 4.6720051765441895
v 1.0669099092483521 0.43465894460678101 4.6720051765441895
v 2.1338198184967041 0.43465894460678101 4.6720051765441895
v 3.2007298469543457 0.43465894460678101 5.2787957191467285
v 3.2007298469543457 0.83611887693405151 5.2787957191467285
v 3.2007298469543457 0.43465894460678101 4.6720051765441895
v 3.2007298469543457 0.83611887693405151 4.6720051765441895
v 3.2007298469543457 0.43465894460678101 4.975400447845459
v 3.2007298469543457 0.83611887693405151 4.975400447845459
v -3.2007298469543457 0.43465894460678101 4.6720051765441895
v -3.2007298469543457 0.83611887693405151 4.6720051765441895
v -3.2007298469543457 0.43465894460678101 5.2787957191467285
v -3.2007298469543457 0.83611887693405151 5.2787957191467285
v -3.2007298469543457 0.43465894460678101 4.975400447845459
v -3.2007298469543457 0.83611887693405151 4.975400447845459
vt 0.08658231794834137 0.45670884847640991
vt 0.08658231794834137 0.51399272680282593
vt 0.54255872964859009 0.45670884847640991
vt 0.54255872964859009 0.51399272680282593
vt 0.99853515625 0.45670884847640991
vt 0.99853515625 0.51399272680282593
vt 0.23857446014881134 0.45670884847640991
vt 0.3905666172504425 0.45670884847640991
vt 0.69455087184906006 0.45670884847640991
vt 0.84654301404953003 0.45670884847640991
vt 0.84654301404953003 0.51399272680282593
vt 0.69455087184906006 0.51399272680282593
vt 0.3905666172504425 0.51399272680282593
vt 0.23857446014881134 0.51399272680282593
vt 0.08658231794834137 0.63855880498886108
vt 0.08658231794834137 0.72514110803604126
vt 0.99853515625 0.63855880498886108
vt 0.99853515625 0.72514110803604126
vt 0.23857446014881134 0.63855880498886108
vt 0.3905666172504425 0.63855880498886108
vt 0.54255872964859009 0.63855880498886108
vt 0.69455087184906006 0.63855880498886108
vt 0.84654301404953003 0.63855880498886108
vt 0.99853515625 0.68184995651245117
vt 0.84654301404953003 0.68184995651245117
vt 0.9225391149520874 0.68184995651245117
vt 0.84654301404953003 0.66020435094833374
vt 0.9225391149520874 0.66020435094833374
vt 0.84654301404953003 0.70349550247192383
vt 0.9225391149520874 0.70349550247192383
vt 0.08658231794834137 0.68184995651245117
vt 0.23857446014881134 0.68184995651245117
vt 0.23857446014881134 0.70349550247192383
vt 0.16257838904857635 0.68184995651245117
vt 0.16257838904857635 0.70349550247192383
vt 0.23857446014881134 0.66020435094833374
vt 0.16257838904857635 0.66020435094833374
vt 0.84654301404953003 0.72514110803604126
vt 0.69455087184906006 0.72514110803604126
vt 0.54255872964859009 0.72514110803604126
vt 0.3905666172504425 0.72514110803604126
vt 0.23857446014881134 0.72514110803604126
vt 0.08658231794834137 0.27485889196395874
vt 0.08658231794834137 0.33214280009269714
vt 0.54255872964859009 0.27485889196395874
vt 0.54255872964859009 0.33214280009269714
vt 0.99853515625 0.27485889196395874
vt 0.99853515625 0.33214280009269714
vt 0.23857446014881134 0.27485889196395874
vt 0.3905666172504425 0.27485889196395874
vt 0.69455087184906006 0.27485889196395874
vt 0.84654301404953003 0.27485889196395874
vt 0.84654301404953003 0.33214280009269714
vt 0.69455087184906006 0.33214280009269714
vt 0.3905666172504425 0.33214280009269714
vt 0.23857446014881134 0.33214280009269714
vt 0.08511747419834137 0
vt 0 0
vt 0 0.30398428440093994
vt 0 0.60796856880187988
vt 0.08511747419834137 0.91195285320281982
vt 0 0.91195285320281982
vt 0 0.75996071100234985
vt 0 0.45597642660140991
vt 0 0.15199214220046997
vt 0.042558737099170685 0
vt 0.042558737099170685 0.15199214220046997
vt 0.021279368549585342 0.15199214220046997
vt 0.042558737099170685 0.075996071100234985
vt 0.021279368549585342 0.075996071100234985
vt 0.063838101923465729 0.15199214220046997
vt 0.063838101923465729 0.075996071100234985
vt 0.042558737099170685 0.91195285320281982
vt 0.042558737099170685 0.75996071100234985
vt 0.042558737099170685 0.83595681190490723
vt 0.063838101923465729 0.75996071100234985
vt 0.063838101923465729 0.83595681190490723
vt 0.021279368549585342 0.75996071100234985
vt 0.021279368549585342 0.83595681190490723
vt 0.08511747419834137 0.15199214220046997
vt 0.08511747419834137 0.30398428440093994
vt 0.08511747419834137 0.45597642660140991
vt 0.08511747419834137 0.60796856880187988
vt 0.08511747419834137 0.75996071100234985
vt 0.60057508945465088 0
vt 0.54329115152359009 0
vt 0.60057508945465088 0.08658231794834137
vt 0.54329115152359009 0.08658231794834137
vt 0.60057508945465088 0.043291158974170685
vt 0.54329115152359009 0.043291158974170685
vt 0.14386622607707977 0
vt 0.08658231794834137 0
vt 0.14386622607707977 0.08658231794834137
vt 0.08658231794834137 0.08658231794834137
vt 0.14386622607707977 0.043291158974170685
vt 0.08658231794834137 0.043291158974170685
vn 0 0 1
vn 0 0 1
vn 0 0 1
vn 0 0 1
vn 0 0 1
vn 0 0 1
vn 0 0 1
vn 0 0 1
vn 0 0 1
vn 0 0 1
vn 0 0 1
vn 0 0 1
vn 0 0 1
vn 0 0 1
vn 0 1 0
vn 0 1 0
vn 0 1 0
vn 0 1 0
vn 0 1 0
vn 0 1 0
vn 0 1 0
vn 0 1 0
vn 0 1 0
vn 0 1 0
vn 0 1 0
vn 0 1 0
vn 0 1 0
vn 0 1 0
vn 0 1 0
vn 0 1 0
vn 0 1 0
vn 0 1 0
vn 0 1 0
vn 0 1 0
vn 0 1 0
vn 0 1 0
vn 0 1 0
vn 0 1 0
vn 0 1 0
vn 0 1 0
vn 0 1 0
vn 0 1 0
vn 0 0 -1
vn 0 0 -1
vn 0 0 -1
vn 0 0 -1
vn 0 0 -1
vn 0 0 -1
vn 0 0 -1
vn 0 0 -1
vn 0 0 -1
vn 0 0 -1
vn 0 0 -1
vn 0 0 -1
vn 0 0 -1
vn 0 0 -1
vn 0 -1 0
vn 0 -1 0
vn 0 -1 0
vn 0 -1 0
vn 0 -1 0
vn 0 -1 0
vn 0 -1 0
vn 0 -1 0
vn 0 -1 0
vn 0 -1 0
vn 0 -1 0
vn 0 -1 0
vn 0 -1 0
vn 0 -1 0
vn 0 -1 0
vn 0 -1 0
vn 0 -1 0
vn 0 -1 0
vn 0 -1 0
vn 0 -1 0
vn 0 -1 0
vn 0 -1 0
vn 0 -1 0
vn 0 -1 0
vn 0 -1 0
vn 0 -1 0
vn 0 -1 0
vn 0 -1 0
vn 1 0 0
vn 1 0 0
vn 1 0 0
vn 1 0 0
vn 1 0 0
vn 1 0 0
vn -1 0 0
vn -1 0 0
vn -1 0 0
vn -1 0 0
vn -1 0 0
vn -1 0 0
f 257/257/257 263/263/263 270/270/270 258/258/258
f 263/263/263 264/264/264 269/269/269 270/270/270
f 260/260/260 269/269/269 264/264/264 259/259/259
f 265/265/265 266/266/266 267/267/267 268/268/268
f 266/266/266 261/261/261 262/262/262 267/267/267
f 268/268/268 260/260/260 259/259/259 265/265/265
f 289/289/289 291/291/291 290/290/290 288/288/288
f 288/288/288 290/290/290 293/293/293 292/292/292
f 286/286/286 285/285/285 281/281/281 282/282/282
f 282/282/282 281/281/281 283/283/283 284/284/284
f 287/287/287 271/271/271 293/293/293
f 271/271/271 275/275/275 292/292/292 293/293/293
f 293/293/293 290/290/290 287/287/287
f 292/292/292 275/275/275 276/276/276
f 292/292/292 276/276/276 288/288/288
f 297/297/297 276/276/276 277/277/277 296/296/296
f 272/272/272 287/287/287 290/290/290 291/291/291
f 298/298/298 272/272/272 291/291/291 289/289/289
f 297/297/297 289/289/289 288/288/288
f 289/289/289 297/297/297 298/298/298
f 297/297/297 288/288/288 276/276/276
f 281/281/281 278/278/278 283/283/283
f 279/279/279 283/283/283 278/278/278
f 295/295/295 278/278/278 281/281/281
f 284/284/284 279/279/279 273/273/273
f 284/284/284 280/280/280 282/282/282
f 280/280/280 284/284/284 273/273/273
f 279/279/279 284/284/284 283/283/283
f 278/278/278 295/295/295 296/296/296 277/277/277
f 295/295/295 281/281/281 285/285/285
f 294/294/294 295/295/295 285/285/285
f 280/280/280 274/274/274 286/286/286 282/282/282
f 286/286/286 274/274/274 294/294/294
f 285/285/285 286/286/286 294/294/294
f 299/299/299 305/305/305 312/312/312 300/300/300
f 305/305/305 306/306/306 311/311/311 312/312/312
f 301/301/301 302/302/302 311/311/311 306/306/306
f 308/308/308 309/309/309 310/310/310 307/307/307
f 303/303/303 304/304/304 309/309/309 308/308/308
f 307/307/307 310/310/310 302/302/302 301/301/301
f 324/324/324 326/326/326 325/325/325 323/323/323
f 323/323/323 325/325/325 328/328/328 327/327/327
f 335/335/335 334/334/334 330/330/330 331/331/331
f 331/331/331 330/330/330 332/332/332 333/333/333
f 322/322/322 313/313/313 328/328/328
f 313/313/313 336/336/336 327/327/327 328/328/328
f 328/328/328 325/325/325 322/322/322
f 327/327/327 336/336/336 337/337/337
f 327/327/327 337/337/337 323/323/323
f 320/320/320 315/315/315 337/337/337 338/338/338
f 314/314/314 322/322/322 325/325/325 326/326/326
f 321/321/321 314/314/314 326/326/326
f 315/315/315 324/324/324 323/323/323
f 324/324/324 315/315/315 321/321/321
f 315/315/315 323/323/323 337/337/337
f 326/326/326 324/324/324 321/321/321
f 330/330/330 339/339/339 332/332/332
f 340/340/340 332/332/332 339/339/339
f 316/316/316 339/339/339 330/330/330
f 333/333/333 340/340/340 317/317/317
f 333/333/333 329/329/329 331/331/331
f 329/329/329 333/333/333 317/317/317
f 340/340/340 333/333/333 332/332/332
f 316/316/316 320/320/320 338/338/338 339/339/339
f 316/316/316 330/330/330 334/334/334
f 319/319/319 316/316/316 334/334/334
f 329/329/329 318/318/318 335/335/335 331/331/331
f 335/335/335 318/318/318 319/319/319
f 334/334/334 335/335/335 319/319/319
f 346/346/346 342/342/342 341/341/341 345/345/345
f 345/345/345 343/343/343 344/344/344 346/346/346
f 347/347/347 351/351/351 352/352/352 348/348/348
f 350/350/350 352/352/352 351/351/351 349/349/349
usemtl lambert1
v -3.2007300853729248 0.43466228246688843 5.2787957191467285
v -2.7992701530456543 0.43466228246688843 5.2787957191467285
v -2.7992701530456543 1.7489438056945801 5.2787957191467285
v -2.7992701530456543 3.063225269317627 5.2787957191467285
v -2.7992701530456543 4.3775067329406738 5.2787957191467285
v -2.7992701530456543 5.6917881965637207 5.2787957191467285
v -3.2007300853729248 5.6917881965637207 5.2787957191467285
v -3.2007300853729248 4.3775067329406738 5.2787957191467285
v -3.2007300853729248 3.063225269317627 5.2787957191467285
v -3.2007300853729248 1.7489438056945801 5.2787957191467285
v -2.7992701530456543 0.43466228246688843 5.2787957191467285
v -2.7992701530456543 0.43466228246688843 4.6720051765441895
v -2.7992701530456543 5.6917881965637207 5.2787957191467285
v -2.7992701530456543 4.3775067329406738 5.2787957191467285
v -2.7992701530456543 3.063225269317627 5.2787957191467285
v -2.7992701530456543 1.7489438056945801 5.2787957191467285
v -2.7992701530456543 0.43466228246688843 4.975400447845459
v -2.7992701530456543 1.765214204788208 4.975400447845459
v -2.7992701530456543 1.0999382734298706 4.975400447845459
v -2.7992701530456543 1.765214204788208 5.1270980834960938
v -2.7992701530456543 1.0999382734298706 5.1270980834960938
v -2.7992701530456543 1.765214204788208 4.8237028121948242
v -2.7992701530456543 1.0999382734298706 4.8237028121948242
v -2.7992701530456543 1.7489438056945801 4.6720051765441895
v -2.7992701530456543 3.063225269317627 4.6720051765441895
v -2.7992701530456543 4.3775067329406738 4.6720051765441895
v -2.7992701530456543 5.6917881965637207 4.6720051765441895
v -2.7992701530456543 5.6917881965637207 4.975400447845459
v -2.7992701530456543 4.4263181686401367 4.975400447845459
v -2.7992701530456543 4.4263181686401367 4.8237028121948242
v -2.7992701530456543 5.0915942192077637 4.975400447845459
v -2.7992701530456543 5.0915942192077637 4.8237028121948242
v -2.7992701530456543 4.4263181686401367 5.1270980834960938
v -2.7992701530456543 5.0915942192077637 5.1270980834960938
v -2.7992701530456543 0.43466228246688843 4.6720051765441895
v -3.2007300853729248 0.43466228246688843 4.6720051765441895
v -2.7992701530456543 5.6917881965637207 4.6720051765441895
v -2.7992701530456543 4.3775067329406738 4.6720051765441895
v -2.7992701530456543 3.063225269317627 4.6720051765441895
v -2.7992701530456543 1.7489438056945801 4.6720051765441895
v -3.2007300853729248 1.7489438056945801 4.6720051765441895
v -3.2007300853729248 3.063225269317627 4.6720051765441895
v -3.2007300853729248 4.3775067329406738 4.6720051765441895
v -3.2007300853729248 5.6917881965637207 4.6720051765441895
v -3.2007300853729248 0.43466228246688843 4.6720051765441895
v -3.2007300853729248 0.43466228246688843 5.2787957191467285
v -3.2007300853729248 0.43466228246688843 4.975400447845459
v -3.2007300853729248 1.765214204788208 4.975400447845459
v -3.2007300853729248 1.0999382734298706 4.975400447845459
v -3.2007300853729248 1.765214204788208 4.8237028121948242
v -3.2007300853729248 1.0999382734298706 4.8237028121948242
v -3.2007300853729248 1.765214204788208 5.1270980834960938
v -3.2007300853729248 1.0999382734298706 5.1270980834960938
v -3.2007300853729248 5.6917881965637207 4.6720051765441895
v -3.2007300853729248 4.3775067329406738 4.6720051765441895
v -3.2007300853729248 3.063225269317627 4.6720051765441895
v -3.2007300853729248 1.7489438056945801 4.6720051765441895
v -3.2007300853729248 5.6917881965637207 5.2787957191467285
v -3.2007300853729248 5.6917881965637207 4.975400447845459
v -3.2007300853729248 4.4263181686401367 4.975400447845459
v -3.2007300853729248 4.4263181686401367 5.1270980834960938
v -3.2007300853729248 5.0915942192077637 4.975400447845459
v -3.2007300853729248 5.0915942192077637 5.1270980834960938
v -3.2007300853729248 4.4263181686401367 4.8237028121948242
v -3.2007300853729248 5.0915942192077637 4.8237028121948242
v -3.2007300853729248 1.7489438056945801 5.2787957191467285
v -3.2007300853729248 3.063225269317627 5.2787957191467285
v -3.2007300853729248 4.3775067329406738 5.2787957191467285
v -3.2007300853729248 0.43466228246688843 5.2787957191467285
v -2.7992701530456543 0.43466228246688843 5.2787957191467285
v -3.2007300853729248 0.43466228246688843 4.6720051765441895
v -2.7992701530456543 0.43466228246688843 4.6720051765441895
v -3.2007300853729248 0.43466228246688843 4.975400447845459
v -2.7992701530456543 0.43466228246688843 4.975400447845459
v -2.7992701530456543 5.6917881965637207 4.6720051765441895
v -2.7992701530456543 5.6917881965637207 5.2787957191467285
v -2.7992701530456543 5.6917881965637207 4.975400447845459
v -3.2007300853729248 5.6917881965637207 4.6720051765441895
v -3.2007300853729248 5.6917881965637207 5.2787957191467285
v -3.2007300853729248 5.6917881965637207 4.975400447845459
vt 0.99853515625 0.44826063513755798
vt 0.99853515625 0.5167233943939209
vt 0.77477103471755981 0.5167233943939209
vt 0.55100691318511963 0.5167233943939209
vt 0.32724282145500183 0.5167233943939209
vt 0.10347871482372284 0.5167233943939209
vt 0.10347871482372284 0.44826063513755798
vt 0.32724282145500183 0.44826063513755798
vt 0.55100691318511963 0.44826063513755798
vt 0.77477103471755981 0.44826063513755798
vt 0.99853515625 0.62674671411514282
vt 0.99853515625 0.73022544384002686
vt 0.10347871482372284 0.62674671411514282
vt 0.32724282145500183 0.62674671411514282
vt 0.55100691318511963 0.62674671411514282
vt 0.77477103471755981 0.62674671411514282
vt 0.99853515625 0.67848610877990723
vt 0.77200090885162354 0.67848610877990723
vt 0.88526803255081177 0.67848610877990723
vt 0.77200090885162354 0.65261644124984741
vt 0.88526803255081177 0.65261644124984741
vt 0.77200090885162354 0.70435577630996704
vt 0.88526803255081177 0.70435577630996704
vt 0.77477103471755981 0.73022544384002686
vt 0.55100691318511963 0.73022544384002686
vt 0.32724282145500183 0.73022544384002686
vt 0.10347871482372284 0.73022544384002686
vt 0.10347871482372284 0.67848610877990723
vt 0.31893238425254822 0.67848610877990723
vt 0.31893238425254822 0.70435577630996704
vt 0.20566527545452118 0.67848610877990723
vt 0.20566527545452118 0.70435577630996704
vt 0.31893238425254822 0.65261644124984741
vt 0.20566527545452118 0.65261644124984741
vt 0.99853515625 0.26977455615997314
vt 0.99853515625 0.33823731541633606
vt 0.10347871482372284 0.26977455615997314
vt 0.32724282145500183 0.26977455615997314
vt 0.55100691318511963 0.26977455615997314
vt 0.77477103471755981 0.26977455615997314
vt 0.77477103471755981 0.33823731541633606
vt 0.55100691318511963 0.33823731541633606
vt 0.32724282145500183 0.33823731541633606
vt 0.10347871482372284 0.33823731541633606
vt 0.10201387107372284 0.89505642652511597
vt 0 0.89505642652511597
vt 0.05100693553686142 0.89505642652511597
vt 0.05100693553686142 0.66852223873138428
vt 0.05100693553686142 0.78178930282592773
vt 0.076510399580001831 0.66852223873138428
vt 0.076510399580001831 0.78178930282592773
vt 0.02550346776843071 0.66852223873138428
vt 0.02550346776843071 0.78178930282592773
vt 0.10201387107372284 0
vt 0.10201387107372284 0.22376410663127899
vt 0.10201387107372284 0.44752821326255798
vt 0.10201387107372284 0.67129230499267578
vt 0 0
vt 0.05100693553686142 0
vt 0.05100693553686142 0.21545368432998657
vt 0.02550346776843071 0.21545368432998657
vt 0.05100693553686142 0.10218656063079834
vt 0.02550346776843071 0.10218656063079834
vt 0.076510399580001831 0.21545368432998657
vt 0.076510399580001831 0.10218656063079834
vt 0 0.67129230499267578
vt 0 0.44752821326255798
vt 0 0.22376410663127899
vt 0.17194147408008575 0
vt 0.10347871482372284 0
vt 0.17194147408008575 0.10347871482372284
vt 0.10347871482372284 0.10347871482372284
vt 0.17194147408008575 0.05173935741186142
vt 0.10347871482372284 0.05173935741186142
vt 0.62020212411880493 0
vt 0.62020212411880493 0.10347871482372284
vt 0.62020212411880493 0.05173935741186142
vt 0.55173933506011963 0
vt 0.55173933506011963 0.10347871482372284
vt 0.55173933506011963 0.05173935741186142
vn 0 0 1
vn 0 0 1
vn 0 0 1
vn 0 0 1
vn 0 0 1
vn 0 0 1
vn 0 0 1
vn 0 0 1
vn 0 0 1
vn 0 0 1
vn 1 0 0
vn 1 0 0
vn 1 0 0
vn 1 0 0
vn 1 0 0
vn 1 0 0
vn 1 0 0
vn 1 0 0
vn 1 0 0
vn 1 0 0
vn 1 0 0
vn 1 0 0
vn 1 0 0
vn 1 0 0
vn 1 0 0
vn 1 0 0
vn 1 0 0
vn 1 0 0
vn 1 0 0
vn 1 0 0
vn 1 0 0
vn 1 0 0
vn 1 0 0
vn 1 0 0
vn 0 0 -1
vn 0 0 -1
vn 0 0 -1
vn 0 0 -1
vn 0 0 -1
vn 0 0 -1
vn 0 0 -1
vn 0 0 -1
vn 0 0 -1
vn 0 0 -1
vn -1 0 0
vn -1 0 0
vn -1 0 0
vn -1 0 0
vn -1 0 0
vn -1 0 0
vn -1 0 0
vn -1 0 0
vn -1 0 0
vn -1 0 0
vn -1 0 0
vn -1 0 0
vn -1 0 0
vn -1 0 0
vn -1 0 0
vn -1 0 0
vn -1 0 0
vn -1 0 0
vn -1 0 0
vn -1 0 0
vn -1 0 0
vn -1 0 0
vn -1 0 0
vn -1 0 0
vn 0 -1 0
vn 0 -1 0
vn 0 -1 0
vn 0 -1 0
vn 0 -1 0
vn 0 -1 0
vn 0 1 0
vn 0 1 0
vn 0 1 0
vn 0 1 0
vn 0 1 0
vn 0 1 0
f 359/359/359 360/360/360 357/357/357 358/358/358
f 357/357/357 360/360/360 361/361/361 356/356/356
f 353/353/353 354/354/354 355/355/355 362/362/362
f 362/362/362 355/355/355 356/356/356 361/361/361
f 382/382/382 384/384/384 383/383/383 381/381/381
f 381/381/381 383/383/383 386/386/386 385/385/385
f 375/375/375 374/374/374 370/370/370 371/371/371
f 371/371/371 370/370/370 372/372/372 373/373/373
f 386/386/386 380/380/380 365/365/365
f 365/365/365 366/366/366 385/385/385 386/386/386
f 383/383/383 380/380/380 386/386/386
f 367/367/367 385/385/385 366/366/366
f 367/367/367 381/381/381 385/385/385
f 379/379/379 380/380/380 384/384/384
f 384/384/384 380/380/380 383/383/383
f 378/378/378 379/379/379 384/384/384 382/382/382
f 382/382/382 381/381/381 377/377/377
f 377/377/377 378/378/378 382/382/382
f 367/367/367 370/370/370 381/381/381
f 372/372/372 370/370/370 367/367/367
f 368/368/368 373/373/373 372/372/372
f 381/381/381 370/370/370 377/377/377
f 369/369/369 371/371/371 373/373/373
f 368/368/368 363/363/363 373/373/373
f 363/363/363 369/369/369 373/373/373
f 376/376/376 377/377/377 374/374/374
f 370/370/370 374/374/374 377/377/377
f 375/375/375 376/376/376 374/374/374
f 364/364/364 375/375/375 369/369/369
f 376/376/376 375/375/375 364/364/364
f 375/375/375 371/371/371 369/369/369
f 368/368/368 372/372/372 367/367/367
f 389/389/389 390/390/390 395/395/395 396/396/396
f 395/395/395 390/390/390 391/391/391 394/394/394
f 387/387/387 388/388/388 393/393/393 392/392/392
f 392/392/392 393/393/393 394/394/394 391/391/391
f 413/413/413 415/415/415 414/414/414 412/412/412
f 412/412/412 414/414/414 417/417/417 416/416/416
f 405/405/405 404/404/404 400/400/400 401/401/401
f 401/401/401 400/400/400 402/402/402 403/403/403
f 411/411/411 406/406/406 417/417/417
f 406/406/406 407/407/407 416/416/416 417/417/417
f 417/417/417 414/414/414 411/411/411
f 408/408/408 416/416/416 407/407/407
f 408/408/408 412/412/412 416/416/416
f 410/410/410 411/411/411 415/415/415
f 414/414/414 415/415/415 411/411/411
f 420/420/420 410/410/410 415/415/415 413/413/413
f 413/413/413 412/412/412 419/419/419
f 419/419/419 420/420/420 413/413/413
f 408/408/408 400/400/400 412/412/412
f 402/402/402 400/400/400 408/408/408
f 409/409/409 403/403/403 402/402/402
f 412/412/412 400/400/400 419/419/419
f 399/399/399 401/401/401 403/403/403
f 409/409/409 397/397/397 403/403/403
f 397/397/397 399/399/399 403/403/403
f 418/418/418 419/419/419 404/404/404
f 400/400/400 404/404/404 419/419/419
f 405/405/405 418/418/418 404/404/404
f 398/398/398 405/405/405 399/399/399
f 418/418/418 405/405/405 398/398/398
f 405/405/405 401/401/401 399/399/399
f 409/409/409 402/402/402 408/408/408
f 422/422/422 421/421/421 425/425/425 426/426/426
f 423/423/423 424/424/424 426/426/426 425/425/425
f 432/432/432 429/429/429 427/427/427 430/430/430
f 431/431/431 428/428/428 429/429/429 432/432/432
usemtl lambert1
v 2.7992701530456543 0.43466228246688843 5.2787957191467285
v 3.2007300853729248 0.43466228246688843 5.2787957191467285
v 3.2007300853729248 1.7489438056945801 5.2787957191467285
v 3.2007300853729248 3.063225269317627 5.2787957191467285
v 3.2007300853729248 4.3775067329406738 5.2787957191467285
v 3.2007300853729248 5.6917881965637207 5.2787957191467285
v 2.7992701530456543 5.6917881965637207 5.2787957191467285
v 2.7992701530456543 4.3775067329406738 5.2787957191467285
v 2.7992701530456543 3.063225269317627 5.2787957191467285
v 2.7992701530456543 1.7489438056945801 5.2787957191467285
v 3.2007300853729248 0.43466228246688843 5.2787957191467285
v 3.2007300853729248 0.43466228246688843 4.6720051765441895
v 3.2007300853729248 5.6917881965637207 5.2787957191467285
v 3.2007300853729248 4.3775067329406738 5.2787957191467285
v 3.2007300853729248 3.063225269317627 5.2787957191467285
v 3.2007300853729248 1.7489438056945801 5.2787957191467285
v 3.2007300853729248 0.43466228246688843 4.975400447845459
v 3.2007300853729248 1.765214204788208 4.975400447845459
v 3.2007300853729248 1.0999382734298706 4.975400447845459
v 3.2007300853729248 1.765214204788208 5.1270980834960938
v 3.2007300853729248 1.0999382734298706 5.1270980834960938
v 3.2007300853729248 1.765214204788208 4.8237028121948242
v 3.2007300853729248 1.0999382734298706 4.8237028121948242
v 3.2007300853729248 1.7489438056945801 4.6720051765441895
v 3.2007300853729248 3.063225269317627 4.6720051765441895
v 3.2007300853729248 4.3775067329406738 4.6720051765441895
v 3.2007300853729248 5.6917881965637207 4.6720051765441895
v 3.2007300853729248 5.6917881965637207 4.975400447845459
v 3.2007300853729248 4.4263181686401367 4.975400447845459
v 3.2007300853729248 4.4263181686401367 4.8237028121948242
v 3.2007300853729248 5.0915942192077637 4.975400447845459
v 3.2007300853729248 5.0915942192077637 4.8237028121948242
v 3.2007300853729248 4.4263181686401367 5.1270980834960938
v 3.2007300853729248 5.0915942192077637 5.1270980834960938
v 3.2007300853729248 0.43466228246688843 4.6720051765441895
v 2.7992701530456543 0.43466228246688843 4.6720051765441895
v 3.2007300853729248 5.6917881965637207 4.6720051765441895
v 3.2007300853729248 4.3775067329406738 4.6720051765441895
v 3.2007300853729248 3.063225269317627 4.6720051765441895
v 3.2007300853729248 1.7489438056945801 4.6720051765441895
v 2.7992701530456543 1.7489438056945801 4.6720051765441895
v 2.7992701530456543 3.063225269317627 4.6720051765441895
v 2.7992701530456543 4.3775067329406738 4.6720051765441895
v 2.7992701530456543 5.6917881965637207 4.6720051765441895
v 2.7992701530456543 0.43466228246688843 4.6720051765441895
v 2.7992701530456543 0.43466228246688843 5.2787957191467285
v 2.7992701530456543 0.43466228246688843 4.975400447845459
v 2.7992701530456543 1.765214204788208 4.975400447845459
v 2.7992701530456543 1.0999382734298706 4.975400447845459
v 2.7992701530456543 1.765214204788208 4.8237028121948242
v 2.7992701530456543 1.0999382734298706 4.8237028121948242
v 2.7992701530456543 1.765214204788208 5.1270980834960938
v 2.7992701530456543 1.0999382734298706 5.1270980834960938
v 2.7992701530456543 5.6917881965637207 4.6720051765441895
v 2.7992701530456543 4.3775067329406738 4.6720051765441895
v 2.7992701530456543 3.063225269317627 4.6720051765441895
v 2.7992701530456543 1.7489438056945801 4.6720051765441895
v 2.7992701530456543 5.6917881965637207 5.2787957191467285
v 2.7992701530456543 5.6917881965637207 4.975400447845459
v 2.7992701530456543 4.4263181686401367 4.975400447845459
v 2.7992701530456543 4.4263181686401367 5.1270980834960938
v 2.7992701530456543 5.0915942192077637 4.975400447845459
v 2.7992701530456543 5.0915942192077637 5.1270980834960938
v 2.7992701530456543 4.4263181686401367 4.8237028121948242
v 2.7992701530456543 5.0915942192077637 4.8237028121948242
v 2.7992701530456543 1.7489438056945801 5.2787957191467285
v 2.7992701530456543 3.063225269317627 5.2787957191467285
v 2.7992701530456543 4.3775067329406738 5.2787957191467285
v 2.7992701530456543 0.43466228246688843 5.2787957191467285
v 3.2007300853729248 0.43466228246688843 5.2787957191467285
v 2.7992701530456543 0.43466228246688843 4.6720051765441895
v 3.2007300853729248 0.43466228246688843 4.6720051765441895
v 2.7992701530456543 0.43466228246688843 4.975400447845459
v 3.2007300853729248 0.43466228246688843 4.975400447845459
v 3.2007300853729248 5.6917881965637207 5.2787957191467285
v 3.2007300853729248 5.6917881965637207 4.6720051765441895
v 3.2007300853729248 5.6917881965637207 4.975400447845459
v 2.7992701530456543 5.6917881965637207 4.6720051765441895
v 2.7992701530456543 5.6917881965637207 5.2787957191467285
v 2.7992701530456543 5.6917881965637207 4.975400447845459
vt 0.99853515625 0.44826063513755798
vt 0.99853515625 0.5167233943939209
vt 0.77477103471755981 0.5167233943939209
vt 0.55100691318511963 0.5167233943939209
vt 0.32724282145500183 0.5167233943939209
vt 0.10347871482372284 0.5167233943939209
vt 0.10347871482372284 0.44826063513755798
vt 0.32724282145500183 0.44826063513755798
vt 0.55100691318511963 0.44826063513755798
vt 0.77477103471755981 0.44826063513755798
vt 0.99853515625 0.62674671411514282
vt 0.99853515625 0.73022544384002686
vt 0.10347871482372284 0.62674671411514282
vt 0.32724282145500183 0.62674671411514282
vt 0.55100691318511963 0.62674671411514282
vt 0.77477103471755981 0.62674671411514282
vt 0.99853515625 0.67848610877990723
vt 0.77200090885162354 0.67848610877990723
vt 0.88526803255081177 0.67848610877990723
vt 0.77200090885162354 0.65261644124984741
vt 0.88526803255081177 0.65261644124984741
vt 0.77200090885162354 0.70435577630996704
vt 0.88526803255081177 0.70435577630996704
vt 0.77477103471755981 0.73022544384002686
vt 0.55100691318511963 0.73022544384002686
vt 0.32724282145500183 0.73022544384002686
vt 0.10347871482372284 0.73022544384002686
vt 0.10347871482372284 0.67848610877990723
vt 0.31893238425254822 0.67848610877990723
vt 0.31893238425254822 0.70435577630996704
vt 0.20566527545452118 0.67848610877990723
vt 0.20566527545452118 0.70435577630996704
vt 0.31893238425254822 0.65261644124984741
vt 0.20566527545452118 0.65261644124984741
vt 0.99853515625 0.26977455615997314
vt 0.99853515625 0.33823731541633606
vt 0.10347871482372284 0.26977455615997314
vt 0.32724282145500183 0.26977455615997314
vt 0.55100691318511963 0.26977455615997314
vt 0.77477103471755981 0.26977455615997314
vt 0.77477103471755981 0.33823731541633606
vt 0.55100691318511963 0.33823731541633606
vt 0.32724282145500183 0.33823731541633606
vt 0.10347871482372284 0.33823731541633606
vt 0.10201387107372284 0.89505642652511597
vt 0 0.89505642652511597
vt 0.05100693553686142 0.89505642652511597
vt 0.05100693553686142 0.66852223873138428
vt 0.05100693553686142 0.78178930282592773
vt 0.076510399580001831 0.66852223873138428
vt 0.076510399580001831 0.78178930282592773
vt 0.02550346776843071 0.66852223873138428
vt 0.02550346776843071 0.78178930282592773
vt 0.10201387107372284 0
vt 0.10201387107372284 0.22376410663127899
vt 0.10201387107372284 0.44752821326255798
vt 0.10201387107372284 0.67129230499267578
vt 0 0
vt 0.05100693553686142 0
vt 0.05100693553686142 0.21545368432998657
vt 0.02550346776843071 0.21545368432998657
vt 0.05100693553686142 0.10218656063079834
vt 0.02550346776843071 0.10218656063079834
vt 0.076510399580001831 0.21545368432998657
vt 0.076510399580001831 0.10218656063079834
vt 0 0.67129230499267578
vt 0 0.44752821326255798
vt 0 0.22376410663127899
vt 0.17194147408008575 0
vt 0.10347871482372284 0
vt 0.17194147408008575 0.10347871482372284
vt 0.10347871482372284 0.10347871482372284
vt 0.17194147408008575 0.05173935741186142
vt 0.10347871482372284 0.05173935741186142
vt 0.62020212411880493 0.10347871482372284
vt 0.62020212411880493 0
vt 0.62020212411880493 0.05173935741186142
vt 0.55173933506011963 0
vt 0.55173933506011963 0.10347871482372284
vt 0.55173933506011963 0.05173935741186142
vn 0 0 1
vn 0 0 1
vn 0 0 1
vn 0 0 1
vn 0 0 1
vn 0 0 1
vn 0 0 1
vn 0 0 1
vn 0 0 1
vn 0 0 1
vn 1 0 0
vn 1 0 0
vn 1 0 0
vn 1 0 0
vn 1 0 0
vn 1 0 0
vn 1 0 0
vn 1 0 0
vn 1 0 0
vn 1 0 0
vn 1 0 0
vn 1 0 0
vn 1 0 0
vn 1 0 0
vn 1 0 0
vn 1 0 0
vn 1 0 0
vn 1 0 0
vn 1 0 0
vn 1 0 0
vn 1 0 0
vn 1 0 0
vn 1 0 0
vn 1 0 0
vn 0 0 -1
vn 0 0 -1
vn 0 0 -1
vn 0 0 -1
vn 0 0 -1
vn 0 0 -1
vn 0 0 -1
vn 0 0 -1
vn 0 0 -1
vn 0 0 -1
vn -1 0 0
vn -1 0 0
vn -1 0 0
vn -1 0 0
vn -1 0 0
vn -1 0 0
vn -1 0 0
vn -1 0 0
vn -1 0 0
vn -1 0 0
vn -1 0 0
vn -1 0 0
vn -1 0 0
vn -1 0 0
vn -1 0 0
vn -1 0 0
vn -1 0 0
vn -1 0 0
vn -1 0 0
vn -1 0 0
vn -1 0 0
vn -1 0 0
vn -1 0 0
vn -1 0 0
vn 0 -1 0
vn 0 -1 0
vn 0 -1 0
vn 0 -1 0
vn 0 -1 0
vn 0 -1 0
vn 0 1 0
vn 0 1 0
vn 0 1 0
vn 0 1 0
vn 0 1 0
vn 0 1 0
f 439/439/439 440/440/440 437/437/437 438/438/438
f 437/437/437 440/440/440 441/441/441 436/436/436
f 433/433/433 434/434/434 435/435/435 442/442/442
f 442/442/442 435/435/435 436/436/436 441/441/441
f 462/462/462 464/464/464 463/463/463 461/461/461
f 461/461/461 463/463/463 466/466/466 465/465/465
f 455/455/455 454/454/454 450/450/450 451/451/451
f 451/451/451 450/450/450 452/452/452 453/453/453
f 460/460/460 445/445/445 466/466/466
f 445/445/445 446/446/446 465/465/465 466/466/466
f 466/466/466 463/463/463 460/460/460
f 447/447/447 465/465/465 446/446/446
f 447/447/447 461/461/461 465/465/465
f 459/459/459 460/460/460 464/464/464
f 463/463/463 464/464/464 460/460/460
f 458/458/458 459/459/459 464/464/464 462/462/462
f 462/462/462 461/461/461 457/457/457
f 457/457/457 458/458/458 462/462/462
f 447/447/447 450/450/450 461/461/461
f 452/452/452 450/450/450 447/447/447
f 448/448/448 453/453/453 452/452/452
f 461/461/461 450/450/450 457/457/457
f 449/449/449 451/451/451 453/453/453
f 448/448/448 443/443/443 453/453/453
f 443/443/443 449/449/449 453/453/453
f 456/456/456 457/457/457 454/454/454
f 450/450/450 454/454/454 457/457/457
f 455/455/455 456/456/456 454/454/454
f 444/444/444 455/455/455 449/449/449
f 456/456/456 455/455/455 444/444/444
f 455/455/455 451/451/451 449/449/449
f 448/448/448 452/452/452 447/447/447
f 469/469/469 470/470/470 475/475/475 476/476/476
f 475/475/475 470/470/470 471/471/471 474/474/474
f 467/467/467 468/468/468 473/473/473 472/472/472
f 472/472/472 473/473/473 474/474/474 471/471/471
f 493/493/493 495/495/495 494/494/494 492/492/492
f 492/492/492 494/494/494 497/497/497 496/496/496
f 485/485/485 484/484/484 480/480/480 481/481/481
f 481/481/481 480/480/480 482/482/482 483/483/483
f 491/491/491 486/486/486 497/497/497
f 486/486/486 487/487/487 496/496/496 497/497/497
f 497/497/497 494/494/494 491/491/491
f 488/488/488 496/496/496 487/487/487
f 488/488/488 492/492/492 496/496/496
f 490/490/490 491/491/491 495/495/495
f 494/494/494 495/495/495 491/491/491
f 500/500/500 490/490/490 495/495/495 493/493/493
f 493/493/493 492/492/492 499/499/499
f 499/499/499 500/500/500 493/493/493
f 488/488/488 480/480/480 492/492/492
f 482/482/482 480/480/480 488/488/488
f 489/489/489 483/483/483 482/482/482
f 492/492/492 480/480/480 499/499/499
f 479/479/479 481/481/481 483/483/483
f 489/489/489 477/477/477 483/483/483
f 477/477/477 479/479/479 483/483/483
f 498/498/498 499/499/499 484/484/484
f 480/480/480 484/484/484 499/499/499
f 485/485/485 498/498/498 484/484/484
f 478/478/478 485/485/485 479/479/479
f 498/498/498 485/485/485 478/478/478
f 485/485/485 481/481/481 479/479/479
f 489/489/489 482/482/482 488/488/488
f 502/502/502 501/501/501 505/505/505 506/506/506
f 503/503/503 504/504/504 506/506/506 505/505/505
f 512/512/512 509/509/509 508/508/508 510/510/510
f 511/511/511 507/507/507 509/509/509 512/512/512
usemtl lambert1
v -4.4074525833129883 5.6917881965637207 6.8671259880065918
v -4.4074525833129883 6.0205812454223633 6.8671259880065918
v 0 5.6917881965637207 6.8671259880065918
v 0 6.0205812454223633 6.8671259880065918
v 4.4074525833129883 5.6917881965637207 6.8671259880065918
v 4.4074525833129883 6.0205812454223633 6.8671259880065918
v -3.3055891990661621 5.6917881965637207 6.8671259880065918
v -2.2037262916564941 5.6917881965637207 6.8671259880065918
v -1.1018631458282471 5.6917881965637207 6.8671259880065918
v 1.1018631458282471 5.6917881965637207 6.8671259880065918
v 2.2037262916564941 5.6917881965637207 6.8671259880065918
v 3.3055891990661621 5.6917881965637207 6.8671259880065918
v 3.3055891990661621 6.0205812454223633 6.8671259880065918
v 2.2037262916564941 6.0205812454223633 6.8671259880065918
v 1.1018631458282471 6.0205812454223633 6.8671259880065918
v -1.1018631458282471 6.0205812454223633 6.8671259880065918
v -2.2037262916564941 6.0205812454223633 6.8671259880065918
v -3.3055891990661621 6.0205812454223633 6.8671259880065918
v -4.4074525833129883 6.0205812454223633 6.8671259880065918
v -4.4074525833129883 6.0205812454223633 -8.9163246154785156
v 4.4074525833129883 6.0205812454223633 6.8671259880065918
v 4.4074525833129883 6.0205812454223633 -8.9163246154785156
v -3.3055891990661621 6.0205812454223633 6.8671259880065918
v -2.2037262916564941 6.0205812454223633 6.8671259880065918
v -1.1018631458282471 6.0205812454223633 6.8671259880065918
v 0 6.0205812454223633 6.8671259880065918
v 1.1018631458282471 6.0205812454223633 6.8671259880065918
v 2.2037262916564941 6.0205812454223633 6.8671259880065918
v 3.3055891990661621 6.0205812454223633 6.8671259880065918
v 4.4074525833129883 6.0205812454223633 -1.0245994329452515
v 0 6.0205812454223633 -8.9163246154785156
v -4.4074525833129883 6.0205812454223633 -1.0245994329452515
v 0 6.0205812454223633 -1.0245994329452515
v 0 6.0205812454223633 2.9212632179260254
v -2.2037262916564941 6.0205812454223633 -1.0245994329452515
v -2.2037262916564941 6.0205812454223633 2.9212632179260254
v -2.2037262916564941 6.0205812454223633 4.8941946029663086
v -3.3055891990661621 6.0205812454223633 2.9212632179260254
v -3.3055891990661621 6.0205812454223633 4.8941946029663086
v 0 6.0205812454223633 4.8941946029663086
v -1.1018631458282471 6.0205812454223633 2.9212632179260254
v -1.1018631458282471 6.0205812454223633 4.8941946029663086
v 2.2037262916564941 6.0205812454223633 -1.0245994329452515
v 2.2037262916564941 6.0205812454223633 2.9212632179260254
v 2.2037262916564941 6.0205812454223633 4.8941946029663086
v 1.1018631458282471 6.0205812454223633 2.9212632179260254
v 1.1018631458282471 6.0205812454223633 4.8941946029663086
v 3.3055891990661621 6.0205812454223633 2.9212632179260254
v 3.3055891990661621 6.0205812454223633 4.8941946029663086
v 4.4074525833129883 6.0205812454223633 5.7397365570068359
v 4.4074525833129883 6.0205812454223633 4.6123476028442383
v 4.4074525833129883 6.0205812454223633 3.4849579334259033
v 4.4074525833129883 6.0205812454223633 2.3575687408447266
v 4.4074525833129883 6.0205812454223633 1.2301793098449707
v 4.4074525833129883 6.0205812454223633 0.10278993099927902
v 4.4074525833129883 6.0205812454223633 -2.1519887447357178
v 4.4074525833129883 6.0205812454223633 -3.2793781757354736
v 4.4074525833129883 6.0205812454223633 -4.4067673683166504
v 4.4074525833129883 6.0205812454223633 -5.5341567993164063
v 4.4074525833129883 6.0205812454223633 -6.6615462303161621
v 4.4074525833129883 6.0205812454223633 -7.788935661315918
v 3.3055891990661621 6.0205812454223633 -1.0245994329452515
v 2.2037262916564941 6.0205812454223633 0.94833195209503174
v 3.3055891990661621 6.0205812454223633 0.94833195209503174
v 2.2037262916564941 6.0205812454223633 -8.9163246154785156
v 0 6.0205812454223633 -4.9704623222351074
v 2.2037262916564941 6.0205812454223633 -4.9704623222351074
v 3.3055891990661621 6.0205812454223633 -4.9704623222351074
v 2.2037262916564941 6.0205812454223633 -2.9975309371948242
v 3.3055891990661621 6.0205812454223633 -2.9975309371948242
v 3.3055891990661621 6.0205812454223633 -8.9163246154785156
v 2.2037262916564941 6.0205812454223633 -6.9433937072753906
v 3.3055891990661621 6.0205812454223633 -6.9433937072753906
v -4.4074525833129883 6.0205812454223633 -7.788935661315918
v -4.4074525833129883 6.0205812454223633 -6.6615462303161621
v -4.4074525833129883 6.0205812454223633 -5.5341567993164063
v -4.4074525833129883 6.0205812454223633 -4.4067673683166504
v -4.4074525833129883 6.0205812454223633 -3.2793781757354736
v -4.4074525833129883 6.0205812454223633 -2.1519887447357178
v -4.4074525833129883 6.0205812454223633 0.10278993099927902
v -4.4074525833129883 6.0205812454223633 1.2301793098449707
v -4.4074525833129883 6.0205812454223633 2.3575687408447266
v -4.4074525833129883 6.0205812454223633 3.4849579334259033
v -4.4074525833129883 6.0205812454223633 4.6123476028442383
v -4.4074525833129883 6.0205812454223633 5.7397365570068359
v -2.2037262916564941 6.0205812454223633 -8.9163246154785156
v -2.2037262916564941 6.0205812454223633 -4.9704623222351074
v -2.2037262916564941 6.0205812454223633 -6.9433937072753906
v -3.3055891990661621 6.0205812454223633 -8.9163246154785156
v -3.3055891990661621 6.0205812454223633 -4.9704623222351074
v -3.3055891990661621 6.0205812454223633 -6.9433937072753906
v -2.2037262916564941 6.0205812454223633 -2.9975309371948242
v -3.3055891990661621 6.0205812454223633 -1.0245994329452515
v -3.3055891990661621 6.0205812454223633 -2.9975309371948242
v -2.2037262916564941 6.0205812454223633 0.94833195209503174
v -3.3055891990661621 6.0205812454223633 0.94833195209503174
v 1.1018631458282471 6.0205812454223633 -8.9163246154785156
v -1.1018631458282471 6.0205812454223633 -8.9163246154785156
v 0 6.0205812454223633 -6.9433937072753906
v 1.1018631458282471 6.0205812454223633 -4.9704623222351074
v 1.1018631458282471 6.0205812454223633 -6.9433937072753906
v -1.1018631458282471 6.0205812454223633 -4.9704623222351074
v -1.1018631458282471 6.0205812454223633 -6.9433937072753906
v -4.4074525833129883 6.0205812454223633 -8.9163246154785156
v -4.4074525833129883 5.6917881965637207 -8.9163246154785156
v 0 6.0205812454223633 -8.9163246154785156
v 0 5.6917881965637207 -8.9163246154785156
v 4.4074525833129883 6.0205812454223633 -8.9163246154785156
v 4.4074525833129883 5.6917881965637207 -8.9163246154785156
v -3.3055891990661621 6.0205812454223633 -8.9163246154785156
v -2.2037262916564941 6.0205812454223633 -8.9163246154785156
v -1.1018631458282471 6.0205812454223633 -8.9163246154785156
v 1.1018631458282471 6.0205812454223633 -8.9163246154785156
v 2.2037262916564941 6.0205812454223633 -8.9163246154785156
v 3.3055891990661621 6.0205812454223633 -8.9163246154785156
v 3.3055891990661621 5.6917881965637207 -8.9163246154785156
v 2.2037262916564941 5.6917881965637207 -8.9163246154785156
v 1.1018631458282471 5.6917881965637207 -8.9163246154785156
v -1.1018631458282471 5.6917881965637207 -8.9163246154785156
v -2.2037262916564941 5.6917881965637207 -8.9163246154785156
v -3.3055891990661621 5.6917881965637207 -8.9163246154785156
v -4.4074525833129883 5.6917881965637207 -8.9163246154785156
v -4.4074525833129883 5.6917881965637207 6.8671259880065918
v 4.4074525833129883 5.6917881965637207 -8.9163246154785156
v 4.4074525833129883 5.6917881965637207 6.8671259880065918
v 3.3055891990661621 5.6917881965637207 6.8671259880065918
v 2.2037262916564941 5.6917881965637207 6.8671259880065918
v 1.1018631458282471 5.6917881965637207 6.8671259880065918
v 0 5.6917881965637207 6.8671259880065918
v -1.1018631458282471 5.6917881965637207 6.8671259880065918
v -2.2037262916564941 5.6917881965637207 6.8671259880065918
v -3.3055891990661621 5.6917881965637207 6.8671259880065918
v 4.4074525833129883 5.6917881965637207 -1.0245994329452515
v -4.4074525833129883 5.6917881965637207 -1.0245994329452515
v 0 5.6917881965637207 -8.9163246154785156
v 0 5.6917881965637207 -1.0245994329452515
v 0 5.6917881965637207 2.9212632179260254
v 2.2037262916564941 5.6917881965637207 -1.0245994329452515
v 2.2037262916564941 5.6917881965637207 2.9212632179260254
v 2.2037262916564941 5.6917881965637207 4.8941946029663086
v 3.3055891990661621 5.6917881965637207 2.9212632179260254
v 3.3055891990661621 5.6917881965637207 4.8941946029663086
v 0 5.6917881965637207 4.8941946029663086
v 1.1018631458282471 5.6917881965637207 2.9212632179260254
v 1.1018631458282471 5.6917881965637207 4.8941946029663086
v -2.2037262916564941 5.6917881965637207 -1.0245994329452515
v -2.2037262916564941 5.6917881965637207 2.9212632179260254
v -2.2037262916564941 5.6917881965637207 4.8941946029663086
v -1.1018631458282471 5.6917881965637207 2.9212632179260254
v -1.1018631458282471 5.6917881965637207 4.8941946029663086
v -3.3055891990661621 5.6917881965637207 2.9212632179260254
v -3.3055891990661621 5.6917881965637207 4.8941946029663086
v -4.4074525833129883 5.6917881965637207 5.7397365570068359
v -4.4074525833129883 5.6917881965637207 4.6123476028442383
v -4.4074525833129883 5.6917881965637207 3.4849579334259033
v -4.4074525833129883 5.6917881965637207 2.3575687408447266
v -4.4074525833129883 5.6917881965637207 1.2301793098449707
v -4.4074525833129883 5.6917881965637207 0.10278993099927902
v -4.4074525833129883 5.6917881965637207 -2.1519887447357178
v -4.4074525833129883 5.6917881965637207 -3.2793781757354736
v -4.4074525833129883 5.6917881965637207 -4.4067673683166504
v -4.4074525833129883 5.6917881965637207 -5.5341567993164063
v -4.4074525833129883 5.6917881965637207 -6.6615462303161621
v -4.4074525833129883 5.6917881965637207 -7.788935661315918
v -2.2037262916564941 5.6917881965637207 0.94833195209503174
v -3.3055891990661621 5.6917881965637207 -1.0245994329452515
v -3.3055891990661621 5.6917881965637207 0.94833195209503174
v 0 5.6917881965637207 -4.9704623222351074
v -2.2037262916564941 5.6917881965637207 -8.9163246154785156
v -2.2037262916564941 5.6917881965637207 -4.9704623222351074
v -2.2037262916564941 5.6917881965637207 -2.9975309371948242
v -3.3055891990661621 5.6917881965637207 -4.9704623222351074
v -3.3055891990661621 5.6917881965637207 -2.9975309371948242
v -2.2037262916564941 5.6917881965637207 -6.9433937072753906
v -3.3055891990661621 5.6917881965637207 -6.9433937072753906
v 4.4074525833129883 5.6917881965637207 -7.788935661315918
v 4.4074525833129883 5.6917881965637207 -6.6615462303161621
v 4.4074525833129883 5.6917881965637207 -5.5341567993164063
v 4.4074525833129883 5.6917881965637207 -4.4067673683166504
v 4.4074525833129883 5.6917881965637207 -3.2793781757354736
v 4.4074525833129883 5.6917881965637207 -2.1519887447357178
v 4.4074525833129883 5.6917881965637207 0.10278993099927902
v 4.4074525833129883 5.6917881965637207 1.2301793098449707
v 4.4074525833129883 5.6917881965637207 2.3575687408447266
v 4.4074525833129883 5.6917881965637207 3.4849579334259033
v 4.4074525833129883 5.6917881965637207 4.6123476028442383
v 4.4074525833129883 5.6917881965637207 5.7397365570068359
v 2.2037262916564941 5.6917881965637207 -8.9163246154785156
v 2.2037262916564941 5.6917881965637207 -4.9704623222351074
v 3.3055891990661621 5.6917881965637207 -4.9704623222351074
v 2.2037262916564941 5.6917881965637207 -6.9433937072753906
v 3.3055891990661621 5.6917881965637207 -8.9163246154785156
v 3.3055891990661621 5.6917881965637207 -6.9433937072753906
v 3.3055891990661621 5.6917881965637207 -1.0245994329452515
v 2.2037262916564941 5.6917881965637207 -2.9975309371948242
v 3.3055891990661621 5.6917881965637207 -2.9975309371948242
v 2.2037262916564941 5.6917881965637207 0.94833195209503174
v 3.3055891990661621 5.6917881965637207 0.94833195209503174
v -3.3055891990661621 5.6917881965637207 -8.9163246154785156
v -1.1018631458282471 5.6917881965637207 -8.9163246154785156
v 1.1018631458282471 5.6917881965637207 -8.9163246154785156
v 0 5.6917881965637207 -6.9433937072753906
v -1.1018631458282471 5.6917881965637207 -4.9704623222351074
v -1.1018631458282471 5.6917881965637207 -6.9433937072753906
v 1.1018631458282471 5.6917881965637207 -4.9704623222351074
v 1.1018631458282471 5.6917881965637207 -6.9433937072753906
v 4.4074525833129883 5.6917881965637207 6.8671259880065918
v 4.4074525833129883 6.0205812454223633 6.8671259880065918
v 4.4074525833129883 5.6917881965637207 -1.0245994329452515
v 4.4074525833129883 6.0205812454223633 -1.0245994329452515
v 4.4074525833129883 5.6917881965637207 -8.9163246154785156
v 4.4074525833129883 6.0205812454223633 -8.9163246154785156
v 4.4074525833129883 5.6917881965637207 5.7397365570068359
v 4.4074525833129883 5.6917881965637207 4.6123476028442383
v 4.4074525833129883 5.6917881965637207 3.4849579334259033
v 4.4074525833129883 5.6917881965637207 2.3575687408447266
v 4.4074525833129883 5.6917881965637207 1.2301793098449707
v 4.4074525833129883 5.6917881965637207 0.10278993099927902
v 4.4074525833129883 5.6917881965637207 -2.1519887447357178
v 4.4074525833129883 5.6917881965637207 -3.2793781757354736
v 4.4074525833129883 5.6917881965637207 -4.4067673683166504
v 4.4074525833129883 5.6917881965637207 -5.5341567993164063
v 4.4074525833129883 5.6917881965637207 -6.6615462303161621
v 4.4074525833129883 5.6917881965637207 -7.788935661315918
v 4.4074525833129883 6.0205812454223633 -7.788935661315918
v 4.4074525833129883 6.0205812454223633 -6.6615462303161621
v 4.4074525833129883 6.0205812454223633 -5.5341567993164063
v 4.4074525833129883 6.0205812454223633 -4.4067673683166504
v 4.4074525833129883 6.0205812454223633 -3.2793781757354736
v 4.4074525833129883 6.0205812454223633 -2.1519887447357178
v 4.4074525833129883 6.0205812454223633 0.10278993099927902
v 4.4074525833129883 6.0205812454223633 1.2301793098449707
v 4.4074525833129883 6.0205812454223633 2.3575687408447266
v 4.4074525833129883 6.0205812454223633 3.4849579334259033
v 4.4074525833129883 6.0205812454223633 4.6123476028442383
v 4.4074525833129883 6.0205812454223633 5.7397365570068359
v -4.4074525833129883 5.6917881965637207 -8.9163246154785156
v -4.4074525833129883 6.0205812454223633 -8.9163246154785156
v -4.4074525833129883 5.6917881965637207 -1.0245994329452515
v -4.4074525833129883 6.0205812454223633 -1.0245994329452515
v -4.4074525833129883 5.6917881965637207 6.8671259880065918
v -4.4074525833129883 6.0205812454223633 6.8671259880065918
v -4.4074525833129883 5.6917881965637207 -7.788935661315918
v -4.4074525833129883 5.6917881965637207 -6.6615462303161621
v -4.4074525833129883 5.6917881965637207 -5.5341567993164063
v -4.4074525833129883 5.6917881965637207 -4.4067673683166504
v -4.4074525833129883 5.6917881965637207 -3.2793781757354736
v -4.4074525833129883 5.6917881965637207 -2.1519887447357178
v -4.4074525833129883 5.6917881965637207 0.10278993099927902
v -4.4074525833129883 5.6917881965637207 1.2301793098449707
v -4.4074525833129883 5.6917881965637207 2.3575687408447266
v -4.4074525833129883 5.6917881965637207 3.4849579334259033
v -4.4074525833129883 5.6917881965637207 4.6123476028442383
v -4.4074525833129883 5.6917881965637207 5.7397365570068359
v -4.4074525833129883 6.0205812454223633 5.7397365570068359
v -4.4074525833129883 6.0205812454223633 4.6123476028442383
v -4.4074525833129883 6.0205812454223633 3.4849579334259033
v -4.4074525833129883 6.0205812454223633 2.3575687408447266
v -4.4074525833129883 6.0205812454223633 1.2301793098449707
v -4.4074525833129883 6.0205812454223633 0.10278993099927902
v -4.4074525833129883 6.0205812454223633 -2.1519887447357178
v -4.4074525833129883 6.0205812454223633 -3.2793781757354736
v -4.4074525833129883 6.0205812454223633 -4.4067673683166504
v -4.4074525833129883 6.0205812454223633 -5.5341567993164063
v -4.4074525833129883 6.0205812454223633 -6.6615462303161621
v -4.4074525833129883 6.0205812454223633 -7.788935661315918
vt 0.035834800451993942 0
vt 0.018649822100996971 0
vt 0.035834800451993942 0.25
vt 0.018649822100996971 0.25
vt 0.035834800451993942 0.5
vt 0.018649822100996971 0.5
vt 0.035834800451993942 0.0625
vt 0.035834800451993942 0.125
vt 0.035834800451993942 0.1875
vt 0.035834800451993942 0.3125
vt 0.035834800451993942 0.375
vt 0.035834800451993942 0.4375
vt 0.018649822100996971 0.4375
vt 0.018649822100996971 0.375
vt 0.018649822100996971 0.3125
vt 0.018649822100996971 0.1875
vt 0.018649822100996971 0.125
vt 0.018649822100996971 0.0625
vt 0.96840506792068481 0.5
vt 0.074599288403987885 0.5
vt 0.96840506792068481 0.99853515625
vt 0.074599288403987885 0.99853515625
vt 0.96840506792068481 0.56231689453125
vt 0.96840506792068481 0.6246337890625
vt 0.96840506792068481 0.68695068359375
vt 0.96840506792068481 0.749267578125
vt 0.96840506792068481 0.81158447265625
vt 0.96840506792068481 0.8739013671875
vt 0.96840506792068481 0.93621826171875
vt 0.52150219678878784 0.99853515625
vt 0.074599288403987885 0.749267578125
vt 0.52150219678878784 0.5
vt 0.52150219678878784 0.749267578125
vt 0.74495363235473633 0.749267578125
vt 0.52150219678878784 0.6246337890625
vt 0.74495363235473633 0.6246337890625
vt 0.85667937994003296 0.6246337890625
vt 0.74495363235473633 0.56231689453125
vt 0.85667937994003296 0.56231689453125
vt 0.85667937994003296 0.749267578125
vt 0.74495363235473633 0.68695068359375
vt 0.85667937994003296 0.68695068359375
vt 0.52150219678878784 0.8739013671875
vt 0.74495363235473633 0.8739013671875
vt 0.85667937994003296 0.8739013671875
vt 0.74495363235473633 0.81158447265625
vt 0.85667937994003296 0.81158447265625
vt 0.74495363235473633 0.93621826171875
vt 0.85667937994003296 0.93621826171875
vt 0.90456181764602661 0.99853515625
vt 0.84071856737136841 0.99853515625
vt 0.77687525749206543 0.99853515625
vt 0.71303200721740723 0.99853515625
vt 0.64918875694274902 0.99853515625
vt 0.58534544706344604 0.99853515625
vt 0.45765888690948486 0.99853515625
vt 0.39381566643714905 0.99853515625
vt 0.32997235655784607 0.99853515625
vt 0.26612910628318787 0.99853515625
vt 0.20228582620620728 0.99853515625
vt 0.13844257593154907 0.99853515625
vt 0.52150219678878784 0.93621826171875
vt 0.63322794437408447 0.8739013671875
vt 0.63322794437408447 0.93621826171875
vt 0.074599288403987885 0.8739013671875
vt 0.29805073142051697 0.749267578125
vt 0.29805073142051697 0.8739013671875
vt 0.29805073142051697 0.93621826171875
vt 0.4097764790058136 0.8739013671875
vt 0.4097764790058136 0.93621826171875
vt 0.074599288403987885 0.93621826171875
vt 0.18632501363754272 0.8739013671875
vt 0.18632501363754272 0.93621826171875
vt 0.13844257593154907 0.5
vt 0.20228582620620728 0.5
vt 0.26612910628318787 0.5
vt 0.32997235655784607 0.5
vt 0.39381566643714905 0.5
vt 0.45765888690948486 0.5
vt 0.58534544706344604 0.5
vt 0.64918875694274902 0.5
vt 0.71303200721740723 0.5
vt 0.77687525749206543 0.5
vt 0.84071856737136841 0.5
vt 0.90456181764602661 0.5
vt 0.074599288403987885 0.6246337890625
vt 0.29805073142051697 0.6246337890625
vt 0.18632501363754272 0.6246337890625
vt 0.074599288403987885 0.56231689453125
vt 0.29805073142051697 0.56231689453125
vt 0.18632501363754272 0.56231689453125
vt 0.4097764790058136 0.6246337890625
vt 0.52150219678878784 0.56231689453125
vt 0.4097764790058136 0.56231689453125
vt 0.63322794437408447 0.6246337890625
vt 0.63322794437408447 0.56231689453125
vt 0.074599288403987885 0.81158447265625
vt 0.074599288403987885 0.68695068359375
vt 0.18632501363754272 0.749267578125
vt 0.29805073142051697 0.81158447265625
vt 0.18632501363754272 0.81158447265625
vt 0.29805073142051697 0.68695068359375
vt 0.18632501363754272 0.68695068359375
vt 0.017184978350996971 0
vt 0 0
vt 0.017184978350996971 0.25
vt 0 0.25
vt 0.017184978350996971 0.5
vt 0 0.5
vt 0.017184978350996971 0.0625
vt 0.017184978350996971 0.125
vt 0.017184978350996971 0.1875
vt 0.017184978350996971 0.3125
vt 0.017184978350996971 0.375
vt 0.017184978350996971 0.4375
vt 0 0.4375
vt 0 0.375
vt 0 0.3125
vt 0 0.1875
vt 0 0.125
vt 0 0.0625
vt 0.96840506792068481 0
vt 0.074599288403987885 0
vt 0.96840506792068481 0.49853515625
vt 0.074599288403987885 0.49853515625
vt 0.074599288403987885 0.43621826171875
vt 0.074599288403987885 0.3739013671875
vt 0.074599288403987885 0.31158447265625
vt 0.074599288403987885 0.249267578125
vt 0.074599288403987885 0.18695068359375
vt 0.074599288403987885 0.1246337890625
vt 0.074599288403987885 0.06231689453125
vt 0.52150219678878784 0.49853515625
vt 0.52150219678878784 0
vt 0.96840506792068481 0.249267578125
vt 0.52150219678878784 0.249267578125
vt 0.29805073142051697 0.249267578125
vt 0.52150219678878784 0.3739013671875
vt 0.29805073142051697 0.3739013671875
vt 0.18632501363754272 0.3739013671875
vt 0.29805073142051697 0.43621826171875
vt 0.18632501363754272 0.43621826171875
vt 0.18632501363754272 0.249267578125
vt 0.29805073142051697 0.31158447265625
vt 0.18632501363754272 0.31158447265625
vt 0.52150219678878784 0.1246337890625
vt 0.29805073142051697 0.1246337890625
vt 0.18632501363754272 0.1246337890625
vt 0.29805073142051697 0.18695068359375
vt 0.18632501363754272 0.18695068359375
vt 0.29805073142051697 0.06231689453125
vt 0.18632501363754272 0.06231689453125
vt 0.13844257593154907 0
vt 0.20228582620620728 0
vt 0.26612910628318787 0
vt 0.32997235655784607 0
vt 0.39381566643714905 0
vt 0.45765888690948486 0
vt 0.58534544706344604 0
vt 0.64918875694274902 0
vt 0.71303200721740723 0
vt 0.77687525749206543 0
vt 0.84071856737136841 0
vt 0.90456181764602661 0
vt 0.4097764790058136 0.1246337890625
vt 0.52150219678878784 0.06231689453125
vt 0.4097764790058136 0.06231689453125
vt 0.74495363235473633 0.249267578125
vt 0.96840506792068481 0.1246337890625
vt 0.74495363235473633 0.1246337890625
vt 0.63322794437408447 0.1246337890625
vt 0.74495363235473633 0.06231689453125
vt 0.63322794437408447 0.06231689453125
vt 0.85667937994003296 0.1246337890625
vt 0.85667937994003296 0.06231689453125
vt 0.90456181764602661 0.49853515625
vt 0.84071856737136841 0.49853515625
vt 0.77687525749206543 0.49853515625
vt 0.71303200721740723 0.49853515625
vt 0.64918875694274902 0.49853515625
vt 0.58534544706344604 0.49853515625
vt 0.45765888690948486 0.49853515625
vt 0.39381566643714905 0.49853515625
vt 0.32997235655784607 0.49853515625
vt 0.26612910628318787 0.49853515625
vt 0.20228582620620728 0.49853515625
vt 0.13844257593154907 0.49853515625
vt 0.96840506792068481 0.3739013671875
vt 0.74495363235473633 0.3739013671875
vt 0.74495363235473633 0.43621826171875
vt 0.85667937994003296 0.3739013671875
vt 0.96840506792068481 0.43621826171875
vt 0.85667937994003296 0.43621826171875
vt 0.52150219678878784 0.43621826171875
vt 0.63322794437408447 0.3739013671875
vt 0.63322794437408447 0.43621826171875
vt 0.4097764790058136 0.3739013671875
vt 0.4097764790058136 0.43621826171875
vt 0.96840506792068481 0.06231689453125
vt 0.96840506792068481 0.18695068359375
vt 0.96840506792068481 0.31158447265625
vt 0.85667937994003296 0.249267578125
vt 0.74495363235473633 0.18695068359375
vt 0.85667937994003296 0.18695068359375
vt 0.74495363235473633 0.31158447265625
vt 0.85667937994003296 0.31158447265625
vt 0.073134444653987885 0
vt 0.055949464440345764 0
vt 0.073134444653987885 0.44763532280921936
vt 0.055949464440345764 0.44763532280921936
vt 0.073134444653987885 0.89527064561843872
vt 0.055949464440345764 0.89527064561843872
vt 0.073134444653987885 0.063947908580303192
vt 0.073134444653987885 0.12789581716060638
vt 0.073134444653987885 0.19184371829032898
vt 0.073134444653987885 0.25579163432121277
vt 0.073134444653987885 0.31973952054977417
vt 0.073134444653987885 0.38368743658065796
vt 0.073134444653987885 0.51158326864242554
vt 0.073134444653987885 0.57553112506866455
vt 0.073134444653987885 0.63947904109954834
vt 0.073134444653987885 0.70342689752578735
vt 0.073134444653987885 0.76737487316131592
vt 0.073134444653987885 0.83132272958755493
vt 0.055949464440345764 0.83132272958755493
vt 0.055949464440345764 0.76737487316131592
vt 0.055949464440345764 0.70342689752578735
vt 0.055949464440345764 0.63947904109954834
vt 0.055949464440345764 0.57553112506866455
vt 0.055949464440345764 0.51158326864242554
vt 0.055949464440345764 0.38368743658065796
vt 0.055949464440345764 0.31973952054977417
vt 0.055949464440345764 0.25579163432121277
vt 0.055949464440345764 0.19184371829032898
vt 0.055949464440345764 0.12789581716060638
vt 0.055949464440345764 0.063947908580303192
vt 0.054484620690345764 0
vt 0.037299644201993942 0
vt 0.054484620690345764 0.44763532280921936
vt 0.037299644201993942 0.44763532280921936
vt 0.054484620690345764 0.89527064561843872
vt 0.037299644201993942 0.89527064561843872
vt 0.054484620690345764 0.063947908580303192
vt 0.054484620690345764 0.12789581716060638
vt 0.054484620690345764 0.19184371829032898
vt 0.054484620690345764 0.25579163432121277
vt 0.054484620690345764 0.31973952054977417
vt 0.054484620690345764 0.38368743658065796
vt 0.054484620690345764 0.51158326864242554
vt 0.054484620690345764 0.57553112506866455
vt 0.054484620690345764 0.63947904109954834
vt 0.054484620690345764 0.70342689752578735
vt 0.054484620690345764 0.76737487316131592
vt 0.054484620690345764 0.83132272958755493
vt 0.037299644201993942 0.83132272958755493
vt 0.037299644201993942 0.76737487316131592
vt 0.037299644201993942 0.70342689752578735
vt 0.037299644201993942 0.63947904109954834
vt 0.037299644201993942 0.57553112506866455
vt 0.037299644201993942 0.51158326864242554
vt 0.037299644201993942 0.38368743658065796
vt 0.037299644201993942 0.31973952054977417
vt 0.037299644201993942 0.25579163432121277
vt 0.037299644201993942 0.19184371829032898
vt 0.037299644201993942 0.12789581716060638
vt 0.037299644201993942 0.063947908580303192
vn 0 0 1
vn 0 0 1
vn 0 0 1
vn 0 0 1
vn 0 0 1
vn 0 0 1
vn 0 0 1
vn 0 0 1
vn 0 0 1
vn 0 0 1
vn 0 0 1
vn 0 0 1
vn 0 0 1
vn 0 0 1
vn 0 0 1
vn 0 0 1
vn 0 0 1
vn 0 0 1
vn 0 1 0
vn 0 1 0
vn 0 1 0
vn 0 1 0
vn 0 1 0
vn 0 1 0
vn 0 1 0
vn 0 1 0
vn 0 1 0
vn 0 1 0
vn 0 1 0
vn 0 1 0
vn 0 1 0
vn 0 1 0
vn 0 1 0
vn 0 1 0
vn 0 1 0
vn 0 1 0
vn 0 1 0
vn 0 1 0
vn 0 1 0
vn 0 1 0
vn 0 1 0
vn 0 1 0
vn 0 1 0
vn 0 1 0
vn 0 1 0
vn 0 1 0
vn 0 1 0
vn 0 1 0
vn 0 1 0
vn 0 1 0
vn 0 1 0
vn 0 1 0
vn 0 1 0
vn 0 1 0
vn 0 1 0
vn 0 1 0
vn 0 1 0
vn 0 1 0
vn 0 1 0
vn 0 1 0
vn 0 1 0
vn 0 1 0
vn 0 1 0
vn 0 1 0
vn 0 1 0
vn 0 1 0
vn 0 1 0
vn 0 1 0
vn 0 1 0
vn 0 1 0
vn 0 1 0
vn 0 1 0
vn 0 1 0
vn 0 1 0
vn 0 1 0
vn 0 1 0
vn 0 1 0
vn 0 1 0
vn 0 1 0
vn 0 1 0
vn 0 1 0
vn 0 1 0
vn 0 1 0
vn 0 1 0
vn 0 1 0
vn 0 1 0
vn 0 1 0
vn 0 1 0
vn 0 1 0
vn 0 1 0
vn 0 1 0
vn 0 1 0
vn 0 1 0
vn 0 1 0
vn 0 1 0
vn 0 1 0
vn 0 1 0
vn 0 1 0
vn 0 1 0
vn 0 1 0
vn 0 1 0
vn 0 1 0
vn 0 1 0
vn 0 0 -1
vn 0 0 -1
vn 0 0 -1
vn 0 0 -1
vn 0 0 -1
vn 0 0 -1
vn 0 0 -1
vn 0 0 -1
vn 0 0 -1
vn 0 0 -1
vn 0 0 -1
vn 0 0 -1
vn 0 0 -1
vn 0 0 -1
vn 0 0 -1
vn 0 0 -1
vn 0 0 -1
vn 0 0 -1
vn 0 -1 0
vn 0 -1 0
vn 0 -1 0
vn 0 -1 0
vn 0 -1 0
vn 0 -1 0
vn 0 -1 0
vn 0 -1 0
vn 0 -1 0
vn 0 -1 0
vn 0 -1 0
vn 0 -1 0
vn 0 -1 0
vn 0 -1 0
vn 0 -1 0
vn 0 -1 0
vn 0 -1 0
vn 0 -1 0
vn 0 -1 0
vn 0 -1 0
vn 0 -1 0
vn 0 -1 0
vn 0 -1 0
vn 0 -1 0
vn 0 -1 0
vn 0 -1 0
vn 0 -1 0
vn 0 -1 0
vn 0 -1 0
vn 0 -1 0
vn 0 -1 0
vn 0 -1 0
vn 0 -1 0
vn 0 -1 0
vn 0 -1 0
vn 0 -1 0
vn 0 -1 0
vn 0 -1 0
vn 0 -1 0
vn 0 -1 0
vn 0 -1 0
vn 0 -1 0
vn 0 -1 0
vn 0 -1 0
vn 0 -1 0
vn 0 -1 0
vn 0 -1 0
vn 0 -1 0
vn 0 -1 0
vn 0 -1 0
vn 0 -1 0
vn 0 -1 0
vn 0 -1 0
vn 0 -1 0
vn 0 -1 0
vn 0 -1 0
vn 0 -1 0
vn 0 -1 0
vn 0 -1 0
vn 0 -1 0
vn 0 -1 0
vn 0 -1 0
vn 0 -1 0
vn 0 -1 0
vn 0 -1 0
vn 0 -1 0
vn 0 -1 0
vn 0 -1 0
vn 0 -1 0
vn 0 -1 0
vn 0 -1 0
vn 0 -1 0
vn 0 -1 0
vn 0 -1 0
vn 0 -1 0
vn 0 -1 0
vn 0 -1 0
vn 0 -1 0
vn 0 -1 0
vn 0 -1 0
vn 0 -1 0
vn 0 -1 0
vn 0 -1 0
vn 0 -1 0
vn 0 -1 0
vn 1 0 0
vn 1 0 0
vn 1 0 0
vn 1 0 0
vn 1 0 0
vn 1 0 0
vn 1 0 0
vn 1 0 0
vn 1 0 0
vn 1 0 0
vn 1 0 0
vn 1 0 0
vn 1 0 0
vn 1 0 0
vn 1 0 0
vn 1 0 0
vn 1 0 0
vn 1 0 0
vn 1 0 0
vn 1 0 0
vn 1 0 0
vn 1 0 0
vn 1 0 0
vn 1 0 0
vn 1 0 0
vn 1 0 0
vn 1 0 0
vn 1 0 0
vn 1 0 0
vn 1 0 0
vn -1 0 0
vn -1 0 0
vn -1 0 0
vn -1 0 0
vn -1 0 0
vn -1 0 0
vn -1 0 0
vn -1 0 0
vn -1 0 0
vn -1 0 0
vn -1 0 0
vn -1 0 0
vn -1 0 0
vn -1 0 0
vn -1 0 0
vn -1 0 0
vn -1 0 0
vn -1 0 0
vn -1 0 0
vn -1 0 0
vn -1 0 0
vn -1 0 0
vn -1 0 0
vn -1 0 0
vn -1 0 0
vn -1 0 0
vn -1 0 0
vn -1 0 0
vn -1 0 0
vn -1 0 0
f 513/513/513 519/519/519 530/530/530 514/514/514
f 520/520/520 521/521/521 528/528/528 529/529/529
f 519/519/519 520/520/520 529/529/529 530/530/530
f 516/516/516 528/528/528 521/521/521 515/515/515
f 523/523/523 526/526/526 527/527/527 522/522/522
f 517/517/517 518/518/518 525/525/525 524/524/524
f 524/524/524 525/525/525 526/526/526 523/523/523
f 522/522/522 527/527/527 516/516/516 515/515/515
f 585/585/585 584/584/584 579/579/579 580/580/580
f 613/613/613 611/611/611 578/578/578 612/612/612
f 584/584/584 613/613/613 612/612/612 579/579/579
f 581/581/581 579/579/579 612/612/612
f 612/612/612 578/578/578 545/545/545
f 545/545/545 555/555/555 581/581/581
f 581/581/581 612/612/612 545/545/545
f 580/580/580 579/579/579 581/581/581 582/582/582
f 582/582/582 581/581/581 555/555/555 574/574/574
f 615/615/615 600/600/600 599/599/599 614/614/614
f 611/611/611 615/615/615 614/614/614 578/578/578
f 600/600/600 603/603/603 602/602/602 599/599/599
f 599/599/599 602/602/602 606/606/606 604/604/604
f 604/604/604 606/606/606 605/605/605 547/547/547
f 614/614/614 599/599/599 604/604/604
f 604/604/604 547/547/547 545/545/545
f 545/545/545 578/578/578 614/614/614
f 614/614/614 604/604/604 545/545/545
f 607/607/607 548/548/548 553/553/553
f 553/553/553 546/546/546 545/545/545
f 545/545/545 547/547/547 607/607/607
f 607/607/607 553/553/553 545/545/545
f 547/547/547 605/605/605 608/608/608 607/607/607
f 607/607/607 608/608/608 550/550/550 548/548/548
f 548/548/548 550/550/550 551/551/551 549/549/549
f 546/546/546 553/553/553 554/554/554 552/552/552
f 553/553/553 548/548/548 549/549/549 554/554/554
f 574/574/574 555/555/555 575/575/575 576/576/576
f 576/576/576 575/575/575 556/556/556 560/560/560
f 558/558/558 556/556/556 575/575/575
f 575/575/575 555/555/555 545/545/545
f 545/545/545 546/546/546 558/558/558
f 558/558/558 575/575/575 545/545/545
f 556/556/556 558/558/558 559/559/559 557/557/557
f 558/558/558 546/546/546 552/552/552 559/559/559
f 560/560/560 556/556/556 557/557/557 561/561/561
f 535/535/535 597/597/597 531/531/531
f 595/595/595 596/596/596 551/551/551 550/550/550
f 596/596/596 597/597/597 551/551/551
f 595/595/595 550/550/550 594/594/594
f 593/593/593 608/608/608 592/592/592
f 593/593/593 594/594/594 550/550/550 608/608/608
f 535/535/535 551/551/551 597/597/597
f 549/549/549 551/551/551 535/535/535 536/536/536
f 537/537/537 554/554/554 549/549/549 536/536/536
f 538/538/538 552/552/552 554/554/554 537/537/537
f 552/552/552 538/538/538 539/539/539 559/559/559
f 608/608/608 605/605/605 544/544/544 592/592/592
f 605/605/605 591/591/591 544/544/544
f 606/606/606 589/589/589 590/590/590
f 590/590/590 591/591/591 606/606/606
f 587/587/587 588/588/588 602/602/602 603/603/603
f 601/601/601 532/532/532 586/586/586
f 586/586/586 587/587/587 603/603/603
f 588/588/588 589/589/589 602/602/602
f 591/591/591 605/605/605 606/606/606
f 589/589/589 606/606/606 602/602/602
f 600/600/600 598/598/598 601/601/601 603/603/603
f 610/610/610 598/598/598 600/600/600 615/615/615
f 615/615/615 611/611/611 543/543/543 610/610/610
f 586/586/586 603/603/603 601/601/601
f 559/559/559 539/539/539 540/540/540 557/557/557
f 541/541/541 561/561/561 557/557/557 540/540/540
f 576/576/576 560/560/560 565/565/565 566/566/566
f 560/560/560 561/561/561 563/563/563 564/564/564
f 561/561/561 541/541/541 533/533/533 562/562/562
f 562/562/562 563/563/563 561/561/561
f 564/564/564 565/565/565 560/560/560
f 576/576/576 566/566/566 567/567/567
f 574/574/574 576/576/576 567/567/567 542/542/542
f 568/568/568 574/574/574 542/542/542
f 613/613/613 609/609/609 543/543/543 611/611/611
f 580/580/580 582/582/582 569/569/569 570/570/570
f 584/584/584 577/577/577 609/609/609 613/613/613
f 577/577/577 584/584/584 585/585/585 583/583/583
f 585/585/585 580/580/580 571/571/571 572/572/572
f 570/570/570 571/571/571 580/580/580
f 583/583/583 585/585/585 573/573/573 534/534/534
f 585/585/585 572/572/572 573/573/573
f 568/568/568 569/569/569 582/582/582
f 568/568/568 582/582/582 574/574/574
f 616/616/616 622/622/622 633/633/633 617/617/617
f 624/624/624 631/631/631 632/632/632 623/623/623
f 622/622/622 623/623/623 632/632/632 633/633/633
f 618/618/618 619/619/619 631/631/631 624/624/624
f 626/626/626 629/629/629 630/630/630 625/625/625
f 620/620/620 621/621/621 628/628/628 627/627/627
f 627/627/627 628/628/628 629/629/629 626/626/626
f 625/625/625 630/630/630 619/619/619 618/618/618
f 654/654/654 652/652/652 651/651/651 653/653/653
f 657/657/657 655/655/655 649/649/649 656/656/656
f 652/652/652 657/657/657 656/656/656 651/651/651
f 709/709/709 651/651/651 656/656/656
f 656/656/656 649/649/649 648/648/648
f 648/648/648 650/650/650 709/709/709
f 709/709/709 656/656/656 648/648/648
f 653/653/653 651/651/651 709/709/709 710/710/710
f 710/710/710 709/709/709 650/650/650 706/706/706
f 662/662/662 660/660/660 659/659/659 661/661/661
f 655/655/655 662/662/662 661/661/661 649/649/649
f 660/660/660 664/664/664 663/663/663 659/659/659
f 659/659/659 663/663/663 679/679/679 677/677/677
f 677/677/677 679/679/679 678/678/678 658/658/658
f 661/661/661 659/659/659 677/677/677
f 677/677/677 658/658/658 648/648/648
f 648/648/648 649/649/649 661/661/661
f 661/661/661 677/677/677 648/648/648
f 683/683/683 682/682/682 715/715/715
f 715/715/715 680/680/680 648/648/648
f 648/648/648 658/658/658 683/683/683
f 683/683/683 715/715/715 648/648/648
f 658/658/658 678/678/678 685/685/685 683/683/683
f 683/683/683 685/685/685 684/684/684 682/682/682
f 682/682/682 684/684/684 687/687/687 686/686/686
f 680/680/680 715/715/715 716/716/716 714/714/714
f 715/715/715 682/682/682 686/686/686 716/716/716
f 706/706/706 650/650/650 707/707/707 708/708/708
f 708/708/708 707/707/707 701/701/701 702/702/702
f 717/717/717 701/701/701 707/707/707
f 707/707/707 650/650/650 648/648/648
f 648/648/648 680/680/680 717/717/717
f 717/717/717 707/707/707 648/648/648
f 701/701/701 717/717/717 718/718/718 703/703/703
f 717/717/717 680/680/680 714/714/714 718/718/718
f 702/702/702 701/701/701 703/703/703 705/705/705
f 711/711/711 676/676/676 634/634/634
f 674/674/674 675/675/675 687/687/687 684/684/684
f 675/675/675 676/676/676 687/687/687
f 674/674/674 684/684/684 673/673/673
f 672/672/672 685/685/685 671/671/671
f 685/685/685 672/672/672 673/673/673
f 711/711/711 687/687/687 676/676/676
f 686/686/686 687/687/687 711/711/711 681/681/681
f 712/712/712 716/716/716 686/686/686 681/681/681
f 647/647/647 714/714/714 716/716/716 712/712/712
f 673/673/673 684/684/684 685/685/685
f 714/714/714 647/647/647 713/713/713 718/718/718
f 685/685/685 678/678/678 646/646/646 671/671/671
f 678/678/678 670/670/670 646/646/646
f 668/668/668 669/669/669 679/679/679 663/663/663
f 669/669/669 670/670/670 679/679/679
f 666/666/666 667/667/667 663/663/663 664/664/664
f 644/644/644 635/635/635 665/665/665
f 665/665/665 666/666/666 664/664/664
f 667/667/667 668/668/668 663/663/663
f 670/670/670 678/678/678 679/679/679
f 660/660/660 643/643/643 644/644/644 664/664/664
f 642/642/642 643/643/643 660/660/660 662/662/662
f 662/662/662 655/655/655 641/641/641 642/642/642
f 665/665/665 664/664/664 644/644/644
f 718/718/718 713/713/713 700/700/700 703/703/703
f 704/704/704 705/705/705 703/703/703 700/700/700
f 708/708/708 702/702/702 691/691/691 692/692/692
f 702/702/702 705/705/705 689/689/689 690/690/690
f 705/705/705 704/704/704 636/636/636 688/688/688
f 688/688/688 689/689/689 705/705/705
f 690/690/690 691/691/691 702/702/702
f 708/708/708 692/692/692 693/693/693
f 706/706/706 708/708/708 693/693/693 645/645/645
f 694/694/694 706/706/706 645/645/645
f 657/657/657 640/640/640 641/641/641 655/655/655
f 653/653/653 710/710/710 695/695/695 696/696/696
f 652/652/652 639/639/639 640/640/640 657/657/657
f 639/639/639 652/652/652 654/654/654 638/638/638
f 654/654/654 653/653/653 697/697/697 698/698/698
f 696/696/696 697/697/697 653/653/653
f 638/638/638 654/654/654 699/699/699 637/637/637
f 654/654/654 698/698/698 699/699/699
f 694/694/694 695/695/695 710/710/710
f 694/694/694 710/710/710 706/706/706
f 719/719/719 725/725/725 748/748/748 720/720/720
f 725/725/725 726/726/726 747/747/747 748/748/748
f 727/727/727 728/728/728 745/745/745 746/746/746
f 729/729/729 730/730/730 743/743/743 744/744/744
f 729/729/729 744/744/744 745/745/745 728/728/728
f 726/726/726 727/727/727 746/746/746 747/747/747
f 722/722/722 743/743/743 730/730/730 721/721/721
f 731/731/731 732/732/732 741/741/741 742/742/742
f 733/733/733 740/740/740 741/741/741 732/732/732
f 735/735/735 738/738/738 739/739/739 734/734/734
f 723/723/723 724/724/724 737/737/737 736/736/736
f 736/736/736 737/737/737 738/738/738 735/735/735
f 734/734/734 739/739/739 740/740/740 733/733/733
f 742/742/742 722/722/722 721/721/721 731/731/731
f 755/755/755 778/778/778 750/750/750 749/749/749
f 755/755/755 756/756/756 777/777/777 778/778/778
f 758/758/758 775/775/775 776/776/776 757/757/757
f 760/760/760 773/773/773 774/774/774 759/759/759
f 759/759/759 774/774/774 775/775/775 758/758/758
f 756/756/756 757/757/757 776/776/776 777/777/777
f 751/751/751 752/752/752 773/773/773 760/760/760
f 761/761/761 762/762/762 771/771/771 772/772/772
f 763/763/763 770/770/770 771/771/771 762/762/762
f 765/765/765 768/768/768 769/769/769 764/764/764
f 753/753/753 754/754/754 767/767/767 766/766/766
f 766/766/766 767/767/767 768/768/768 765/765/765
f 764/764/764 769/769/769 770/770/770 763/763/763
f 772/772/772 752/752/752 751/751/751 761/761/761
